# Image Size: 128x128
# Format: (R, G, B) per line
(190, 207, 216)
(189, 208, 217)
(191, 211, 220)
(190, 209, 218)
(194, 212, 222)
(190, 209, 217)
(194, 215, 222)
(188, 212, 216)
(195, 212, 219)
(199, 210, 219)
(199, 213, 221)
(194, 212, 218)
(197, 215, 222)
(196, 214, 221)
(198, 214, 222)
(199, 217, 224)
(199, 220, 224)
(200, 221, 227)
(198, 217, 224)
(201, 219, 230)
(200, 217, 228)
(203, 222, 229)
(202, 219, 226)
(203, 220, 227)
(205, 220, 227)
(208, 223, 230)
(208, 223, 230)
(206, 223, 230)
(208, 224, 230)
(213, 225, 233)
(210, 221, 230)
(210, 223, 231)
(208, 224, 231)
(206, 223, 230)
(212, 227, 238)
(208, 222, 233)
(210, 226, 235)
(204, 221, 227)
(213, 228, 234)
(209, 226, 232)
(207, 227, 232)
(210, 223, 231)
(212, 226, 233)
(210, 225, 230)
(210, 225, 232)
(213, 227, 236)
(215, 227, 236)
(220, 232, 237)
(88, 91, 89)
(84, 79, 74)
(100, 88, 78)
(117, 99, 90)
(132, 112, 105)
(139, 117, 107)
(151, 127, 113)
(160, 133, 116)
(166, 139, 122)
(167, 142, 128)
(177, 154, 143)
(188, 164, 154)
(193, 171, 160)
(192, 169, 160)
(196, 171, 166)
(196, 172, 163)
(188, 167, 154)
(192, 174, 162)
(193, 176, 168)
(191, 176, 168)
(178, 162, 154)
(180, 162, 152)
(187, 172, 161)
(186, 172, 162)
(188, 171, 163)
(186, 168, 158)
(192, 175, 165)
(193, 176, 166)
(199, 180, 171)
(199, 178, 174)
(199, 178, 177)
(198, 177, 176)
(200, 181, 178)
(201, 184, 177)
(201, 181, 178)
(196, 177, 172)
(194, 178, 169)
(196, 182, 171)
(196, 180, 172)
(199, 181, 177)
(197, 173, 171)
(193, 174, 169)
(197, 180, 172)
(190, 173, 162)
(184, 166, 154)
(187, 166, 155)
(184, 163, 151)
(180, 162, 150)
(179, 159, 148)
(171, 157, 143)
(162, 151, 139)
(164, 146, 136)
(164, 137, 130)
(163, 133, 126)
(159, 131, 123)
(162, 139, 125)
(173, 151, 136)
(178, 153, 140)
(186, 161, 149)
(188, 165, 154)
(193, 172, 162)
(198, 179, 170)
(199, 177, 170)
(204, 183, 171)
(210, 192, 175)
(215, 198, 180)
(212, 194, 179)
(215, 197, 185)
(218, 202, 189)
(213, 204, 186)
(214, 202, 186)
(218, 202, 187)
(217, 198, 184)
(216, 197, 183)
(216, 199, 182)
(208, 189, 174)
(204, 180, 168)
(179, 166, 151)
(127, 133, 127)
(118, 130, 136)
(189, 207, 215)
(188, 208, 216)
(191, 212, 220)
(190, 210, 218)
(193, 212, 220)
(191, 210, 216)
(192, 213, 219)
(189, 213, 218)
(196, 214, 221)
(197, 210, 219)
(196, 212, 220)
(194, 213, 220)
(197, 216, 223)
(198, 215, 223)
(199, 216, 224)
(199, 218, 224)
(197, 218, 223)
(196, 217, 223)
(196, 215, 223)
(202, 220, 230)
(201, 218, 228)
(204, 221, 229)
(203, 220, 228)
(205, 222, 229)
(205, 221, 228)
(206, 222, 229)
(205, 221, 228)
(206, 224, 231)
(205, 222, 229)
(209, 222, 230)
(209, 222, 230)
(210, 223, 231)
(209, 225, 232)
(206, 223, 230)
(210, 225, 235)
(209, 225, 234)
(209, 226, 233)
(210, 226, 232)
(213, 228, 233)
(209, 226, 230)
(207, 226, 230)
(208, 224, 230)
(209, 225, 231)
(209, 225, 230)
(209, 225, 232)
(212, 226, 235)
(214, 224, 232)
(226, 235, 241)
(71, 72, 68)
(88, 82, 74)
(109, 96, 85)
(122, 104, 93)
(134, 114, 104)
(143, 122, 110)
(151, 127, 113)
(160, 132, 115)
(165, 138, 123)
(164, 139, 127)
(167, 145, 133)
(181, 159, 148)
(187, 164, 154)
(188, 165, 156)
(190, 165, 158)
(190, 167, 156)
(185, 163, 150)
(186, 166, 155)
(186, 167, 159)
(189, 173, 165)
(183, 166, 157)
(180, 161, 151)
(184, 167, 158)
(183, 167, 158)
(184, 166, 158)
(183, 163, 155)
(187, 169, 160)
(187, 170, 161)
(193, 175, 166)
(195, 176, 170)
(198, 177, 174)
(200, 179, 177)
(196, 177, 173)
(195, 176, 169)
(193, 173, 168)
(193, 172, 167)
(187, 168, 159)
(191, 175, 165)
(190, 173, 165)
(190, 170, 166)
(192, 168, 164)
(189, 170, 163)
(187, 170, 162)
(184, 167, 157)
(184, 166, 155)
(181, 160, 149)
(179, 158, 147)
(176, 156, 146)
(174, 153, 142)
(164, 146, 134)
(156, 142, 129)
(152, 133, 121)
(161, 134, 125)
(164, 136, 126)
(154, 130, 119)
(161, 139, 124)
(170, 148, 133)
(175, 151, 138)
(183, 159, 146)
(190, 167, 155)
(195, 174, 163)
(202, 183, 173)
(202, 181, 172)
(209, 188, 176)
(209, 190, 174)
(211, 193, 177)
(211, 193, 180)
(217, 199, 187)
(219, 202, 190)
(217, 207, 190)
(215, 202, 186)
(217, 199, 185)
(214, 195, 181)
(216, 197, 183)
(213, 196, 179)
(210, 191, 176)
(202, 181, 169)
(174, 163, 150)
(127, 132, 129)
(117, 129, 136)
(190, 210, 217)
(185, 208, 214)
(189, 213, 219)
(192, 212, 219)
(195, 214, 220)
(193, 213, 219)
(194, 216, 220)
(190, 215, 220)
(192, 214, 220)
(195, 212, 220)
(197, 215, 223)
(193, 212, 219)
(200, 216, 224)
(197, 211, 220)
(198, 217, 224)
(198, 218, 224)
(197, 218, 223)
(196, 217, 223)
(199, 218, 226)
(201, 219, 229)
(203, 220, 230)
(203, 220, 229)
(201, 218, 226)
(204, 221, 228)
(203, 222, 227)
(205, 224, 228)
(204, 223, 227)
(204, 224, 229)
(204, 223, 229)
(207, 223, 230)
(210, 223, 231)
(209, 224, 231)
(208, 225, 232)
(206, 223, 231)
(210, 226, 233)
(209, 225, 232)
(209, 227, 232)
(209, 225, 230)
(213, 228, 231)
(209, 224, 227)
(209, 227, 229)
(209, 227, 231)
(210, 229, 233)
(208, 227, 231)
(207, 224, 231)
(214, 227, 235)
(218, 227, 234)
(150, 155, 159)
(84, 81, 75)
(99, 89, 78)
(118, 106, 91)
(131, 115, 100)
(136, 119, 106)
(145, 124, 110)
(153, 129, 114)
(161, 132, 117)
(164, 136, 122)
(164, 139, 126)
(163, 139, 127)
(177, 155, 143)
(185, 163, 151)
(186, 162, 151)
(183, 161, 149)
(185, 163, 149)
(183, 161, 147)
(179, 158, 148)
(186, 166, 159)
(187, 168, 161)
(183, 164, 155)
(173, 152, 143)
(179, 160, 151)
(180, 161, 154)
(174, 154, 148)
(177, 156, 151)
(180, 160, 154)
(184, 166, 159)
(188, 171, 162)
(192, 173, 167)
(194, 175, 170)
(194, 173, 169)
(194, 174, 167)
(190, 170, 161)
(189, 167, 159)
(189, 166, 157)
(186, 166, 156)
(190, 172, 162)
(184, 167, 159)
(187, 168, 161)
(188, 166, 157)
(185, 166, 158)
(183, 166, 157)
(184, 167, 157)
(184, 165, 156)
(179, 158, 148)
(175, 152, 144)
(170, 148, 141)
(169, 146, 136)
(159, 138, 127)
(152, 133, 121)
(152, 130, 118)
(156, 129, 118)
(159, 134, 121)
(152, 132, 117)
(163, 142, 126)
(166, 144, 128)
(175, 152, 136)
(182, 158, 145)
(190, 167, 154)
(197, 176, 164)
(202, 184, 172)
(200, 183, 170)
(208, 190, 177)
(207, 189, 176)
(205, 187, 174)
(209, 191, 180)
(213, 196, 185)
(214, 200, 187)
(215, 203, 187)
(217, 203, 188)
(218, 200, 186)
(218, 200, 186)
(212, 193, 178)
(209, 192, 176)
(206, 189, 173)
(195, 180, 167)
(158, 149, 144)
(126, 130, 134)
(120, 131, 137)
(189, 211, 219)
(188, 212, 219)
(188, 213, 220)
(188, 211, 218)
(195, 215, 221)
(193, 214, 219)
(193, 215, 219)
(188, 212, 218)
(193, 216, 222)
(190, 211, 218)
(197, 217, 224)
(195, 213, 221)
(200, 215, 223)
(200, 213, 222)
(195, 215, 222)
(197, 217, 223)
(198, 219, 224)
(198, 218, 225)
(199, 218, 225)
(201, 219, 228)
(204, 221, 230)
(203, 221, 231)
(201, 219, 227)
(204, 222, 229)
(203, 222, 228)
(206, 225, 229)
(203, 222, 226)
(204, 224, 228)
(205, 224, 230)
(207, 223, 230)
(210, 224, 232)
(207, 223, 230)
(208, 224, 232)
(208, 224, 231)
(213, 229, 236)
(209, 226, 233)
(208, 227, 231)
(209, 225, 229)
(213, 228, 231)
(212, 226, 230)
(210, 227, 230)
(208, 226, 229)
(210, 228, 231)
(208, 227, 231)
(209, 227, 233)
(216, 229, 237)
(225, 233, 238)
(72, 76, 78)
(90, 83, 75)
(103, 92, 80)
(118, 105, 90)
(130, 117, 100)
(137, 123, 106)
(147, 130, 114)
(154, 132, 116)
(157, 129, 116)
(161, 135, 121)
(161, 137, 125)
(163, 140, 127)
(169, 147, 134)
(177, 155, 142)
(177, 155, 141)
(175, 155, 140)
(177, 157, 142)
(177, 156, 145)
(175, 154, 145)
(183, 164, 157)
(183, 164, 157)
(176, 155, 147)
(171, 150, 141)
(173, 154, 145)
(173, 154, 147)
(171, 150, 145)
(171, 150, 145)
(173, 152, 147)
(177, 159, 153)
(179, 164, 157)
(186, 169, 162)
(186, 167, 161)
(187, 166, 161)
(182, 162, 154)
(187, 167, 158)
(186, 164, 154)
(186, 163, 154)
(185, 164, 154)
(186, 168, 160)
(181, 164, 156)
(183, 164, 156)
(186, 167, 156)
(181, 164, 154)
(179, 162, 152)
(180, 163, 153)
(179, 159, 150)
(175, 152, 144)
(171, 147, 141)
(163, 141, 136)
(160, 137, 128)
(150, 129, 118)
(144, 122, 111)
(147, 123, 111)
(158, 130, 119)
(159, 134, 120)
(153, 133, 116)
(161, 140, 124)
(167, 145, 129)
(177, 154, 138)
(182, 158, 145)
(190, 168, 155)
(197, 176, 164)
(199, 180, 168)
(197, 183, 167)
(204, 189, 175)
(205, 188, 177)
(205, 187, 177)
(208, 190, 180)
(209, 193, 183)
(208, 195, 182)
(213, 200, 184)
(214, 200, 184)
(216, 199, 184)
(215, 197, 183)
(210, 191, 176)
(209, 190, 174)
(201, 184, 167)
(191, 179, 165)
(146, 141, 140)
(125, 129, 138)
(121, 131, 138)
(189, 212, 221)
(186, 212, 220)
(187, 213, 221)
(187, 210, 218)
(194, 215, 223)
(193, 214, 220)
(193, 215, 220)
(190, 213, 219)
(190, 213, 219)
(190, 213, 219)
(196, 215, 222)
(196, 213, 221)
(201, 214, 223)
(202, 215, 224)
(195, 215, 222)
(197, 217, 224)
(198, 218, 225)
(200, 220, 227)
(200, 219, 226)
(202, 221, 227)
(202, 220, 228)
(202, 222, 231)
(201, 222, 229)
(205, 225, 231)
(203, 223, 228)
(206, 225, 229)
(206, 223, 227)
(205, 224, 229)
(205, 224, 230)
(207, 223, 230)
(210, 225, 232)
(207, 224, 231)
(209, 226, 233)
(207, 223, 230)
(213, 229, 236)
(210, 226, 234)
(207, 226, 231)
(208, 227, 231)
(215, 230, 235)
(212, 226, 231)
(213, 228, 234)
(211, 227, 231)
(210, 227, 229)
(207, 226, 229)
(208, 226, 232)
(215, 228, 234)
(208, 215, 218)
(64, 67, 66)
(90, 83, 73)
(110, 99, 87)
(124, 112, 97)
(131, 120, 103)
(136, 125, 107)
(150, 134, 118)
(154, 134, 119)
(153, 127, 115)
(158, 133, 121)
(159, 137, 125)
(158, 138, 125)
(158, 137, 124)
(167, 147, 133)
(169, 150, 135)
(169, 150, 135)
(170, 152, 137)
(171, 152, 141)
(172, 152, 145)
(178, 159, 154)
(180, 161, 154)
(169, 151, 141)
(166, 146, 136)
(166, 147, 139)
(166, 148, 139)
(167, 147, 141)
(167, 147, 142)
(170, 150, 144)
(174, 156, 150)
(176, 161, 155)
(182, 166, 160)
(183, 164, 158)
(183, 162, 157)
(176, 155, 149)
(188, 167, 161)
(183, 162, 153)
(182, 161, 151)
(183, 163, 154)
(186, 168, 161)
(177, 159, 153)
(180, 162, 154)
(182, 164, 152)
(178, 161, 149)
(172, 155, 144)
(175, 158, 148)
(172, 152, 143)
(169, 146, 140)
(166, 142, 137)
(157, 135, 130)
(150, 129, 120)
(143, 122, 111)
(141, 118, 108)
(147, 121, 112)
(159, 131, 119)
(156, 131, 118)
(153, 131, 115)
(165, 142, 129)
(172, 150, 137)
(178, 154, 141)
(184, 159, 147)
(191, 168, 157)
(193, 172, 161)
(201, 181, 169)
(193, 182, 164)
(200, 185, 171)
(203, 186, 176)
(204, 186, 176)
(205, 187, 176)
(207, 193, 181)
(206, 192, 180)
(210, 195, 181)
(208, 193, 179)
(211, 195, 181)
(209, 191, 177)
(208, 191, 175)
(207, 188, 171)
(198, 182, 162)
(186, 176, 159)
(141, 138, 139)
(126, 129, 141)
(123, 131, 139)
(190, 213, 223)
(186, 211, 221)
(186, 212, 221)
(190, 214, 223)
(194, 215, 224)
(192, 212, 220)
(192, 215, 222)
(193, 213, 220)
(192, 215, 221)
(191, 214, 220)
(198, 217, 224)
(198, 214, 222)
(203, 216, 225)
(198, 213, 222)
(198, 218, 225)
(198, 218, 225)
(199, 219, 226)
(198, 218, 225)
(201, 220, 227)
(203, 222, 228)
(202, 222, 228)
(200, 223, 230)
(199, 222, 228)
(203, 225, 230)
(202, 223, 227)
(207, 225, 229)
(209, 224, 229)
(208, 226, 231)
(207, 226, 232)
(208, 224, 231)
(207, 222, 229)
(208, 225, 232)
(211, 228, 235)
(209, 225, 232)
(214, 228, 237)
(210, 226, 234)
(207, 226, 232)
(211, 229, 234)
(215, 230, 235)
(213, 226, 233)
(215, 229, 237)
(213, 226, 231)
(212, 227, 230)
(211, 227, 232)
(210, 226, 232)
(216, 227, 233)
(137, 141, 142)
(77, 78, 73)
(92, 86, 75)
(112, 101, 89)
(127, 115, 102)
(131, 120, 104)
(138, 127, 109)
(148, 133, 118)
(150, 131, 119)
(152, 130, 116)
(156, 132, 120)
(156, 136, 124)
(152, 134, 121)
(151, 133, 119)
(158, 140, 125)
(168, 149, 134)
(166, 148, 135)
(165, 147, 134)
(166, 148, 136)
(168, 149, 142)
(172, 153, 148)
(173, 156, 149)
(156, 139, 130)
(157, 137, 126)
(159, 142, 132)
(158, 141, 132)
(159, 140, 134)
(164, 145, 139)
(168, 149, 143)
(170, 154, 148)
(169, 153, 148)
(172, 154, 150)
(174, 155, 150)
(176, 155, 150)
(180, 159, 154)
(186, 165, 160)
(179, 159, 151)
(180, 160, 151)
(179, 160, 152)
(180, 162, 156)
(176, 158, 153)
(175, 158, 151)
(173, 158, 147)
(170, 152, 140)
(166, 149, 137)
(165, 147, 136)
(164, 143, 134)
(163, 140, 133)
(159, 133, 127)
(151, 128, 121)
(142, 121, 112)
(135, 114, 104)
(141, 117, 108)
(153, 126, 117)
(155, 126, 117)
(159, 132, 120)
(158, 133, 119)
(169, 145, 135)
(174, 151, 141)
(181, 157, 146)
(184, 160, 149)
(191, 168, 158)
(194, 171, 161)
(194, 172, 163)
(189, 176, 157)
(200, 185, 171)
(202, 185, 175)
(204, 186, 176)
(203, 187, 174)
(206, 190, 177)
(207, 192, 180)
(206, 189, 177)
(206, 189, 177)
(209, 193, 179)
(211, 195, 180)
(207, 190, 173)
(206, 187, 170)
(197, 180, 161)
(180, 171, 154)
(141, 139, 143)
(127, 130, 144)
(123, 130, 139)
(188, 211, 219)
(188, 213, 220)
(188, 214, 222)
(190, 213, 223)
(193, 214, 223)
(192, 212, 221)
(192, 215, 222)
(193, 212, 219)
(196, 216, 223)
(191, 212, 219)
(197, 214, 222)
(199, 213, 222)
(203, 217, 226)
(198, 215, 223)
(198, 218, 225)
(200, 219, 226)
(202, 221, 228)
(203, 222, 229)
(201, 220, 226)
(204, 223, 228)
(201, 220, 226)
(200, 225, 230)
(199, 224, 229)
(201, 225, 229)
(203, 224, 229)
(206, 225, 231)
(208, 224, 231)
(208, 225, 232)
(208, 224, 231)
(208, 223, 230)
(210, 226, 232)
(208, 226, 231)
(210, 228, 233)
(209, 225, 231)
(214, 228, 237)
(209, 225, 233)
(210, 229, 234)
(210, 228, 233)
(215, 230, 236)
(213, 226, 233)
(216, 229, 236)
(216, 226, 232)
(214, 227, 231)
(212, 227, 232)
(213, 227, 234)
(222, 230, 235)
(72, 72, 70)
(82, 76, 69)
(102, 95, 83)
(116, 105, 95)
(128, 114, 104)
(131, 117, 102)
(140, 126, 108)
(142, 126, 112)
(151, 132, 121)
(152, 130, 116)
(155, 133, 120)
(153, 133, 121)
(151, 133, 121)
(145, 127, 114)
(152, 134, 120)
(156, 138, 123)
(159, 138, 127)
(159, 138, 125)
(162, 141, 129)
(169, 149, 139)
(169, 150, 143)
(165, 148, 139)
(145, 127, 117)
(149, 128, 117)
(154, 135, 124)
(155, 138, 127)
(156, 137, 128)
(161, 141, 133)
(160, 141, 133)
(156, 139, 132)
(161, 143, 138)
(162, 143, 137)
(170, 149, 143)
(173, 152, 147)
(177, 157, 151)
(177, 158, 152)
(175, 156, 150)
(175, 156, 149)
(171, 152, 144)
(173, 154, 146)
(169, 151, 145)
(168, 151, 144)
(167, 152, 142)
(163, 145, 133)
(157, 139, 127)
(154, 135, 124)
(151, 129, 120)
(157, 131, 123)
(149, 122, 113)
(141, 116, 105)
(134, 112, 100)
(132, 108, 97)
(140, 115, 105)
(150, 123, 113)
(156, 129, 119)
(164, 136, 124)
(171, 143, 130)
(174, 150, 139)
(176, 152, 142)
(182, 158, 148)
(182, 158, 148)
(188, 164, 154)
(190, 166, 156)
(188, 166, 155)
(190, 173, 154)
(197, 180, 167)
(199, 182, 171)
(200, 184, 170)
(203, 187, 170)
(205, 189, 174)
(208, 190, 179)
(205, 186, 177)
(207, 189, 178)
(207, 190, 178)
(207, 191, 177)
(205, 188, 172)
(202, 183, 166)
(192, 175, 157)
(163, 158, 145)
(136, 138, 143)
(127, 131, 143)
(126, 132, 142)
(189, 210, 216)
(189, 212, 218)
(191, 216, 221)
(190, 213, 221)
(194, 215, 224)
(192, 213, 221)
(193, 216, 222)
(196, 213, 221)
(195, 215, 222)
(192, 212, 219)
(201, 216, 225)
(200, 214, 223)
(201, 216, 224)
(198, 217, 224)
(199, 218, 225)
(201, 219, 226)
(202, 219, 227)
(205, 222, 230)
(201, 218, 224)
(204, 222, 227)
(202, 221, 227)
(203, 223, 229)
(202, 224, 229)
(202, 224, 229)
(201, 224, 229)
(206, 227, 233)
(206, 224, 231)
(207, 224, 231)
(209, 223, 231)
(213, 226, 234)
(211, 225, 232)
(208, 226, 230)
(209, 227, 231)
(208, 224, 229)
(215, 229, 236)
(211, 226, 232)
(210, 229, 233)
(209, 228, 231)
(213, 229, 233)
(212, 225, 231)
(216, 230, 235)
(214, 227, 233)
(214, 227, 233)
(214, 229, 235)
(212, 225, 232)
(187, 192, 197)
(82, 75, 74)
(93, 80, 72)
(105, 97, 84)
(120, 108, 98)
(127, 111, 102)
(136, 117, 104)
(141, 124, 106)
(145, 126, 111)
(152, 131, 120)
(152, 128, 115)
(155, 133, 120)
(153, 131, 120)
(146, 127, 115)
(144, 125, 112)
(145, 125, 111)
(152, 132, 119)
(157, 134, 123)
(155, 133, 119)
(156, 135, 120)
(165, 144, 131)
(166, 145, 135)
(155, 136, 126)
(143, 123, 113)
(140, 116, 105)
(148, 127, 115)
(154, 133, 122)
(151, 130, 119)
(157, 135, 124)
(150, 130, 120)
(149, 131, 120)
(154, 135, 127)
(158, 138, 129)
(162, 142, 133)
(167, 147, 138)
(167, 149, 141)
(170, 154, 146)
(171, 153, 147)
(169, 150, 143)
(169, 149, 140)
(170, 149, 139)
(167, 148, 140)
(166, 147, 139)
(163, 145, 136)
(155, 136, 125)
(149, 130, 118)
(149, 128, 117)
(149, 126, 116)
(150, 123, 113)
(138, 111, 99)
(130, 105, 91)
(130, 104, 91)
(133, 106, 93)
(139, 112, 101)
(147, 122, 109)
(158, 134, 120)
(163, 138, 125)
(169, 142, 128)
(173, 149, 136)
(177, 153, 141)
(180, 156, 144)
(184, 161, 149)
(187, 162, 151)
(181, 157, 145)
(184, 160, 148)
(188, 166, 149)
(193, 174, 162)
(195, 178, 167)
(196, 181, 163)
(201, 186, 165)
(203, 185, 169)
(206, 186, 175)
(208, 188, 179)
(207, 187, 178)
(204, 187, 175)
(205, 189, 175)
(199, 182, 166)
(201, 181, 164)
(181, 165, 149)
(152, 152, 144)
(129, 137, 143)
(128, 133, 144)
(126, 131, 142)
(190, 210, 214)
(190, 212, 216)
(192, 215, 220)
(192, 214, 220)
(195, 215, 223)
(192, 214, 220)
(194, 216, 223)
(199, 215, 223)
(198, 215, 223)
(195, 213, 221)
(204, 218, 227)
(202, 213, 223)
(200, 216, 224)
(197, 217, 225)
(201, 218, 226)
(204, 221, 229)
(205, 222, 230)
(205, 222, 230)
(203, 220, 227)
(204, 222, 227)
(203, 221, 226)
(205, 222, 229)
(204, 223, 229)
(203, 225, 230)
(201, 224, 229)
(205, 227, 231)
(203, 225, 231)
(207, 224, 231)
(211, 224, 232)
(214, 226, 234)
(213, 227, 233)
(209, 227, 231)
(210, 228, 232)
(209, 225, 230)
(215, 229, 234)
(212, 227, 232)
(211, 230, 233)
(211, 229, 232)
(214, 231, 234)
(212, 226, 230)
(216, 231, 235)
(215, 231, 236)
(215, 230, 235)
(216, 231, 238)
(217, 229, 235)
(119, 120, 125)
(83, 72, 69)
(101, 81, 74)
(111, 102, 89)
(123, 111, 101)
(133, 114, 106)
(141, 121, 107)
(147, 127, 109)
(150, 129, 114)
(153, 130, 120)
(154, 129, 117)
(156, 132, 119)
(151, 128, 117)
(147, 126, 115)
(143, 123, 112)
(143, 122, 110)
(146, 124, 112)
(146, 121, 110)
(150, 124, 110)
(153, 129, 113)
(160, 137, 121)
(159, 138, 125)
(147, 127, 116)
(134, 113, 102)
(132, 106, 95)
(142, 119, 107)
(149, 127, 117)
(152, 128, 118)
(148, 124, 113)
(148, 127, 115)
(148, 128, 117)
(151, 131, 122)
(157, 136, 126)
(159, 139, 128)
(162, 144, 133)
(164, 147, 138)
(166, 151, 143)
(168, 151, 144)
(169, 149, 142)
(168, 147, 137)
(168, 147, 135)
(164, 142, 132)
(163, 142, 133)
(158, 138, 129)
(151, 131, 119)
(144, 124, 113)
(145, 124, 113)
(142, 119, 108)
(140, 113, 102)
(130, 102, 89)
(128, 102, 86)
(132, 103, 89)
(136, 106, 93)
(141, 113, 100)
(150, 125, 111)
(161, 139, 123)
(165, 142, 126)
(167, 141, 126)
(171, 147, 134)
(173, 149, 136)
(179, 154, 141)
(183, 159, 146)
(184, 160, 147)
(180, 155, 142)
(183, 158, 145)
(184, 161, 145)
(190, 169, 157)
(193, 175, 162)
(193, 178, 158)
(196, 182, 160)
(199, 181, 163)
(204, 183, 172)
(207, 185, 179)
(206, 186, 177)
(202, 184, 173)
(198, 182, 169)
(199, 181, 166)
(194, 174, 159)
(180, 164, 150)
(140, 143, 140)
(128, 138, 145)
(128, 135, 145)
(128, 133, 144)
(194, 212, 219)
(193, 213, 220)
(192, 214, 220)
(193, 211, 219)
(199, 215, 223)
(194, 213, 220)
(195, 218, 224)
(197, 213, 220)
(200, 217, 226)
(198, 215, 225)
(203, 219, 228)
(201, 215, 223)
(203, 218, 227)
(201, 217, 226)
(203, 220, 228)
(202, 219, 227)
(201, 220, 227)
(202, 221, 228)
(202, 221, 228)
(205, 224, 230)
(204, 223, 228)
(206, 224, 229)
(201, 223, 229)
(202, 225, 231)
(204, 227, 233)
(204, 226, 231)
(204, 226, 231)
(210, 228, 235)
(209, 225, 232)
(211, 225, 233)
(210, 225, 231)
(210, 226, 232)
(210, 226, 232)
(211, 227, 233)
(218, 231, 238)
(213, 226, 232)
(215, 231, 236)
(209, 225, 230)
(215, 231, 237)
(214, 229, 234)
(216, 231, 235)
(207, 226, 229)
(217, 230, 237)
(216, 227, 236)
(227, 239, 242)
(67, 71, 66)
(90, 79, 72)
(106, 89, 80)
(117, 105, 97)
(128, 114, 105)
(138, 121, 111)
(142, 124, 111)
(147, 127, 114)
(153, 129, 118)
(154, 126, 119)
(157, 130, 121)
(151, 128, 119)
(149, 126, 116)
(148, 124, 114)
(144, 124, 113)
(137, 118, 106)
(137, 113, 102)
(137, 113, 99)
(144, 115, 105)
(144, 117, 108)
(148, 130, 116)
(144, 131, 115)
(136, 117, 105)
(124, 98, 89)
(126, 98, 87)
(137, 111, 101)
(140, 116, 107)
(144, 120, 111)
(143, 119, 109)
(145, 125, 113)
(148, 129, 116)
(151, 128, 119)
(153, 128, 121)
(157, 135, 127)
(156, 140, 129)
(160, 146, 136)
(161, 146, 139)
(164, 149, 143)
(166, 149, 140)
(164, 146, 134)
(163, 142, 128)
(157, 135, 122)
(156, 134, 123)
(151, 130, 122)
(143, 124, 115)
(143, 123, 113)
(140, 119, 107)
(132, 108, 98)
(132, 105, 98)
(124, 97, 89)
(123, 96, 85)
(129, 100, 87)
(134, 104, 92)
(141, 113, 101)
(151, 126, 113)
(157, 133, 120)
(161, 138, 123)
(167, 142, 128)
(173, 148, 135)
(171, 143, 130)
(180, 152, 139)
(177, 156, 142)
(178, 160, 147)
(178, 155, 144)
(186, 156, 148)
(178, 159, 143)
(186, 167, 153)
(186, 169, 154)
(193, 178, 159)
(192, 177, 158)
(196, 179, 164)
(199, 180, 172)
(205, 185, 179)
(208, 184, 173)
(203, 185, 173)
(191, 177, 169)
(196, 180, 170)
(193, 175, 164)
(176, 164, 157)
(137, 141, 142)
(130, 136, 144)
(129, 136, 147)
(129, 134, 146)
(197, 214, 222)
(194, 213, 220)
(195, 214, 221)
(196, 214, 222)
(199, 214, 223)
(195, 212, 220)
(193, 215, 221)
(197, 214, 222)
(198, 215, 225)
(199, 216, 226)
(201, 218, 227)
(200, 216, 224)
(203, 219, 228)
(204, 219, 230)
(203, 220, 228)
(203, 221, 228)
(202, 221, 228)
(204, 223, 230)
(203, 222, 229)
(205, 224, 231)
(206, 224, 230)
(207, 225, 230)
(202, 223, 229)
(200, 222, 228)
(206, 225, 231)
(209, 227, 233)
(207, 226, 232)
(211, 229, 236)
(209, 226, 233)
(210, 226, 233)
(212, 227, 234)
(214, 229, 236)
(215, 230, 237)
(212, 227, 234)
(217, 230, 238)
(215, 228, 234)
(214, 229, 234)
(215, 230, 235)
(217, 232, 239)
(216, 231, 238)
(216, 231, 236)
(211, 227, 233)
(216, 229, 237)
(216, 228, 235)
(133, 143, 142)
(80, 79, 72)
(100, 88, 78)
(118, 104, 93)
(127, 112, 105)
(137, 121, 113)
(142, 124, 112)
(146, 128, 115)
(155, 136, 124)
(154, 131, 121)
(156, 128, 121)
(158, 130, 124)
(146, 123, 115)
(145, 122, 113)
(144, 120, 110)
(140, 120, 109)
(133, 116, 103)
(130, 109, 95)
(133, 110, 93)
(132, 104, 94)
(137, 109, 100)
(134, 115, 102)
(128, 113, 98)
(126, 105, 94)
(119, 90, 84)
(125, 95, 86)
(131, 104, 95)
(134, 111, 102)
(136, 113, 105)
(136, 114, 105)
(141, 123, 111)
(140, 122, 110)
(149, 125, 116)
(150, 124, 118)
(155, 132, 124)
(156, 139, 128)
(156, 142, 131)
(165, 148, 140)
(163, 146, 139)
(158, 142, 132)
(158, 140, 128)
(154, 133, 120)
(147, 123, 111)
(145, 121, 110)
(141, 118, 110)
(137, 115, 107)
(139, 118, 108)
(131, 108, 96)
(122, 95, 86)
(126, 97, 91)
(122, 93, 87)
(121, 93, 83)
(132, 104, 92)
(139, 112, 99)
(153, 126, 115)
(154, 127, 116)
(155, 130, 118)
(163, 137, 124)
(163, 136, 123)
(165, 140, 127)
(170, 144, 130)
(173, 147, 133)
(174, 156, 140)
(171, 155, 140)
(171, 150, 139)
(179, 152, 143)
(179, 159, 145)
(183, 164, 150)
(183, 166, 151)
(189, 172, 154)
(191, 174, 157)
(192, 175, 161)
(202, 184, 172)
(200, 181, 173)
(205, 183, 170)
(200, 182, 171)
(195, 182, 173)
(195, 180, 169)
(186, 171, 161)
(161, 154, 150)
(136, 138, 143)
(131, 135, 144)
(127, 132, 144)
(129, 136, 147)
(194, 211, 221)
(195, 215, 223)
(194, 214, 222)
(196, 213, 222)
(198, 214, 222)
(195, 213, 221)
(194, 215, 221)
(196, 214, 223)
(200, 218, 228)
(197, 216, 225)
(200, 219, 227)
(199, 217, 224)
(202, 219, 228)
(204, 220, 230)
(203, 220, 228)
(202, 221, 228)
(201, 221, 228)
(204, 223, 230)
(203, 222, 229)
(204, 224, 231)
(203, 222, 228)
(208, 224, 229)
(205, 224, 231)
(208, 227, 234)
(207, 225, 231)
(212, 228, 235)
(208, 225, 232)
(209, 226, 233)
(209, 226, 233)
(211, 227, 234)
(212, 226, 234)
(215, 228, 236)
(215, 228, 236)
(213, 227, 235)
(217, 230, 238)
(215, 228, 234)
(217, 231, 235)
(216, 231, 236)
(217, 232, 239)
(215, 230, 237)
(216, 231, 236)
(218, 231, 239)
(215, 229, 236)
(218, 230, 234)
(57, 61, 59)
(84, 78, 69)
(112, 100, 88)
(124, 112, 99)
(129, 113, 104)
(143, 126, 115)
(149, 130, 117)
(151, 133, 119)
(160, 142, 130)
(159, 138, 127)
(160, 136, 128)
(159, 131, 125)
(147, 124, 116)
(144, 120, 111)
(144, 120, 110)
(137, 118, 106)
(126, 110, 95)
(128, 108, 92)
(125, 104, 85)
(127, 101, 88)
(131, 104, 94)
(129, 105, 93)
(127, 105, 92)
(120, 94, 84)
(125, 95, 88)
(127, 100, 92)
(125, 102, 92)
(129, 107, 96)
(134, 112, 101)
(134, 113, 103)
(132, 113, 102)
(130, 112, 101)
(141, 116, 107)
(145, 120, 113)
(154, 131, 121)
(157, 137, 125)
(154, 137, 125)
(161, 143, 133)
(154, 137, 127)
(149, 133, 122)
(148, 127, 117)
(145, 123, 112)
(142, 118, 108)
(137, 114, 103)
(134, 111, 101)
(134, 110, 101)
(134, 109, 98)
(125, 98, 87)
(125, 96, 86)
(121, 91, 84)
(126, 96, 88)
(136, 108, 96)
(140, 115, 102)
(152, 126, 113)
(151, 126, 114)
(152, 125, 114)
(156, 128, 116)
(160, 130, 118)
(163, 132, 119)
(161, 136, 122)
(164, 141, 127)
(164, 143, 128)
(170, 152, 136)
(170, 153, 137)
(168, 149, 134)
(173, 150, 138)
(176, 157, 143)
(180, 161, 147)
(184, 165, 150)
(184, 166, 149)
(189, 170, 153)
(195, 175, 160)
(202, 182, 171)
(196, 178, 167)
(200, 181, 168)
(198, 182, 171)
(197, 182, 171)
(195, 181, 167)
(179, 170, 159)
(148, 149, 145)
(128, 137, 142)
(127, 136, 145)
(129, 137, 149)
(128, 136, 147)
(194, 212, 222)
(194, 214, 223)
(195, 215, 224)
(196, 213, 223)
(198, 215, 224)
(196, 214, 221)
(196, 216, 223)
(197, 216, 224)
(199, 217, 227)
(197, 217, 227)
(198, 219, 227)
(198, 218, 225)
(202, 220, 229)
(202, 220, 230)
(202, 220, 227)
(202, 221, 228)
(202, 222, 229)
(203, 223, 230)
(202, 223, 230)
(204, 224, 231)
(203, 222, 228)
(210, 225, 231)
(204, 223, 230)
(208, 226, 233)
(208, 224, 231)
(214, 229, 235)
(210, 226, 233)
(210, 226, 234)
(209, 226, 233)
(212, 228, 235)
(215, 230, 237)
(216, 229, 237)
(215, 228, 236)
(215, 228, 236)
(217, 230, 238)
(215, 228, 234)
(217, 231, 236)
(215, 230, 235)
(217, 232, 239)
(215, 229, 237)
(217, 232, 238)
(215, 226, 236)
(218, 232, 238)
(144, 154, 155)
(84, 81, 77)
(95, 85, 74)
(122, 110, 96)
(131, 119, 106)
(140, 122, 111)
(150, 131, 118)
(155, 136, 122)
(159, 140, 126)
(166, 148, 135)
(165, 145, 134)
(164, 140, 132)
(160, 134, 125)
(149, 127, 118)
(146, 121, 113)
(143, 117, 108)
(136, 116, 104)
(126, 108, 93)
(125, 105, 88)
(121, 101, 81)
(126, 103, 88)
(127, 101, 90)
(129, 101, 90)
(132, 102, 91)
(121, 91, 81)
(124, 94, 84)
(125, 101, 93)
(126, 104, 93)
(129, 106, 93)
(132, 108, 95)
(134, 108, 98)
(127, 103, 94)
(130, 107, 98)
(137, 111, 102)
(145, 118, 109)
(155, 129, 120)
(158, 136, 123)
(157, 138, 124)
(153, 134, 122)
(144, 127, 115)
(143, 125, 112)
(139, 119, 108)
(139, 115, 105)
(139, 115, 105)
(136, 112, 100)
(133, 109, 98)
(130, 104, 93)
(132, 105, 93)
(124, 95, 83)
(123, 93, 82)
(127, 97, 88)
(135, 106, 96)
(143, 115, 103)
(144, 119, 106)
(149, 125, 112)
(151, 126, 114)
(151, 124, 112)
(154, 126, 113)
(158, 127, 115)
(163, 129, 117)
(162, 135, 122)
(164, 141, 127)
(161, 143, 126)
(164, 145, 128)
(170, 149, 133)
(170, 150, 134)
(172, 152, 138)
(177, 156, 143)
(179, 158, 145)
(184, 163, 149)
(186, 166, 149)
(190, 170, 153)
(196, 174, 159)
(200, 179, 166)
(197, 179, 166)
(196, 179, 166)
(197, 181, 170)
(199, 182, 169)
(192, 177, 162)
(174, 169, 158)
(133, 139, 136)
(125, 137, 144)
(128, 140, 150)
(126, 138, 150)
(129, 138, 150)
(197, 215, 226)
(197, 215, 225)
(195, 215, 224)
(193, 211, 221)
(200, 217, 226)
(196, 215, 222)
(197, 216, 223)
(197, 216, 224)
(199, 217, 228)
(198, 220, 229)
(198, 220, 227)
(198, 219, 226)
(203, 221, 231)
(203, 221, 232)
(203, 222, 229)
(202, 221, 228)
(201, 221, 228)
(204, 224, 231)
(203, 223, 230)
(204, 224, 231)
(204, 222, 229)
(210, 226, 233)
(206, 225, 232)
(210, 227, 235)
(210, 226, 232)
(214, 229, 234)
(213, 228, 235)
(212, 228, 236)
(210, 226, 233)
(211, 227, 234)
(215, 229, 237)
(215, 228, 236)
(217, 230, 238)
(215, 228, 236)
(218, 229, 238)
(216, 229, 235)
(217, 230, 235)
(214, 229, 234)
(217, 232, 239)
(215, 229, 238)
(218, 233, 240)
(219, 230, 241)
(223, 234, 239)
(72, 76, 73)
(97, 88, 81)
(105, 95, 81)
(132, 122, 106)
(142, 126, 112)
(149, 133, 118)
(155, 136, 121)
(159, 139, 123)
(169, 149, 134)
(173, 152, 139)
(169, 146, 136)
(168, 142, 134)
(161, 138, 128)
(153, 133, 122)
(150, 128, 118)
(144, 117, 108)
(135, 113, 101)
(128, 106, 92)
(126, 101, 85)
(122, 100, 83)
(125, 102, 86)
(128, 102, 90)
(133, 102, 91)
(130, 96, 85)
(123, 91, 79)
(129, 98, 85)
(125, 100, 92)
(123, 99, 87)
(125, 100, 85)
(131, 103, 88)
(132, 101, 90)
(128, 98, 90)
(133, 104, 97)
(136, 109, 99)
(143, 116, 107)
(152, 125, 116)
(154, 130, 116)
(148, 126, 112)
(141, 121, 108)
(138, 119, 107)
(138, 118, 107)
(140, 117, 107)
(137, 113, 103)
(138, 113, 103)
(136, 111, 99)
(133, 108, 94)
(127, 100, 87)
(129, 101, 88)
(121, 92, 79)
(120, 91, 79)
(135, 106, 94)
(141, 113, 101)
(143, 118, 104)
(146, 121, 109)
(148, 123, 111)
(146, 121, 109)
(152, 126, 112)
(155, 127, 114)
(155, 124, 111)
(161, 129, 116)
(163, 134, 121)
(163, 140, 126)
(156, 136, 120)
(162, 141, 124)
(166, 143, 127)
(171, 148, 133)
(170, 151, 135)
(177, 155, 142)
(178, 156, 143)
(185, 163, 150)
(191, 169, 154)
(196, 174, 158)
(198, 175, 161)
(202, 178, 166)
(201, 181, 166)
(197, 179, 169)
(197, 180, 170)
(196, 177, 163)
(190, 175, 160)
(161, 159, 151)
(138, 146, 147)
(130, 139, 149)
(132, 142, 153)
(127, 136, 149)
(127, 138, 149)
(196, 214, 226)
(197, 215, 226)
(198, 216, 226)
(196, 214, 224)
(198, 217, 225)
(197, 216, 223)
(200, 217, 225)
(200, 218, 227)
(199, 217, 227)
(196, 218, 227)
(199, 222, 229)
(198, 220, 226)
(204, 223, 232)
(203, 221, 232)
(204, 223, 230)
(206, 225, 232)
(203, 223, 230)
(205, 225, 232)
(203, 223, 230)
(205, 225, 232)
(205, 224, 231)
(209, 226, 233)
(206, 225, 232)
(209, 228, 235)
(210, 227, 233)
(215, 230, 235)
(211, 227, 234)
(211, 228, 235)
(212, 228, 235)
(214, 229, 236)
(216, 229, 237)
(217, 230, 238)
(218, 231, 239)
(216, 229, 237)
(218, 231, 239)
(219, 232, 239)
(218, 232, 237)
(216, 231, 236)
(217, 231, 239)
(217, 231, 239)
(218, 232, 239)
(217, 230, 237)
(171, 178, 180)
(91, 86, 81)
(102, 89, 79)
(123, 115, 98)
(141, 133, 116)
(153, 134, 120)
(156, 141, 124)
(162, 145, 129)
(168, 148, 132)
(176, 154, 139)
(176, 154, 141)
(174, 148, 138)
(169, 141, 132)
(163, 145, 132)
(157, 141, 128)
(152, 131, 120)
(145, 117, 108)
(130, 104, 94)
(129, 102, 90)
(129, 98, 85)
(127, 102, 89)
(129, 104, 90)
(132, 104, 92)
(133, 102, 91)
(129, 96, 84)
(125, 92, 77)
(127, 93, 77)
(121, 85, 77)
(119, 87, 75)
(119, 89, 73)
(123, 91, 76)
(126, 94, 80)
(132, 102, 92)
(139, 111, 101)
(144, 116, 105)
(143, 116, 106)
(146, 119, 109)
(146, 120, 106)
(140, 116, 103)
(135, 114, 101)
(137, 116, 104)
(138, 116, 105)
(137, 113, 103)
(136, 111, 101)
(137, 110, 100)
(132, 105, 93)
(129, 103, 88)
(130, 105, 91)
(120, 94, 80)
(121, 93, 81)
(138, 110, 98)
(139, 112, 99)
(139, 115, 101)
(140, 117, 103)
(143, 116, 107)
(141, 112, 103)
(144, 117, 106)
(148, 122, 109)
(152, 125, 112)
(152, 124, 110)
(157, 128, 114)
(160, 131, 119)
(161, 135, 121)
(161, 136, 122)
(162, 136, 121)
(164, 138, 123)
(170, 146, 130)
(176, 155, 139)
(186, 159, 148)
(184, 159, 148)
(187, 163, 153)
(194, 170, 157)
(198, 174, 160)
(202, 178, 166)
(201, 177, 166)
(201, 179, 164)
(199, 182, 171)
(200, 180, 169)
(194, 173, 159)
(179, 166, 155)
(149, 150, 146)
(137, 146, 150)
(131, 141, 152)
(130, 141, 154)
(129, 139, 153)
(128, 140, 150)
(196, 214, 226)
(198, 214, 226)
(198, 215, 225)
(198, 217, 226)
(196, 217, 225)
(197, 216, 223)
(201, 218, 226)
(200, 217, 226)
(202, 220, 230)
(197, 218, 227)
(199, 222, 229)
(199, 219, 226)
(205, 223, 231)
(204, 221, 231)
(205, 224, 231)
(203, 222, 229)
(206, 224, 231)
(207, 226, 233)
(205, 223, 230)
(207, 224, 232)
(207, 224, 232)
(209, 226, 233)
(206, 225, 232)
(210, 229, 235)
(210, 227, 231)
(215, 230, 235)
(210, 227, 234)
(211, 228, 236)
(212, 228, 235)
(215, 230, 237)
(217, 230, 238)
(217, 230, 238)
(218, 231, 239)
(217, 230, 238)
(218, 231, 240)
(219, 232, 240)
(218, 233, 238)
(216, 231, 236)
(216, 230, 238)
(217, 230, 238)
(221, 234, 240)
(222, 236, 237)
(92, 94, 92)
(100, 88, 81)
(117, 103, 91)
(130, 122, 104)
(147, 137, 119)
(161, 142, 126)
(165, 148, 130)
(171, 153, 135)
(179, 156, 141)
(182, 158, 144)
(180, 156, 144)
(175, 148, 137)
(172, 143, 134)
(163, 144, 129)
(160, 144, 130)
(156, 133, 122)
(151, 121, 113)
(136, 107, 98)
(132, 102, 90)
(134, 102, 89)
(132, 104, 91)
(133, 104, 91)
(133, 102, 91)
(129, 98, 89)
(125, 95, 84)
(119, 87, 72)
(114, 77, 62)
(123, 81, 72)
(125, 86, 74)
(125, 92, 76)
(126, 94, 79)
(133, 104, 91)
(135, 110, 97)
(145, 122, 109)
(152, 126, 114)
(145, 119, 108)
(143, 117, 106)
(141, 113, 101)
(137, 112, 99)
(134, 114, 101)
(136, 114, 103)
(136, 112, 102)
(132, 107, 97)
(134, 107, 98)
(133, 106, 94)
(132, 104, 91)
(126, 99, 83)
(118, 93, 78)
(114, 89, 75)
(131, 104, 94)
(138, 111, 100)
(139, 114, 100)
(137, 113, 98)
(135, 113, 100)
(139, 112, 104)
(141, 112, 104)
(143, 117, 106)
(143, 118, 106)
(147, 122, 108)
(147, 120, 106)
(150, 122, 108)
(155, 128, 116)
(158, 130, 117)
(161, 133, 120)
(161, 133, 120)
(165, 140, 126)
(175, 150, 137)
(180, 157, 144)
(189, 162, 151)
(190, 163, 153)
(189, 163, 154)
(194, 170, 157)
(200, 176, 163)
(205, 182, 171)
(202, 179, 170)
(201, 182, 168)
(199, 182, 171)
(200, 181, 167)
(187, 168, 154)
(173, 164, 157)
(143, 146, 147)
(132, 140, 147)
(130, 140, 152)
(131, 141, 155)
(131, 140, 155)
(132, 142, 154)
(198, 216, 228)
(200, 215, 227)
(200, 215, 226)
(197, 219, 226)
(194, 217, 223)
(197, 217, 224)
(201, 217, 225)
(203, 218, 227)
(204, 221, 231)
(198, 218, 227)
(201, 223, 230)
(200, 220, 227)
(206, 223, 232)
(206, 222, 232)
(205, 224, 231)
(204, 223, 230)
(207, 226, 233)
(206, 225, 232)
(207, 223, 231)
(210, 225, 233)
(210, 226, 234)
(209, 226, 234)
(207, 226, 233)
(211, 229, 235)
(211, 227, 232)
(216, 229, 235)
(212, 228, 235)
(214, 230, 237)
(215, 230, 237)
(216, 231, 238)
(218, 231, 239)
(218, 231, 239)
(219, 232, 240)
(217, 230, 238)
(218, 232, 241)
(218, 232, 240)
(218, 233, 240)
(217, 232, 238)
(219, 232, 240)
(217, 229, 239)
(219, 230, 237)
(212, 221, 221)
(84, 82, 77)
(101, 88, 78)
(123, 112, 98)
(139, 130, 113)
(156, 143, 127)
(163, 146, 129)
(169, 151, 133)
(182, 160, 145)
(186, 161, 147)
(184, 159, 145)
(181, 156, 144)
(178, 153, 141)
(174, 147, 136)
(170, 149, 133)
(165, 147, 132)
(161, 135, 125)
(154, 122, 115)
(141, 112, 102)
(132, 103, 91)
(136, 104, 91)
(134, 103, 89)
(139, 105, 91)
(131, 98, 87)
(126, 100, 90)
(114, 90, 81)
(99, 68, 56)
(115, 76, 63)
(124, 84, 72)
(127, 92, 78)
(125, 93, 78)
(129, 99, 85)
(140, 112, 99)
(143, 121, 108)
(147, 124, 112)
(147, 122, 109)
(141, 117, 105)
(139, 114, 102)
(140, 112, 99)
(139, 112, 100)
(135, 114, 103)
(132, 110, 101)
(133, 107, 98)
(131, 105, 94)
(132, 106, 93)
(135, 107, 95)
(129, 101, 87)
(123, 95, 81)
(120, 94, 80)
(121, 97, 84)
(138, 111, 102)
(141, 114, 104)
(139, 113, 99)
(136, 111, 97)
(136, 112, 101)
(138, 112, 104)
(139, 112, 104)
(141, 116, 106)
(139, 115, 102)
(143, 118, 104)
(145, 119, 105)
(148, 120, 107)
(149, 124, 112)
(155, 126, 114)
(161, 129, 117)
(162, 134, 122)
(165, 141, 128)
(170, 148, 135)
(181, 157, 145)
(189, 161, 150)
(187, 160, 150)
(187, 161, 151)
(193, 169, 157)
(199, 177, 164)
(204, 181, 172)
(203, 180, 172)
(197, 179, 166)
(196, 182, 169)
(197, 179, 163)
(186, 170, 156)
(161, 158, 154)
(136, 141, 148)
(138, 142, 151)
(137, 139, 154)
(136, 140, 156)
(133, 140, 156)
(131, 141, 153)
(197, 213, 226)
(200, 215, 227)
(199, 215, 226)
(199, 220, 228)
(194, 219, 224)
(199, 220, 226)
(204, 221, 227)
(204, 218, 226)
(204, 220, 229)
(201, 221, 230)
(201, 221, 229)
(201, 220, 226)
(207, 224, 232)
(206, 221, 232)
(204, 223, 230)
(207, 226, 233)
(206, 225, 232)
(207, 224, 232)
(209, 224, 233)
(212, 225, 234)
(212, 226, 235)
(212, 228, 236)
(209, 226, 234)
(213, 229, 236)
(214, 227, 233)
(217, 229, 235)
(215, 229, 237)
(215, 230, 238)
(215, 230, 237)
(216, 231, 238)
(217, 230, 238)
(219, 232, 240)
(219, 232, 240)
(217, 230, 238)
(217, 231, 241)
(218, 232, 241)
(218, 233, 240)
(218, 232, 240)
(220, 233, 241)
(219, 230, 239)
(229, 239, 245)
(77, 83, 81)
(95, 90, 82)
(108, 98, 86)
(129, 120, 104)
(147, 134, 120)
(161, 144, 131)
(163, 149, 131)
(176, 155, 138)
(192, 167, 153)
(190, 162, 149)
(187, 160, 147)
(184, 159, 147)
(184, 160, 148)
(176, 151, 139)
(174, 151, 134)
(169, 147, 132)
(164, 137, 126)
(159, 126, 119)
(143, 115, 105)
(135, 108, 95)
(136, 105, 91)
(136, 103, 87)
(131, 95, 79)
(128, 95, 82)
(116, 92, 83)
(52, 31, 24)
(73, 44, 36)
(114, 77, 67)
(119, 87, 72)
(126, 98, 83)
(125, 97, 83)
(131, 103, 91)
(135, 108, 98)
(140, 115, 105)
(140, 116, 105)
(144, 119, 106)
(140, 116, 104)
(137, 111, 100)
(137, 109, 97)
(137, 110, 99)
(132, 112, 101)
(128, 106, 97)
(132, 106, 97)
(132, 105, 95)
(132, 104, 92)
(132, 104, 90)
(127, 98, 84)
(122, 93, 79)
(125, 100, 86)
(132, 107, 97)
(140, 113, 105)
(142, 114, 104)
(140, 113, 100)
(135, 110, 98)
(136, 112, 103)
(139, 115, 108)
(138, 114, 106)
(139, 116, 106)
(139, 117, 104)
(141, 116, 102)
(145, 118, 105)
(151, 122, 109)
(148, 125, 112)
(152, 123, 112)
(159, 125, 114)
(163, 134, 123)
(167, 145, 132)
(170, 150, 138)
(179, 154, 144)
(190, 160, 149)
(185, 157, 147)
(189, 164, 154)
(195, 172, 161)
(198, 176, 164)
(198, 177, 168)
(201, 180, 173)
(198, 183, 170)
(195, 183, 169)
(189, 173, 155)
(177, 165, 150)
(151, 152, 152)
(136, 143, 153)
(139, 143, 154)
(141, 143, 157)
(140, 143, 159)
(136, 143, 159)
(134, 142, 156)
(195, 217, 229)
(198, 216, 229)
(196, 212, 225)
(199, 218, 228)
(195, 218, 225)
(198, 218, 225)
(201, 218, 226)
(199, 216, 223)
(204, 220, 228)
(200, 218, 227)
(203, 223, 230)
(202, 222, 229)
(206, 224, 231)
(207, 223, 232)
(208, 224, 232)
(210, 226, 235)
(205, 223, 233)
(207, 224, 234)
(209, 225, 234)
(212, 226, 235)
(210, 223, 232)
(212, 225, 233)
(212, 227, 233)
(215, 230, 235)
(214, 229, 234)
(217, 230, 237)
(217, 230, 238)
(216, 230, 237)
(216, 231, 237)
(216, 231, 238)
(217, 231, 239)
(218, 233, 239)
(217, 232, 237)
(217, 232, 236)
(221, 232, 242)
(219, 232, 240)
(215, 233, 238)
(216, 232, 239)
(221, 232, 242)
(223, 230, 236)
(141, 151, 151)
(110, 106, 101)
(90, 80, 71)
(120, 109, 96)
(146, 133, 117)
(160, 143, 126)
(169, 147, 132)
(174, 154, 137)
(185, 165, 150)
(198, 173, 159)
(195, 167, 154)
(190, 166, 153)
(185, 164, 151)
(182, 158, 147)
(181, 152, 139)
(176, 150, 137)
(172, 144, 131)
(164, 134, 119)
(160, 128, 116)
(147, 116, 105)
(140, 108, 98)
(136, 101, 90)
(132, 95, 86)
(117, 78, 71)
(80, 40, 34)
(43, 9, 1)
(47, 14, 6)
(47, 11, 3)
(67, 28, 19)
(84, 45, 35)
(96, 57, 49)
(106, 67, 61)
(121, 82, 75)
(126, 91, 82)
(132, 103, 88)
(139, 115, 98)
(136, 116, 100)
(137, 115, 102)
(135, 111, 98)
(134, 109, 96)
(133, 108, 95)
(131, 107, 96)
(127, 107, 95)
(129, 108, 95)
(130, 105, 92)
(132, 104, 90)
(125, 97, 83)
(117, 91, 76)
(128, 102, 88)
(136, 114, 99)
(139, 117, 103)
(140, 114, 101)
(141, 113, 100)
(141, 111, 100)
(140, 111, 103)
(140, 112, 107)
(136, 112, 103)
(141, 112, 105)
(141, 112, 105)
(137, 113, 103)
(137, 113, 101)
(142, 116, 102)
(141, 118, 102)
(142, 121, 112)
(152, 126, 117)
(152, 125, 113)
(158, 136, 123)
(168, 145, 134)
(169, 145, 135)
(178, 156, 145)
(187, 160, 150)
(189, 163, 154)
(190, 164, 155)
(192, 166, 157)
(197, 173, 162)
(194, 176, 163)
(197, 180, 169)
(197, 178, 170)
(195, 174, 164)
(186, 167, 156)
(170, 162, 156)
(142, 147, 149)
(132, 143, 151)
(135, 145, 155)
(136, 144, 155)
(137, 146, 158)
(134, 142, 155)
(137, 143, 157)
(193, 217, 226)
(200, 219, 230)
(199, 217, 228)
(200, 219, 229)
(198, 221, 229)
(200, 219, 228)
(202, 219, 228)
(198, 217, 224)
(201, 220, 227)
(202, 221, 228)
(203, 224, 231)
(202, 222, 229)
(205, 223, 231)
(207, 223, 231)
(209, 224, 233)
(207, 223, 232)
(206, 224, 233)
(208, 225, 234)
(209, 225, 233)
(210, 224, 233)
(213, 226, 234)
(215, 228, 236)
(214, 229, 234)
(216, 231, 236)
(214, 229, 234)
(217, 231, 239)
(217, 230, 238)
(217, 231, 238)
(216, 231, 237)
(218, 232, 240)
(217, 231, 239)
(217, 232, 239)
(219, 234, 239)
(217, 232, 237)
(220, 233, 242)
(221, 234, 242)
(219, 234, 240)
(216, 232, 239)
(223, 235, 242)
(219, 226, 229)
(98, 101, 98)
(103, 94, 86)
(111, 99, 88)
(129, 117, 103)
(152, 137, 122)
(167, 148, 131)
(175, 152, 136)
(188, 165, 149)
(193, 174, 160)
(202, 179, 165)
(197, 171, 158)
(194, 172, 158)
(188, 168, 156)
(183, 159, 147)
(183, 154, 140)
(177, 150, 138)
(171, 143, 130)
(168, 139, 123)
(159, 130, 115)
(144, 114, 102)
(137, 104, 94)
(131, 96, 86)
(105, 69, 60)
(81, 40, 35)
(71, 27, 24)
(70, 25, 20)
(68, 23, 16)
(74, 27, 19)
(78, 31, 25)
(88, 43, 36)
(102, 57, 52)
(108, 65, 60)
(118, 75, 69)
(123, 85, 76)
(131, 102, 87)
(137, 113, 96)
(139, 117, 102)
(137, 113, 101)
(137, 112, 99)
(133, 109, 96)
(131, 108, 94)
(130, 107, 95)
(128, 108, 96)
(128, 108, 94)
(129, 104, 92)
(125, 97, 84)
(119, 93, 79)
(128, 103, 90)
(139, 114, 102)
(145, 122, 108)
(144, 121, 106)
(142, 116, 102)
(140, 112, 99)
(140, 111, 101)
(136, 109, 101)
(137, 111, 105)
(136, 114, 105)
(140, 111, 103)
(136, 106, 98)
(135, 111, 101)
(138, 114, 103)
(145, 119, 105)
(141, 119, 103)
(144, 123, 116)
(153, 126, 117)
(157, 132, 119)
(154, 135, 120)
(168, 143, 133)
(172, 145, 136)
(173, 152, 141)
(184, 160, 150)
(187, 163, 154)
(189, 164, 154)
(190, 164, 154)
(196, 172, 161)
(196, 178, 164)
(195, 180, 167)
(196, 178, 170)
(193, 172, 163)
(180, 164, 155)
(159, 155, 153)
(142, 148, 153)
(134, 145, 153)
(133, 143, 154)
(137, 147, 158)
(134, 146, 156)
(136, 146, 157)
(139, 146, 159)
(194, 218, 224)
(199, 219, 226)
(200, 219, 227)
(199, 218, 227)
(199, 221, 229)
(200, 220, 229)
(203, 220, 230)
(199, 218, 225)
(202, 221, 228)
(202, 221, 228)
(205, 225, 232)
(202, 222, 229)
(206, 224, 232)
(208, 223, 231)
(209, 224, 233)
(208, 225, 233)
(206, 225, 232)
(207, 224, 232)
(211, 228, 236)
(211, 225, 234)
(212, 226, 234)
(216, 229, 237)
(213, 228, 233)
(216, 230, 235)
(215, 229, 235)
(216, 230, 238)
(214, 227, 235)
(216, 229, 237)
(216, 230, 238)
(217, 231, 240)
(217, 231, 240)
(216, 230, 238)
(220, 234, 242)
(217, 231, 239)
(218, 232, 240)
(222, 234, 242)
(221, 232, 241)
(220, 232, 240)
(227, 239, 244)
(144, 149, 149)
(111, 108, 101)
(109, 97, 87)
(116, 103, 91)
(138, 126, 112)
(158, 142, 127)
(170, 150, 134)
(179, 156, 140)
(191, 168, 151)
(199, 181, 165)
(206, 184, 169)
(199, 175, 161)
(192, 170, 157)
(188, 169, 155)
(182, 158, 146)
(182, 153, 140)
(177, 149, 138)
(173, 145, 133)
(169, 143, 126)
(159, 132, 116)
(141, 112, 99)
(131, 100, 88)
(108, 74, 62)
(87, 54, 43)
(85, 46, 39)
(87, 41, 37)
(89, 40, 35)
(95, 44, 37)
(95, 43, 37)
(98, 47, 43)
(100, 53, 49)
(108, 63, 58)
(111, 68, 62)
(124, 82, 75)
(129, 92, 82)
(133, 104, 90)
(138, 113, 98)
(142, 117, 102)
(138, 112, 99)
(136, 109, 96)
(133, 109, 94)
(128, 106, 91)
(126, 106, 92)
(128, 108, 96)
(127, 105, 93)
(124, 98, 88)
(121, 94, 83)
(127, 102, 90)
(135, 111, 100)
(147, 121, 112)
(151, 126, 113)
(147, 122, 108)
(144, 117, 104)
(140, 113, 102)
(138, 112, 102)
(135, 111, 102)
(134, 112, 104)
(135, 116, 104)
(137, 110, 101)
(134, 105, 97)
(133, 109, 100)
(141, 117, 105)
(149, 123, 110)
(145, 122, 106)
(148, 126, 117)
(153, 127, 116)
(157, 132, 118)
(158, 137, 123)
(167, 143, 132)
(171, 144, 135)
(172, 150, 140)
(180, 160, 148)
(183, 163, 152)
(188, 166, 155)
(187, 163, 152)
(192, 170, 157)
(194, 176, 162)
(196, 183, 168)
(192, 178, 167)
(185, 169, 159)
(169, 158, 152)
(151, 150, 150)
(140, 147, 153)
(135, 145, 154)
(138, 146, 157)
(133, 145, 155)
(136, 147, 157)
(137, 147, 157)
(141, 148, 161)
(194, 217, 222)
(201, 222, 227)
(201, 220, 226)
(200, 220, 227)
(201, 221, 230)
(200, 219, 228)
(200, 217, 227)
(201, 221, 228)
(203, 222, 229)
(202, 222, 230)
(206, 226, 233)
(203, 223, 230)
(207, 225, 233)
(208, 222, 231)
(209, 225, 233)
(206, 223, 231)
(208, 225, 233)
(210, 227, 234)
(211, 227, 234)
(212, 227, 234)
(214, 228, 236)
(217, 230, 238)
(215, 228, 235)
(218, 231, 237)
(218, 231, 238)
(218, 231, 239)
(216, 229, 237)
(218, 231, 240)
(217, 230, 239)
(217, 230, 239)
(219, 232, 241)
(218, 231, 240)
(221, 234, 243)
(218, 231, 240)
(221, 235, 243)
(219, 231, 239)
(226, 236, 245)
(219, 228, 235)
(229, 238, 240)
(100, 100, 97)
(115, 106, 96)
(120, 105, 92)
(130, 115, 101)
(148, 133, 119)
(164, 146, 132)
(177, 155, 142)
(186, 163, 147)
(194, 171, 153)
(200, 183, 166)
(202, 182, 165)
(200, 177, 161)
(193, 171, 158)
(189, 168, 155)
(185, 160, 148)
(183, 154, 142)
(180, 150, 139)
(177, 149, 135)
(167, 143, 125)
(154, 130, 113)
(136, 108, 94)
(109, 78, 64)
(97, 64, 48)
(95, 63, 48)
(95, 57, 48)
(101, 56, 49)
(107, 60, 52)
(110, 61, 53)
(114, 67, 59)
(112, 66, 60)
(116, 70, 67)
(126, 82, 77)
(125, 83, 75)
(135, 95, 86)
(141, 105, 94)
(139, 110, 98)
(142, 114, 102)
(143, 113, 98)
(139, 110, 97)
(133, 105, 92)
(130, 106, 90)
(131, 109, 93)
(129, 108, 94)
(127, 106, 94)
(123, 99, 89)
(120, 94, 85)
(126, 100, 91)
(137, 113, 103)
(149, 125, 115)
(151, 125, 118)
(153, 127, 113)
(150, 122, 109)
(147, 119, 108)
(140, 114, 105)
(137, 113, 103)
(133, 112, 101)
(131, 112, 100)
(131, 113, 100)
(135, 112, 101)
(137, 112, 102)
(137, 115, 103)
(148, 124, 111)
(153, 125, 112)
(149, 123, 108)
(147, 123, 112)
(155, 129, 116)
(152, 127, 113)
(159, 136, 123)
(168, 143, 133)
(174, 147, 138)
(176, 153, 143)
(177, 159, 147)
(182, 164, 152)
(193, 173, 162)
(192, 171, 159)
(192, 170, 157)
(188, 169, 155)
(192, 179, 163)
(187, 175, 161)
(173, 163, 152)
(158, 153, 149)
(145, 149, 151)
(141, 150, 156)
(138, 146, 156)
(137, 144, 154)
(138, 147, 158)
(142, 149, 160)
(140, 147, 158)
(143, 148, 160)
(196, 218, 226)
(199, 220, 228)
(198, 219, 227)
(201, 222, 230)
(199, 219, 228)
(200, 219, 228)
(202, 221, 230)
(201, 221, 228)
(203, 223, 230)
(202, 222, 230)
(203, 223, 231)
(203, 223, 230)
(208, 225, 233)
(207, 223, 231)
(209, 226, 234)
(207, 224, 231)
(209, 226, 232)
(208, 225, 231)
(210, 227, 233)
(216, 231, 238)
(215, 229, 237)
(218, 231, 239)
(216, 229, 237)
(217, 230, 238)
(216, 229, 237)
(218, 231, 239)
(217, 230, 238)
(219, 232, 241)
(217, 228, 238)
(219, 232, 240)
(219, 232, 239)
(221, 234, 241)
(218, 231, 239)
(218, 231, 240)
(223, 237, 245)
(220, 233, 241)
(222, 233, 240)
(235, 243, 248)
(90, 93, 92)
(117, 113, 104)
(123, 110, 96)
(134, 118, 100)
(145, 129, 112)
(159, 143, 128)
(175, 156, 142)
(185, 163, 149)
(191, 168, 152)
(201, 180, 161)
(201, 184, 167)
(202, 182, 165)
(199, 177, 161)
(199, 174, 161)
(191, 166, 154)
(187, 159, 147)
(185, 153, 140)
(186, 155, 143)
(177, 150, 134)
(167, 142, 125)
(150, 124, 108)
(108, 78, 64)
(98, 65, 50)
(104, 67, 51)
(116, 75, 62)
(120, 77, 66)
(120, 76, 66)
(122, 77, 66)
(124, 81, 70)
(126, 88, 77)
(125, 90, 80)
(132, 93, 87)
(134, 97, 86)
(135, 99, 85)
(142, 105, 92)
(145, 111, 98)
(144, 114, 102)
(141, 111, 98)
(140, 111, 95)
(138, 109, 96)
(135, 108, 95)
(135, 110, 95)
(129, 106, 90)
(130, 108, 94)
(124, 99, 87)
(123, 96, 85)
(127, 100, 89)
(140, 116, 105)
(150, 129, 118)
(157, 135, 124)
(157, 132, 123)
(152, 124, 111)
(151, 123, 110)
(147, 120, 110)
(137, 111, 102)
(139, 114, 107)
(134, 111, 102)
(135, 113, 101)
(137, 118, 104)
(140, 120, 107)
(138, 116, 103)
(142, 120, 107)
(145, 122, 109)
(146, 120, 106)
(148, 119, 105)
(153, 128, 115)
(153, 127, 113)
(156, 130, 114)
(163, 137, 123)
(169, 142, 132)
(176, 150, 141)
(182, 158, 148)
(179, 161, 149)
(185, 167, 155)
(194, 174, 162)
(196, 174, 161)
(195, 173, 160)
(187, 166, 153)
(188, 171, 155)
(182, 167, 153)
(164, 154, 146)
(153, 151, 151)
(142, 150, 155)
(141, 151, 160)
(141, 150, 159)
(143, 148, 159)
(147, 152, 164)
(144, 148, 160)
(148, 150, 163)
(146, 149, 160)
(199, 218, 231)
(199, 220, 230)
(197, 219, 230)
(199, 220, 230)
(201, 220, 230)
(202, 220, 229)
(203, 222, 229)
(201, 221, 228)
(206, 225, 232)
(204, 223, 230)
(206, 226, 233)
(204, 223, 230)
(209, 225, 232)
(208, 224, 231)
(208, 225, 233)
(207, 224, 231)
(212, 228, 233)
(211, 227, 232)
(211, 227, 232)
(215, 230, 237)
(216, 229, 237)
(217, 230, 238)
(217, 231, 238)
(218, 231, 239)
(217, 230, 238)
(219, 232, 240)
(218, 231, 239)
(220, 232, 241)
(220, 231, 239)
(219, 232, 238)
(219, 232, 238)
(220, 232, 238)
(220, 233, 239)
(219, 232, 240)
(220, 233, 240)
(218, 233, 239)
(221, 233, 239)
(163, 168, 170)
(120, 116, 112)
(121, 110, 97)
(132, 119, 102)
(141, 124, 106)
(153, 135, 117)
(168, 149, 134)
(180, 159, 146)
(185, 163, 149)
(193, 170, 154)
(202, 181, 162)
(204, 186, 170)
(199, 180, 164)
(201, 178, 162)
(198, 172, 160)
(193, 165, 154)
(190, 158, 147)
(189, 156, 143)
(182, 150, 136)
(174, 146, 131)
(168, 142, 125)
(137, 106, 93)
(86, 50, 39)
(98, 60, 46)
(110, 71, 54)
(125, 79, 68)
(128, 84, 73)
(126, 83, 72)
(131, 86, 76)
(132, 90, 78)
(133, 96, 84)
(135, 102, 92)
(138, 106, 95)
(136, 105, 90)
(138, 105, 89)
(144, 109, 93)
(145, 112, 97)
(145, 114, 101)
(139, 110, 96)
(134, 107, 91)
(137, 110, 97)
(137, 111, 97)
(134, 108, 93)
(133, 108, 93)
(130, 105, 91)
(127, 102, 88)
(126, 101, 87)
(138, 113, 99)
(153, 130, 117)
(158, 138, 124)
(159, 138, 125)
(161, 137, 124)
(153, 127, 113)
(147, 121, 107)
(141, 115, 104)
(136, 110, 101)
(140, 113, 105)
(142, 116, 106)
(142, 116, 105)
(142, 121, 108)
(137, 119, 105)
(141, 121, 108)
(145, 123, 110)
(144, 120, 107)
(142, 117, 104)
(147, 117, 105)
(151, 123, 111)
(156, 130, 114)
(159, 132, 116)
(166, 138, 125)
(174, 147, 136)
(177, 152, 142)
(184, 158, 147)
(184, 163, 152)
(186, 166, 154)
(191, 171, 158)
(193, 170, 158)
(191, 168, 155)
(187, 164, 152)
(183, 164, 150)
(176, 159, 147)
(166, 156, 150)
(150, 150, 153)
(141, 150, 156)
(140, 152, 160)
(143, 154, 162)
(143, 150, 159)
(143, 151, 162)
(147, 153, 164)
(146, 152, 162)
(144, 151, 161)
(202, 220, 235)
(199, 220, 231)
(198, 220, 231)
(201, 221, 231)
(203, 220, 229)
(203, 220, 228)
(203, 222, 229)
(203, 223, 230)
(206, 224, 231)
(206, 224, 232)
(205, 225, 232)
(205, 224, 230)
(208, 224, 231)
(208, 224, 231)
(208, 225, 233)
(209, 225, 232)
(212, 228, 233)
(212, 227, 232)
(213, 229, 234)
(215, 230, 237)
(216, 229, 238)
(217, 230, 238)
(217, 230, 238)
(218, 231, 239)
(217, 231, 238)
(219, 232, 240)
(218, 231, 240)
(221, 232, 241)
(221, 231, 239)
(220, 232, 238)
(219, 232, 237)
(218, 231, 236)
(220, 233, 239)
(220, 233, 241)
(223, 236, 243)
(221, 236, 241)
(229, 240, 244)
(100, 101, 99)
(122, 112, 104)
(129, 114, 100)
(140, 127, 110)
(149, 132, 115)
(164, 145, 128)
(175, 156, 140)
(184, 162, 148)
(192, 169, 155)
(198, 176, 161)
(201, 181, 164)
(206, 188, 174)
(200, 182, 166)
(203, 180, 165)
(200, 173, 161)
(194, 163, 153)
(193, 160, 150)
(190, 156, 143)
(185, 152, 137)
(176, 147, 131)
(158, 130, 113)
(108, 75, 63)
(93, 53, 43)
(95, 54, 41)
(111, 72, 56)
(124, 84, 70)
(128, 92, 78)
(129, 95, 81)
(136, 98, 84)
(136, 97, 83)
(138, 102, 89)
(140, 109, 97)
(140, 111, 97)
(138, 109, 93)
(140, 111, 94)
(143, 110, 93)
(143, 110, 95)
(140, 109, 96)
(134, 106, 91)
(133, 107, 90)
(135, 110, 96)
(131, 107, 93)
(128, 104, 90)
(130, 105, 90)
(129, 103, 89)
(128, 104, 89)
(136, 111, 96)
(156, 130, 116)
(161, 138, 124)
(162, 140, 126)
(161, 141, 126)
(163, 140, 125)
(152, 127, 113)
(144, 118, 105)
(139, 114, 102)
(140, 116, 104)
(146, 119, 110)
(149, 121, 110)
(149, 119, 109)
(143, 121, 108)
(140, 122, 108)
(146, 125, 112)
(146, 122, 110)
(143, 119, 107)
(139, 114, 102)
(147, 116, 107)
(152, 123, 111)
(156, 130, 114)
(159, 132, 116)
(167, 138, 124)
(172, 145, 134)
(177, 152, 140)
(184, 157, 146)
(185, 164, 152)
(185, 166, 153)
(191, 170, 157)
(194, 171, 158)
(189, 164, 152)
(187, 163, 151)
(183, 164, 150)
(176, 158, 146)
(168, 158, 154)
(149, 151, 155)
(142, 152, 160)
(139, 151, 159)
(142, 153, 161)
(142, 151, 158)
(142, 153, 162)
(142, 152, 161)
(140, 150, 159)
(140, 151, 160)
(201, 219, 232)
(199, 220, 231)
(197, 220, 229)
(202, 222, 231)
(204, 221, 231)
(204, 221, 230)
(204, 223, 230)
(203, 220, 228)
(208, 225, 233)
(207, 223, 231)
(205, 224, 230)
(204, 223, 229)
(210, 226, 232)
(209, 225, 231)
(210, 226, 234)
(210, 226, 233)
(214, 229, 234)
(213, 228, 233)
(215, 230, 235)
(215, 230, 237)
(215, 228, 236)
(217, 230, 238)
(215, 229, 237)
(218, 232, 240)
(216, 230, 238)
(218, 232, 240)
(219, 232, 241)
(221, 232, 241)
(223, 233, 241)
(221, 233, 239)
(219, 232, 238)
(220, 233, 239)
(220, 234, 242)
(218, 232, 241)
(219, 234, 240)
(225, 237, 243)
(191, 195, 198)
(106, 99, 97)
(125, 111, 100)
(137, 120, 104)
(146, 131, 115)
(163, 144, 128)
(171, 150, 135)
(181, 159, 144)
(192, 170, 154)
(196, 173, 158)
(199, 176, 161)
(204, 184, 168)
(205, 189, 175)
(204, 188, 172)
(201, 181, 165)
(196, 171, 158)
(194, 163, 153)
(192, 160, 148)
(189, 157, 142)
(178, 149, 133)
(167, 141, 124)
(137, 109, 92)
(101, 65, 54)
(99, 56, 48)
(101, 59, 47)
(108, 71, 54)
(118, 85, 70)
(122, 93, 77)
(127, 101, 85)
(132, 102, 85)
(135, 100, 84)
(143, 108, 95)
(143, 111, 99)
(142, 111, 98)
(139, 110, 95)
(138, 108, 92)
(142, 109, 95)
(143, 109, 96)
(137, 108, 94)
(137, 110, 94)
(133, 107, 90)
(131, 106, 92)
(127, 105, 91)
(131, 109, 95)
(127, 105, 89)
(129, 106, 91)
(134, 112, 97)
(152, 129, 114)
(162, 137, 123)
(165, 140, 127)
(164, 142, 127)
(162, 141, 124)
(159, 136, 119)
(150, 125, 112)
(146, 119, 108)
(144, 121, 107)
(147, 125, 111)
(150, 127, 113)
(150, 123, 112)
(145, 117, 106)
(144, 120, 108)
(143, 123, 109)
(146, 125, 112)
(146, 121, 109)
(138, 115, 103)
(139, 115, 103)
(143, 113, 104)
(150, 119, 108)
(153, 127, 112)
(153, 125, 110)
(167, 136, 124)
(169, 141, 130)
(174, 149, 137)
(182, 154, 142)
(185, 163, 149)
(191, 172, 157)
(192, 172, 157)
(195, 172, 160)
(193, 169, 158)
(188, 165, 154)
(186, 166, 155)
(181, 167, 157)
(162, 157, 154)
(147, 153, 158)
(142, 153, 161)
(141, 153, 160)
(139, 148, 155)
(146, 155, 162)
(141, 151, 160)
(141, 152, 161)
(143, 155, 163)
(139, 152, 161)
(202, 218, 226)
(203, 223, 230)
(200, 223, 229)
(202, 223, 231)
(204, 220, 230)
(205, 221, 231)
(204, 221, 231)
(206, 221, 230)
(211, 225, 234)
(208, 223, 232)
(207, 226, 232)
(207, 226, 232)
(211, 228, 233)
(210, 226, 232)
(212, 228, 236)
(212, 227, 235)
(214, 229, 234)
(214, 228, 233)
(215, 228, 234)
(214, 229, 236)
(215, 229, 238)
(218, 231, 239)
(217, 231, 239)
(217, 232, 239)
(216, 231, 238)
(218, 232, 240)
(219, 232, 241)
(221, 232, 242)
(221, 232, 242)
(219, 232, 240)
(219, 232, 239)
(220, 233, 241)
(220, 234, 243)
(220, 234, 245)
(221, 237, 243)
(232, 240, 246)
(106, 100, 104)
(121, 107, 103)
(126, 110, 96)
(153, 135, 118)
(167, 146, 134)
(175, 153, 140)
(181, 159, 145)
(185, 163, 147)
(192, 169, 153)
(199, 175, 159)
(206, 184, 169)
(203, 183, 168)
(203, 189, 176)
(206, 191, 177)
(202, 184, 170)
(197, 172, 160)
(199, 169, 158)
(188, 157, 144)
(180, 150, 134)
(165, 139, 120)
(145, 121, 102)
(98, 71, 55)
(109, 71, 62)
(114, 68, 62)
(110, 68, 57)
(115, 78, 61)
(121, 80, 68)
(122, 89, 75)
(128, 101, 84)
(136, 106, 89)
(141, 104, 89)
(142, 106, 93)
(140, 105, 93)
(142, 105, 94)
(141, 107, 96)
(143, 109, 98)
(144, 110, 99)
(140, 108, 96)
(132, 103, 90)
(131, 105, 89)
(131, 105, 89)
(131, 106, 93)
(129, 107, 94)
(128, 108, 92)
(126, 106, 90)
(138, 118, 102)
(151, 131, 115)
(160, 137, 123)
(165, 140, 128)
(163, 138, 125)
(160, 137, 122)
(161, 140, 123)
(161, 140, 121)
(160, 134, 121)
(154, 127, 116)
(151, 129, 114)
(152, 132, 115)
(152, 132, 115)
(149, 127, 114)
(141, 117, 106)
(135, 110, 99)
(142, 122, 108)
(148, 127, 114)
(146, 121, 109)
(139, 118, 105)
(140, 119, 107)
(144, 114, 106)
(153, 119, 109)
(149, 122, 107)
(153, 124, 110)
(163, 129, 118)
(168, 139, 129)
(172, 147, 135)
(180, 152, 140)
(186, 165, 148)
(189, 170, 154)
(190, 171, 156)
(191, 170, 157)
(194, 171, 161)
(192, 171, 160)
(184, 166, 156)
(181, 173, 162)
(156, 157, 154)
(146, 155, 159)
(143, 155, 161)
(142, 154, 160)
(144, 153, 160)
(148, 154, 163)
(149, 153, 162)
(145, 152, 160)
(144, 152, 161)
(144, 152, 163)
(200, 221, 226)
(203, 224, 230)
(200, 222, 228)
(202, 222, 231)
(203, 221, 230)
(205, 221, 230)
(206, 223, 231)
(206, 223, 231)
(208, 223, 232)
(205, 221, 230)
(207, 226, 232)
(207, 226, 233)
(209, 227, 234)
(210, 226, 233)
(214, 227, 235)
(213, 227, 233)
(214, 229, 234)
(214, 229, 234)
(215, 230, 236)
(214, 228, 236)
(216, 229, 238)
(217, 231, 237)
(216, 231, 236)
(219, 234, 240)
(216, 231, 238)
(219, 233, 241)
(219, 233, 241)
(220, 233, 241)
(217, 231, 239)
(217, 233, 241)
(220, 233, 241)
(223, 235, 241)
(220, 234, 241)
(220, 232, 240)
(221, 235, 239)
(192, 201, 201)
(112, 100, 98)
(129, 110, 102)
(143, 123, 110)
(158, 139, 121)
(170, 149, 130)
(177, 156, 140)
(181, 163, 147)
(188, 167, 151)
(194, 173, 157)
(202, 182, 166)
(205, 183, 168)
(205, 183, 169)
(204, 188, 174)
(203, 185, 173)
(202, 181, 169)
(197, 170, 158)
(198, 167, 152)
(189, 158, 141)
(178, 148, 132)
(153, 128, 112)
(102, 76, 59)
(103, 73, 58)
(109, 71, 59)
(115, 73, 64)
(117, 79, 67)
(118, 82, 68)
(122, 83, 72)
(122, 86, 72)
(124, 92, 76)
(129, 97, 82)
(137, 103, 90)
(140, 105, 93)
(141, 103, 92)
(148, 108, 94)
(143, 109, 94)
(138, 108, 94)
(137, 110, 96)
(133, 106, 91)
(129, 101, 87)
(128, 101, 87)
(131, 104, 89)
(128, 104, 92)
(124, 103, 90)
(130, 110, 96)
(134, 115, 100)
(151, 131, 115)
(160, 140, 124)
(165, 142, 128)
(165, 141, 129)
(164, 140, 127)
(165, 143, 129)
(169, 146, 132)
(166, 141, 126)
(161, 135, 122)
(152, 128, 116)
(151, 130, 117)
(152, 133, 118)
(152, 131, 117)
(147, 124, 111)
(142, 116, 103)
(144, 114, 105)
(143, 120, 110)
(145, 124, 113)
(143, 119, 108)
(140, 120, 106)
(140, 120, 105)
(145, 117, 105)
(147, 118, 106)
(148, 121, 107)
(151, 123, 109)
(159, 130, 116)
(163, 137, 123)
(170, 146, 134)
(177, 151, 138)
(184, 162, 145)
(187, 167, 152)
(191, 172, 156)
(186, 168, 151)
(189, 172, 155)
(192, 177, 160)
(186, 173, 160)
(176, 170, 164)
(155, 156, 157)
(146, 154, 160)
(141, 153, 159)
(144, 154, 161)
(146, 153, 161)
(150, 156, 164)
(150, 155, 162)
(145, 153, 161)
(147, 156, 165)
(147, 155, 166)
(198, 221, 226)
(198, 221, 227)
(201, 222, 230)
(204, 223, 232)
(203, 222, 230)
(205, 222, 229)
(207, 224, 230)
(204, 223, 230)
(207, 224, 231)
(208, 224, 232)
(208, 227, 234)
(207, 226, 232)
(208, 227, 234)
(209, 226, 233)
(215, 228, 235)
(213, 227, 233)
(213, 228, 233)
(215, 230, 235)
(215, 230, 237)
(215, 229, 237)
(217, 230, 238)
(218, 233, 238)
(216, 231, 236)
(220, 234, 240)
(216, 231, 238)
(218, 233, 240)
(217, 233, 240)
(219, 234, 240)
(217, 233, 239)
(216, 234, 241)
(221, 233, 241)
(223, 235, 241)
(222, 237, 242)
(221, 232, 239)
(230, 241, 243)
(105, 110, 105)
(120, 106, 98)
(137, 116, 102)
(154, 133, 116)
(164, 143, 125)
(173, 150, 132)
(182, 161, 144)
(183, 166, 148)
(188, 166, 150)
(199, 178, 162)
(202, 185, 168)
(209, 187, 172)
(208, 186, 171)
(207, 189, 174)
(202, 183, 171)
(201, 179, 169)
(198, 171, 157)
(194, 164, 146)
(182, 151, 133)
(171, 142, 126)
(130, 102, 89)
(106, 77, 63)
(111, 78, 64)
(115, 79, 65)
(118, 80, 68)
(122, 86, 75)
(121, 86, 74)
(124, 87, 77)
(124, 88, 74)
(126, 93, 77)
(123, 92, 77)
(129, 99, 86)
(135, 103, 91)
(141, 105, 92)
(146, 109, 92)
(141, 109, 91)
(136, 108, 92)
(133, 109, 93)
(128, 105, 89)
(129, 104, 89)
(130, 105, 89)
(130, 105, 90)
(126, 103, 89)
(128, 107, 94)
(136, 115, 102)
(145, 125, 110)
(161, 141, 125)
(164, 143, 127)
(164, 143, 128)
(164, 143, 130)
(167, 145, 133)
(171, 150, 137)
(171, 149, 136)
(168, 142, 128)
(162, 137, 123)
(157, 135, 121)
(153, 133, 120)
(154, 135, 121)
(151, 130, 117)
(147, 123, 110)
(146, 120, 105)
(148, 116, 107)
(144, 118, 108)
(143, 122, 111)
(147, 123, 112)
(144, 124, 110)
(144, 124, 108)
(147, 119, 105)
(143, 117, 103)
(147, 119, 106)
(151, 123, 109)
(155, 130, 115)
(162, 139, 123)
(173, 150, 135)
(177, 155, 140)
(186, 160, 146)
(188, 165, 152)
(191, 171, 155)
(186, 168, 150)
(189, 173, 153)
(187, 173, 155)
(183, 170, 156)
(169, 165, 162)
(152, 154, 156)
(145, 154, 160)
(144, 155, 161)
(145, 154, 161)
(146, 153, 160)
(150, 156, 163)
(153, 160, 167)
(146, 156, 164)
(151, 161, 170)
(152, 160, 171)
(198, 222, 226)
(198, 221, 227)
(200, 222, 230)
(204, 223, 232)
(204, 223, 230)
(206, 223, 230)
(206, 224, 228)
(205, 226, 231)
(206, 225, 231)
(207, 224, 231)
(210, 229, 235)
(205, 224, 230)
(210, 229, 235)
(211, 227, 234)
(216, 229, 236)
(213, 227, 233)
(214, 229, 234)
(215, 230, 235)
(216, 231, 237)
(216, 229, 236)
(217, 230, 237)
(217, 232, 237)
(216, 231, 237)
(220, 233, 241)
(217, 231, 239)
(219, 234, 241)
(218, 233, 240)
(219, 234, 239)
(216, 232, 238)
(217, 233, 239)
(223, 234, 242)
(225, 237, 244)
(221, 236, 241)
(221, 233, 240)
(188, 196, 196)
(105, 103, 96)
(126, 113, 98)
(147, 126, 106)
(160, 139, 118)
(169, 148, 131)
(176, 152, 139)
(183, 160, 145)
(191, 171, 154)
(195, 171, 155)
(201, 178, 162)
(204, 187, 169)
(212, 190, 173)
(210, 187, 170)
(208, 189, 174)
(200, 182, 168)
(200, 179, 167)
(193, 168, 154)
(183, 155, 137)
(177, 149, 130)
(159, 132, 115)
(115, 86, 73)
(116, 85, 72)
(117, 84, 70)
(119, 84, 70)
(120, 85, 72)
(124, 91, 78)
(126, 93, 81)
(129, 93, 85)
(127, 92, 80)
(129, 97, 82)
(127, 98, 82)
(130, 103, 87)
(133, 104, 89)
(137, 107, 90)
(138, 108, 90)
(136, 107, 90)
(134, 105, 90)
(132, 104, 90)
(130, 107, 91)
(132, 112, 95)
(128, 108, 91)
(128, 104, 90)
(130, 107, 92)
(135, 113, 98)
(145, 123, 108)
(157, 135, 120)
(172, 149, 133)
(166, 146, 130)
(163, 145, 129)
(165, 146, 132)
(171, 152, 138)
(171, 153, 139)
(171, 151, 137)
(167, 145, 130)
(167, 144, 129)
(162, 140, 126)
(154, 134, 121)
(155, 136, 122)
(153, 132, 119)
(147, 124, 110)
(148, 123, 108)
(146, 117, 104)
(145, 121, 108)
(146, 125, 112)
(152, 130, 117)
(153, 132, 119)
(147, 126, 112)
(150, 122, 108)
(145, 116, 103)
(147, 117, 104)
(153, 124, 110)
(154, 127, 111)
(163, 141, 125)
(173, 152, 135)
(177, 154, 139)
(187, 160, 148)
(191, 165, 154)
(190, 166, 154)
(191, 171, 155)
(193, 174, 157)
(193, 175, 160)
(184, 169, 158)
(161, 158, 157)
(151, 154, 156)
(146, 156, 162)
(145, 155, 162)
(146, 155, 161)
(147, 155, 160)
(151, 157, 165)
(153, 160, 167)
(151, 161, 169)
(154, 165, 175)
(163, 172, 182)
(198, 223, 229)
(201, 224, 231)
(199, 221, 229)
(204, 224, 232)
(204, 223, 230)
(205, 223, 229)
(203, 222, 226)
(203, 225, 230)
(206, 225, 231)
(208, 225, 232)
(210, 229, 235)
(206, 225, 231)
(209, 228, 234)
(210, 226, 233)
(217, 230, 238)
(212, 226, 233)
(215, 230, 235)
(214, 229, 234)
(216, 231, 236)
(216, 229, 235)
(216, 229, 236)
(217, 231, 238)
(219, 232, 240)
(221, 234, 242)
(219, 232, 240)
(220, 234, 242)
(218, 233, 240)
(220, 235, 240)
(217, 233, 237)
(218, 233, 239)
(224, 233, 242)
(219, 231, 239)
(222, 238, 244)
(227, 239, 244)
(86, 87, 80)
(121, 111, 97)
(132, 119, 98)
(153, 132, 110)
(167, 146, 125)
(175, 153, 136)
(179, 154, 142)
(192, 166, 152)
(192, 169, 153)
(197, 170, 155)
(200, 174, 159)
(205, 185, 168)
(213, 189, 171)
(210, 186, 168)
(205, 185, 167)
(198, 178, 162)
(198, 177, 163)
(187, 161, 146)
(174, 147, 129)
(163, 137, 120)
(119, 95, 79)
(114, 84, 72)
(116, 85, 73)
(120, 88, 75)
(120, 86, 74)
(120, 89, 76)
(123, 94, 80)
(131, 103, 89)
(135, 103, 95)
(132, 101, 89)
(130, 100, 85)
(126, 100, 83)
(129, 105, 87)
(129, 104, 86)
(132, 105, 87)
(129, 102, 85)
(129, 102, 87)
(131, 103, 89)
(134, 108, 94)
(127, 107, 90)
(125, 108, 90)
(128, 109, 91)
(132, 108, 95)
(137, 114, 98)
(146, 123, 106)
(160, 136, 119)
(167, 143, 127)
(172, 147, 134)
(169, 146, 133)
(167, 146, 132)
(171, 148, 134)
(170, 149, 135)
(170, 151, 135)
(170, 150, 134)
(172, 148, 132)
(168, 146, 131)
(164, 142, 127)
(158, 138, 124)
(152, 133, 119)
(152, 131, 118)
(148, 126, 112)
(146, 123, 107)
(146, 120, 104)
(144, 122, 105)
(147, 127, 111)
(154, 132, 118)
(160, 139, 126)
(160, 137, 123)
(155, 127, 114)
(153, 121, 108)
(151, 119, 105)
(157, 126, 112)
(154, 128, 111)
(162, 139, 122)
(169, 147, 131)
(178, 155, 140)
(187, 162, 150)
(189, 165, 153)
(187, 165, 152)
(193, 172, 158)
(192, 173, 158)
(191, 175, 163)
(172, 160, 152)
(156, 156, 158)
(151, 155, 160)
(146, 156, 163)
(145, 154, 161)
(148, 156, 161)
(152, 159, 165)
(151, 158, 166)
(151, 160, 168)
(154, 166, 174)
(162, 175, 184)
(174, 185, 195)
(199, 223, 231)
(198, 222, 230)
(198, 221, 228)
(203, 223, 230)
(202, 221, 227)
(206, 224, 228)
(205, 224, 228)
(204, 226, 231)
(205, 225, 230)
(208, 227, 232)
(211, 230, 235)
(207, 226, 232)
(208, 227, 232)
(213, 229, 235)
(215, 228, 236)
(213, 228, 234)
(216, 231, 236)
(215, 228, 234)
(216, 230, 236)
(217, 231, 237)
(218, 231, 237)
(217, 230, 238)
(218, 231, 239)
(220, 233, 241)
(220, 233, 241)
(220, 233, 241)
(217, 232, 239)
(218, 233, 238)
(219, 234, 237)
(222, 235, 240)
(225, 233, 242)
(224, 235, 245)
(218, 235, 240)
(201, 212, 214)
(112, 108, 96)
(124, 110, 92)
(144, 126, 106)
(162, 140, 122)
(175, 152, 136)
(180, 156, 140)
(189, 162, 146)
(192, 164, 149)
(192, 167, 151)
(193, 163, 149)
(196, 168, 154)
(200, 178, 161)
(210, 182, 165)
(209, 183, 163)
(204, 180, 162)
(196, 174, 157)
(190, 168, 151)
(177, 151, 135)
(164, 136, 121)
(145, 118, 102)
(98, 73, 58)
(103, 74, 61)
(114, 83, 71)
(116, 84, 71)
(119, 89, 75)
(119, 91, 77)
(121, 95, 79)
(124, 101, 85)
(130, 102, 91)
(130, 102, 88)
(127, 101, 84)
(124, 100, 82)
(125, 100, 85)
(123, 96, 81)
(128, 97, 82)
(127, 96, 83)
(125, 96, 83)
(122, 96, 82)
(126, 101, 87)
(121, 99, 83)
(125, 103, 86)
(129, 107, 91)
(136, 113, 99)
(143, 120, 104)
(152, 129, 111)
(162, 137, 120)
(164, 139, 124)
(168, 142, 129)
(167, 142, 130)
(169, 145, 132)
(172, 145, 132)
(171, 145, 131)
(169, 145, 131)
(170, 145, 130)
(171, 145, 130)
(165, 142, 126)
(161, 139, 124)
(160, 140, 124)
(157, 138, 124)
(158, 139, 124)
(159, 138, 124)
(159, 137, 122)
(158, 135, 116)
(157, 136, 117)
(157, 137, 120)
(162, 141, 126)
(166, 144, 130)
(168, 143, 130)
(164, 136, 123)
(159, 129, 114)
(157, 127, 111)
(160, 130, 114)
(161, 134, 117)
(165, 141, 124)
(171, 147, 132)
(181, 157, 141)
(183, 163, 150)
(186, 167, 153)
(187, 169, 154)
(190, 173, 156)
(191, 177, 161)
(180, 171, 157)
(167, 160, 154)
(156, 159, 163)
(149, 155, 162)
(147, 157, 165)
(147, 156, 163)
(149, 157, 162)
(152, 159, 166)
(154, 161, 168)
(154, 164, 173)
(162, 174, 182)
(171, 184, 193)
(180, 191, 201)
(200, 223, 231)
(198, 221, 229)
(200, 222, 229)
(204, 225, 231)
(202, 221, 227)
(206, 224, 228)
(207, 225, 229)
(203, 227, 229)
(205, 226, 229)
(207, 226, 230)
(207, 227, 231)
(208, 229, 231)
(210, 229, 233)
(210, 227, 233)
(215, 229, 237)
(214, 229, 235)
(215, 229, 234)
(216, 229, 235)
(216, 230, 236)
(218, 231, 237)
(217, 230, 236)
(219, 232, 240)
(216, 229, 237)
(220, 233, 241)
(220, 233, 241)
(220, 233, 241)
(217, 232, 239)
(219, 234, 239)
(219, 234, 237)
(223, 235, 240)
(224, 231, 241)
(224, 235, 244)
(221, 235, 239)
(156, 163, 162)
(114, 103, 91)
(130, 114, 97)
(152, 130, 113)
(168, 146, 129)
(182, 157, 141)
(185, 159, 143)
(193, 164, 147)
(194, 163, 149)
(196, 167, 153)
(191, 160, 147)
(192, 162, 148)
(195, 171, 154)
(209, 180, 163)
(209, 181, 161)
(199, 171, 154)
(193, 167, 150)
(186, 161, 143)
(170, 142, 126)
(158, 127, 113)
(109, 80, 66)
(95, 67, 52)
(98, 70, 57)
(106, 77, 64)
(110, 80, 67)
(115, 87, 73)
(115, 89, 74)
(115, 92, 75)
(117, 97, 79)
(121, 96, 82)
(122, 96, 78)
(121, 94, 75)
(121, 94, 78)
(118, 91, 77)
(120, 89, 76)
(125, 90, 78)
(121, 87, 76)
(114, 81, 70)
(112, 83, 70)
(115, 87, 74)
(113, 88, 73)
(121, 97, 80)
(129, 106, 89)
(139, 117, 103)
(151, 129, 112)
(158, 134, 116)
(162, 136, 119)
(162, 136, 121)
(160, 134, 121)
(160, 136, 122)
(163, 139, 125)
(166, 139, 126)
(168, 141, 128)
(164, 140, 124)
(170, 144, 129)
(170, 142, 127)
(163, 140, 124)
(161, 139, 123)
(167, 145, 131)
(166, 146, 131)
(166, 147, 133)
(167, 146, 132)
(166, 144, 129)
(162, 141, 120)
(162, 141, 120)
(166, 146, 128)
(166, 146, 129)
(169, 146, 132)
(171, 144, 132)
(167, 139, 126)
(163, 134, 119)
(164, 135, 119)
(165, 136, 121)
(169, 142, 127)
(171, 145, 130)
(182, 155, 140)
(182, 154, 140)
(182, 163, 148)
(186, 167, 152)
(190, 171, 155)
(189, 175, 157)
(182, 171, 154)
(174, 167, 155)
(161, 157, 154)
(152, 157, 163)
(148, 156, 164)
(145, 156, 164)
(147, 157, 164)
(151, 159, 164)
(153, 160, 167)
(156, 165, 172)
(161, 171, 180)
(168, 182, 190)
(177, 191, 200)
(189, 202, 211)
(200, 222, 229)
(202, 223, 231)
(201, 223, 229)
(205, 224, 230)
(204, 223, 228)
(205, 224, 228)
(205, 225, 228)
(202, 225, 227)
(205, 226, 229)
(207, 226, 230)
(208, 229, 232)
(207, 228, 231)
(212, 231, 235)
(210, 228, 232)
(213, 229, 235)
(214, 229, 234)
(215, 230, 235)
(217, 230, 236)
(217, 230, 236)
(219, 232, 238)
(218, 233, 238)
(217, 231, 239)
(218, 231, 239)
(220, 233, 241)
(218, 231, 239)
(219, 233, 241)
(218, 233, 239)
(219, 234, 239)
(218, 233, 237)
(220, 233, 239)
(222, 231, 240)
(223, 236, 243)
(224, 237, 239)
(99, 100, 96)
(111, 95, 87)
(133, 116, 102)
(158, 135, 117)
(171, 150, 129)
(183, 158, 138)
(192, 164, 148)
(195, 166, 151)
(196, 164, 149)
(200, 171, 157)
(196, 162, 150)
(192, 160, 148)
(194, 167, 151)
(199, 167, 151)
(201, 170, 151)
(189, 159, 142)
(184, 156, 138)
(173, 145, 126)
(168, 138, 122)
(140, 105, 93)
(104, 69, 57)
(97, 65, 51)
(93, 65, 52)
(99, 69, 57)
(106, 76, 64)
(109, 80, 66)
(111, 85, 70)
(107, 84, 66)
(109, 88, 69)
(111, 85, 68)
(110, 83, 64)
(112, 82, 64)
(109, 79, 64)
(114, 81, 69)
(117, 79, 69)
(115, 76, 67)
(108, 76, 63)
(103, 68, 57)
(102, 68, 57)
(109, 76, 65)
(107, 79, 65)
(122, 97, 81)
(131, 110, 92)
(156, 135, 119)
(168, 145, 129)
(167, 142, 126)
(172, 146, 130)
(164, 138, 123)
(158, 133, 118)
(161, 141, 127)
(162, 143, 127)
(172, 150, 134)
(180, 157, 141)
(182, 160, 144)
(185, 162, 146)
(183, 157, 143)
(179, 156, 139)
(180, 157, 140)
(173, 151, 136)
(174, 153, 139)
(173, 152, 139)
(169, 147, 134)
(170, 148, 133)
(170, 150, 130)
(167, 145, 126)
(171, 148, 130)
(170, 148, 132)
(171, 146, 132)
(175, 146, 133)
(172, 145, 131)
(163, 139, 121)
(167, 141, 125)
(166, 140, 124)
(176, 150, 136)
(176, 150, 136)
(183, 155, 142)
(184, 154, 141)
(182, 159, 143)
(189, 166, 150)
(189, 168, 152)
(185, 168, 151)
(179, 167, 153)
(167, 160, 152)
(158, 156, 155)
(152, 160, 165)
(147, 156, 164)
(150, 160, 168)
(149, 157, 163)
(154, 161, 167)
(153, 162, 169)
(159, 169, 177)
(170, 182, 189)
(176, 190, 198)
(183, 197, 206)
(195, 208, 217)
(203, 222, 228)
(204, 223, 229)
(203, 222, 228)
(205, 224, 228)
(204, 223, 227)
(206, 225, 229)
(205, 226, 229)
(202, 225, 227)
(206, 227, 230)
(206, 225, 229)
(205, 226, 229)
(206, 228, 231)
(209, 230, 233)
(211, 230, 234)
(213, 231, 235)
(214, 230, 235)
(214, 229, 234)
(217, 230, 236)
(217, 232, 237)
(217, 232, 237)
(217, 232, 238)
(219, 233, 241)
(216, 230, 238)
(220, 233, 241)
(218, 232, 240)
(219, 234, 240)
(218, 233, 238)
(218, 234, 239)
(219, 234, 239)
(221, 234, 240)
(221, 232, 241)
(220, 233, 239)
(228, 238, 238)
(89, 84, 74)
(111, 93, 81)
(143, 123, 108)
(164, 142, 121)
(171, 149, 126)
(186, 159, 139)
(197, 167, 151)
(196, 167, 152)
(198, 166, 151)
(201, 172, 156)
(202, 168, 156)
(204, 170, 159)
(193, 163, 150)
(195, 160, 146)
(189, 154, 138)
(181, 150, 133)
(175, 147, 127)
(168, 138, 119)
(159, 126, 111)
(110, 73, 63)
(109, 71, 60)
(110, 73, 59)
(101, 71, 59)
(106, 74, 63)
(110, 76, 65)
(111, 78, 65)
(109, 78, 65)
(105, 79, 62)
(104, 78, 60)
(107, 75, 61)
(104, 70, 54)
(102, 66, 50)
(104, 69, 55)
(106, 69, 58)
(109, 67, 58)
(109, 68, 57)
(102, 70, 55)
(107, 75, 62)
(114, 82, 69)
(124, 95, 81)
(134, 108, 93)
(152, 130, 113)
(175, 156, 138)
(187, 169, 151)
(196, 173, 158)
(191, 166, 152)
(190, 164, 150)
(186, 161, 147)
(187, 164, 148)
(185, 167, 150)
(185, 170, 151)
(187, 168, 151)
(192, 171, 153)
(194, 173, 156)
(192, 170, 154)
(188, 163, 149)
(185, 160, 144)
(188, 164, 146)
(183, 160, 144)
(180, 157, 143)
(178, 154, 142)
(174, 152, 139)
(173, 151, 136)
(172, 152, 133)
(170, 146, 128)
(173, 147, 131)
(176, 153, 137)
(176, 150, 135)
(173, 142, 129)
(175, 148, 132)
(172, 147, 131)
(170, 144, 129)
(169, 143, 129)
(176, 151, 137)
(181, 156, 143)
(182, 156, 143)
(188, 158, 146)
(185, 160, 145)
(189, 164, 150)
(190, 166, 151)
(184, 165, 151)
(177, 166, 155)
(165, 161, 158)
(157, 159, 163)
(150, 159, 165)
(150, 160, 167)
(148, 157, 164)
(149, 157, 162)
(159, 166, 172)
(162, 172, 179)
(171, 183, 190)
(179, 191, 197)
(187, 201, 207)
(191, 207, 215)
(201, 215, 224)
(204, 222, 227)
(205, 224, 228)
(204, 222, 227)
(205, 224, 228)
(203, 222, 226)
(206, 224, 229)
(203, 223, 227)
(205, 228, 230)
(207, 228, 231)
(207, 226, 230)
(207, 228, 231)
(207, 230, 232)
(207, 229, 232)
(209, 230, 233)
(214, 232, 236)
(213, 230, 233)
(213, 229, 233)
(213, 228, 233)
(216, 231, 237)
(216, 231, 237)
(217, 232, 239)
(217, 232, 239)
(217, 231, 238)
(219, 233, 241)
(218, 232, 239)
(220, 235, 240)
(217, 233, 238)
(217, 233, 240)
(218, 234, 240)
(221, 236, 241)
(220, 233, 241)
(219, 233, 239)
(136, 146, 144)
(91, 82, 69)
(120, 101, 83)
(148, 127, 107)
(167, 147, 124)
(178, 152, 132)
(188, 158, 142)
(199, 168, 153)
(200, 171, 153)
(198, 168, 151)
(202, 173, 157)
(207, 172, 160)
(207, 173, 162)
(193, 163, 151)
(186, 149, 136)
(175, 138, 123)
(166, 134, 118)
(162, 133, 113)
(155, 126, 105)
(138, 105, 89)
(111, 73, 63)
(110, 70, 60)
(106, 67, 53)
(105, 72, 59)
(107, 73, 63)
(109, 73, 63)
(111, 75, 64)
(108, 73, 61)
(106, 74, 59)
(104, 73, 57)
(110, 70, 61)
(110, 70, 57)
(106, 65, 51)
(105, 67, 52)
(109, 70, 56)
(111, 69, 57)
(118, 76, 62)
(114, 80, 65)
(118, 88, 72)
(126, 101, 85)
(145, 124, 108)
(160, 140, 123)
(170, 149, 131)
(184, 164, 145)
(189, 172, 153)
(193, 171, 156)
(191, 166, 154)
(190, 164, 152)
(190, 167, 152)
(187, 166, 148)
(186, 169, 150)
(186, 169, 150)
(191, 170, 152)
(196, 172, 154)
(199, 174, 158)
(194, 169, 154)
(191, 162, 151)
(187, 161, 145)
(186, 160, 143)
(185, 161, 145)
(181, 157, 144)
(180, 156, 144)
(178, 155, 142)
(175, 153, 138)
(172, 151, 134)
(174, 148, 132)
(175, 148, 133)
(178, 155, 139)
(174, 146, 132)
(173, 141, 127)
(175, 148, 131)
(175, 149, 133)
(171, 143, 129)
(173, 147, 134)
(174, 150, 138)
(180, 158, 145)
(182, 157, 145)
(187, 160, 147)
(181, 158, 143)
(184, 161, 148)
(185, 164, 150)
(178, 163, 150)
(168, 161, 152)
(157, 160, 159)
(155, 161, 167)
(151, 161, 168)
(150, 160, 167)
(151, 160, 167)
(157, 166, 171)
(163, 170, 176)
(169, 180, 187)
(175, 188, 195)
(187, 199, 204)
(196, 210, 216)
(198, 214, 221)
(209, 223, 232)
(202, 220, 226)
(206, 224, 229)
(203, 223, 228)
(204, 226, 229)
(202, 223, 226)
(207, 227, 231)
(204, 225, 229)
(206, 227, 232)
(208, 227, 233)
(209, 226, 231)
(211, 229, 233)
(208, 228, 232)
(209, 230, 234)
(210, 229, 233)
(214, 231, 236)
(213, 230, 233)
(214, 230, 234)
(215, 230, 235)
(216, 231, 237)
(215, 231, 236)
(217, 233, 239)
(215, 231, 238)
(218, 232, 240)
(218, 231, 238)
(217, 231, 238)
(220, 235, 240)
(218, 233, 238)
(218, 233, 240)
(218, 234, 239)
(219, 234, 240)
(219, 232, 238)
(227, 239, 241)
(69, 74, 67)
(103, 87, 72)
(130, 110, 88)
(158, 136, 115)
(169, 151, 129)
(178, 153, 136)
(188, 157, 142)
(204, 170, 155)
(201, 170, 152)
(195, 163, 147)
(203, 172, 158)
(207, 173, 162)
(205, 171, 161)
(194, 163, 150)
(183, 148, 134)
(167, 131, 116)
(158, 123, 108)
(154, 121, 103)
(152, 123, 104)
(117, 83, 69)
(112, 71, 62)
(112, 70, 59)
(111, 70, 56)
(111, 74, 63)
(109, 71, 61)
(115, 77, 67)
(114, 76, 64)
(110, 73, 62)
(108, 74, 61)
(107, 74, 61)
(115, 72, 65)
(117, 72, 61)
(113, 68, 55)
(113, 73, 58)
(111, 75, 61)
(114, 77, 63)
(125, 88, 73)
(126, 94, 79)
(132, 106, 89)
(147, 127, 109)
(162, 145, 128)
(175, 154, 139)
(180, 157, 140)
(184, 162, 144)
(191, 170, 154)
(193, 169, 156)
(192, 165, 154)
(193, 168, 156)
(194, 173, 158)
(188, 168, 151)
(186, 167, 150)
(186, 167, 149)
(192, 170, 152)
(196, 172, 156)
(201, 176, 163)
(196, 170, 157)
(196, 167, 156)
(194, 168, 153)
(187, 163, 146)
(184, 160, 145)
(181, 158, 146)
(180, 157, 146)
(178, 156, 142)
(175, 153, 137)
(173, 148, 133)
(178, 149, 134)
(176, 147, 133)
(178, 152, 138)
(176, 148, 134)
(175, 145, 130)
(174, 147, 130)
(175, 149, 134)
(173, 148, 134)
(174, 150, 138)
(175, 152, 140)
(181, 159, 146)
(186, 162, 150)
(188, 163, 151)
(180, 159, 145)
(183, 161, 146)
(183, 162, 148)
(171, 159, 148)
(163, 161, 155)
(154, 161, 162)
(151, 162, 167)
(154, 166, 171)
(155, 166, 171)
(159, 167, 174)
(162, 170, 176)
(166, 176, 182)
(178, 190, 197)
(184, 197, 205)
(195, 206, 212)
(201, 215, 222)
(207, 222, 229)
(213, 227, 237)
(202, 221, 228)
(205, 225, 232)
(200, 224, 229)
(200, 225, 229)
(201, 225, 229)
(206, 228, 232)
(203, 224, 228)
(209, 228, 235)
(214, 230, 238)
(211, 226, 233)
(213, 228, 235)
(212, 227, 234)
(213, 230, 234)
(211, 229, 233)
(215, 230, 237)
(214, 229, 236)
(215, 230, 237)
(216, 231, 237)
(215, 230, 235)
(213, 231, 235)
(215, 231, 237)
(217, 232, 240)
(221, 232, 241)
(222, 232, 239)
(218, 232, 237)
(219, 234, 240)
(218, 232, 239)
(217, 232, 238)
(215, 230, 235)
(220, 233, 240)
(222, 234, 239)
(121, 130, 126)
(74, 69, 58)
(108, 87, 70)
(148, 122, 103)
(164, 141, 123)
(176, 158, 139)
(183, 160, 143)
(189, 159, 143)
(200, 165, 150)
(204, 170, 154)
(200, 164, 149)
(202, 167, 155)
(203, 169, 160)
(202, 168, 158)
(188, 156, 143)
(174, 142, 127)
(163, 131, 116)
(151, 113, 97)
(149, 112, 97)
(134, 105, 91)
(112, 78, 67)
(115, 71, 63)
(110, 69, 56)
(114, 72, 58)
(117, 75, 67)
(117, 75, 67)
(120, 79, 68)
(116, 76, 65)
(114, 76, 65)
(112, 75, 65)
(111, 75, 66)
(112, 72, 62)
(118, 72, 61)
(119, 73, 60)
(118, 79, 66)
(116, 85, 71)
(121, 92, 78)
(131, 102, 87)
(136, 112, 95)
(145, 122, 104)
(162, 140, 123)
(174, 151, 138)
(184, 159, 148)
(186, 160, 145)
(189, 163, 146)
(188, 161, 149)
(191, 161, 151)
(192, 164, 153)
(194, 171, 158)
(191, 172, 156)
(186, 164, 148)
(185, 162, 147)
(186, 164, 148)
(187, 166, 149)
(193, 174, 160)
(199, 178, 167)
(198, 177, 165)
(195, 171, 159)
(190, 167, 151)
(183, 161, 146)
(181, 160, 147)
(178, 157, 146)
(180, 158, 146)
(179, 155, 141)
(175, 149, 133)
(178, 148, 132)
(179, 147, 132)
(179, 149, 135)
(176, 146, 134)
(175, 146, 132)
(172, 144, 129)
(175, 148, 130)
(173, 150, 135)
(173, 152, 140)
(174, 153, 142)
(178, 155, 144)
(183, 158, 145)
(189, 164, 152)
(189, 168, 156)
(180, 159, 148)
(180, 158, 143)
(173, 154, 138)
(166, 158, 149)
(158, 161, 160)
(157, 167, 171)
(155, 169, 172)
(158, 171, 173)
(162, 172, 176)
(166, 173, 180)
(168, 178, 185)
(174, 187, 195)
(184, 197, 205)
(192, 204, 212)
(201, 211, 220)
(209, 222, 230)
(215, 228, 237)
(219, 233, 242)
(202, 222, 229)
(203, 225, 231)
(203, 225, 230)
(204, 226, 231)
(202, 224, 229)
(204, 227, 232)
(205, 226, 231)
(209, 228, 235)
(211, 227, 235)
(211, 227, 234)
(213, 229, 235)
(211, 227, 233)
(211, 229, 233)
(211, 229, 233)
(215, 231, 238)
(213, 229, 236)
(216, 231, 238)
(217, 232, 238)
(215, 231, 237)
(214, 232, 236)
(216, 232, 238)
(220, 232, 241)
(222, 232, 241)
(221, 232, 239)
(218, 234, 239)
(218, 236, 240)
(216, 234, 237)
(215, 231, 236)
(221, 236, 241)
(222, 237, 241)
(221, 230, 231)
(76, 73, 68)
(105, 91, 80)
(131, 111, 93)
(167, 144, 126)
(176, 154, 137)
(183, 161, 145)
(182, 158, 142)
(191, 162, 148)
(194, 161, 148)
(200, 164, 151)
(201, 163, 148)
(199, 162, 150)
(200, 166, 155)
(196, 165, 153)
(183, 151, 137)
(163, 131, 114)
(153, 120, 104)
(147, 115, 99)
(143, 108, 94)
(112, 78, 66)
(112, 77, 65)
(114, 74, 64)
(110, 75, 62)
(114, 77, 63)
(122, 77, 70)
(127, 81, 74)
(124, 77, 69)
(123, 77, 70)
(122, 76, 69)
(119, 75, 67)
(118, 77, 68)
(119, 81, 67)
(123, 81, 65)
(125, 81, 67)
(126, 88, 76)
(126, 95, 83)
(135, 106, 94)
(146, 117, 105)
(148, 123, 108)
(161, 134, 116)
(169, 139, 122)
(180, 149, 136)
(187, 157, 146)
(185, 159, 143)
(184, 158, 142)
(186, 156, 144)
(189, 162, 150)
(186, 162, 150)
(188, 166, 152)
(184, 161, 146)
(180, 154, 138)
(183, 156, 140)
(183, 160, 142)
(183, 163, 145)
(192, 173, 157)
(197, 179, 165)
(197, 178, 164)
(192, 173, 157)
(185, 166, 149)
(181, 162, 146)
(182, 162, 146)
(178, 157, 144)
(181, 157, 144)
(177, 149, 134)
(179, 149, 133)
(179, 149, 129)
(178, 148, 129)
(179, 149, 133)
(175, 145, 133)
(176, 146, 135)
(174, 144, 133)
(174, 144, 132)
(174, 149, 133)
(176, 154, 141)
(178, 156, 144)
(181, 159, 146)
(184, 159, 146)
(187, 162, 150)
(186, 164, 153)
(183, 162, 151)
(178, 158, 142)
(170, 155, 140)
(164, 161, 153)
(165, 171, 171)
(162, 173, 177)
(165, 179, 182)
(167, 179, 183)
(177, 187, 193)
(180, 190, 197)
(178, 191, 198)
(184, 198, 206)
(192, 205, 213)
(201, 213, 221)
(209, 219, 228)
(215, 227, 235)
(221, 234, 243)
(223, 237, 246)
(201, 224, 229)
(202, 224, 229)
(204, 225, 230)
(205, 226, 231)
(203, 224, 230)
(204, 227, 232)
(204, 226, 231)
(209, 228, 234)
(210, 227, 234)
(211, 227, 233)
(212, 228, 233)
(210, 227, 231)
(212, 231, 235)
(210, 229, 233)
(214, 231, 238)
(213, 229, 236)
(217, 232, 239)
(215, 231, 238)
(215, 231, 238)
(214, 231, 238)
(215, 232, 239)
(218, 233, 241)
(218, 231, 239)
(219, 233, 239)
(215, 232, 236)
(218, 235, 239)
(216, 232, 236)
(219, 234, 239)
(217, 233, 238)
(219, 233, 234)
(153, 157, 154)
(108, 96, 89)
(132, 112, 100)
(150, 130, 109)
(171, 151, 132)
(180, 157, 141)
(183, 157, 143)
(189, 160, 147)
(192, 163, 150)
(194, 162, 151)
(197, 159, 148)
(198, 159, 143)
(197, 159, 146)
(197, 164, 150)
(191, 162, 147)
(171, 141, 124)
(152, 120, 102)
(144, 109, 93)
(145, 112, 98)
(127, 85, 76)
(113, 72, 61)
(116, 75, 64)
(113, 75, 64)
(112, 77, 65)
(121, 82, 71)
(125, 82, 73)
(128, 84, 76)
(126, 81, 75)
(129, 84, 79)
(125, 79, 73)
(125, 79, 71)
(122, 80, 69)
(122, 85, 68)
(127, 86, 68)
(134, 92, 76)
(138, 102, 89)
(140, 109, 98)
(146, 115, 107)
(152, 121, 112)
(158, 130, 116)
(165, 136, 119)
(167, 135, 118)
(176, 143, 127)
(181, 149, 135)
(183, 154, 139)
(181, 153, 137)
(180, 152, 138)
(177, 152, 139)
(178, 153, 139)
(179, 151, 138)
(176, 149, 134)
(174, 148, 131)
(175, 149, 131)
(177, 151, 132)
(181, 157, 137)
(185, 163, 144)
(190, 169, 154)
(193, 171, 156)
(183, 162, 146)
(171, 152, 133)
(174, 154, 137)
(177, 155, 139)
(180, 155, 141)
(178, 151, 136)
(177, 147, 130)
(178, 145, 128)
(178, 149, 127)
(178, 150, 129)
(177, 148, 131)
(175, 145, 133)
(174, 144, 135)
(177, 147, 139)
(175, 145, 137)
(171, 145, 131)
(176, 152, 139)
(179, 157, 144)
(182, 158, 145)
(185, 159, 145)
(185, 161, 148)
(184, 162, 152)
(182, 161, 148)
(182, 165, 150)
(172, 164, 152)
(168, 170, 166)
(167, 175, 178)
(171, 183, 189)
(175, 188, 192)
(179, 189, 196)
(183, 194, 201)
(185, 198, 205)
(188, 202, 209)
(194, 209, 216)
(204, 217, 225)
(208, 218, 227)
(215, 226, 235)
(219, 231, 241)
(224, 237, 246)
(228, 241, 250)
(200, 225, 229)
(202, 224, 229)
(203, 224, 229)
(205, 224, 230)
(204, 224, 230)
(205, 227, 233)
(203, 226, 232)
(209, 228, 234)
(209, 227, 232)
(210, 227, 231)
(210, 228, 232)
(211, 229, 233)
(212, 231, 235)
(209, 228, 232)
(213, 230, 237)
(214, 230, 237)
(215, 231, 238)
(214, 230, 237)
(215, 232, 239)
(215, 232, 239)
(214, 232, 238)
(215, 234, 239)
(216, 232, 239)
(217, 233, 240)
(215, 232, 238)
(218, 234, 240)
(218, 231, 236)
(220, 232, 238)
(220, 234, 237)
(209, 217, 216)
(119, 115, 111)
(128, 110, 101)
(142, 120, 105)
(162, 139, 119)
(178, 156, 137)
(183, 158, 143)
(183, 153, 139)
(189, 156, 145)
(191, 159, 146)
(193, 160, 147)
(196, 156, 146)
(199, 159, 143)
(197, 160, 145)
(191, 159, 143)
(186, 157, 139)
(171, 141, 121)
(154, 121, 102)
(147, 111, 95)
(139, 100, 91)
(122, 75, 66)
(116, 70, 59)
(118, 75, 64)
(118, 78, 66)
(118, 82, 72)
(129, 86, 79)
(129, 92, 80)
(132, 93, 84)
(129, 89, 82)
(130, 89, 83)
(127, 85, 78)
(127, 86, 76)
(128, 88, 75)
(133, 96, 79)
(140, 100, 83)
(146, 106, 90)
(150, 113, 101)
(153, 120, 110)
(154, 121, 113)
(158, 125, 115)
(160, 128, 116)
(164, 134, 118)
(168, 139, 120)
(170, 141, 121)
(173, 141, 125)
(176, 144, 130)
(176, 145, 131)
(172, 147, 131)
(167, 145, 129)
(174, 149, 134)
(177, 147, 134)
(174, 144, 128)
(168, 142, 124)
(169, 141, 123)
(174, 144, 126)
(176, 148, 128)
(177, 151, 132)
(181, 156, 140)
(186, 159, 144)
(173, 146, 131)
(165, 141, 123)
(168, 144, 127)
(174, 147, 130)
(175, 145, 130)
(177, 146, 130)
(176, 144, 126)
(175, 143, 123)
(175, 147, 125)
(177, 149, 128)
(178, 149, 134)
(173, 145, 132)
(175, 147, 138)
(176, 147, 139)
(174, 145, 136)
(174, 147, 133)
(178, 153, 139)
(179, 155, 143)
(182, 157, 145)
(185, 159, 145)
(181, 158, 147)
(184, 164, 153)
(183, 164, 149)
(179, 167, 153)
(172, 170, 160)
(173, 180, 179)
(176, 188, 193)
(179, 192, 199)
(183, 195, 201)
(188, 198, 206)
(192, 204, 212)
(194, 208, 216)
(194, 210, 218)
(199, 215, 223)
(211, 222, 232)
(215, 225, 235)
(220, 232, 242)
(223, 236, 245)
(229, 242, 251)
(230, 243, 252)
(201, 226, 230)
(203, 225, 230)
(204, 224, 229)
(206, 225, 231)
(207, 226, 232)
(207, 227, 234)
(205, 228, 234)
(211, 229, 233)
(209, 227, 231)
(210, 228, 232)
(212, 230, 234)
(210, 229, 233)
(212, 231, 235)
(210, 229, 233)
(215, 232, 239)
(213, 230, 237)
(214, 230, 237)
(215, 231, 238)
(215, 232, 239)
(216, 233, 240)
(215, 233, 238)
(213, 233, 236)
(216, 234, 239)
(216, 234, 241)
(214, 232, 239)
(220, 236, 242)
(220, 232, 239)
(228, 239, 243)
(198, 206, 206)
(121, 119, 117)
(128, 114, 108)
(146, 125, 112)
(158, 134, 118)
(172, 145, 126)
(178, 154, 137)
(182, 154, 140)
(188, 152, 140)
(191, 153, 141)
(189, 154, 140)
(192, 155, 141)
(195, 153, 141)
(197, 157, 140)
(193, 157, 139)
(186, 153, 136)
(179, 151, 130)
(173, 144, 122)
(160, 126, 107)
(155, 118, 103)
(137, 95, 85)
(124, 74, 66)
(122, 77, 66)
(123, 84, 70)
(122, 85, 73)
(127, 90, 80)
(137, 89, 85)
(136, 100, 87)
(137, 102, 90)
(136, 100, 91)
(128, 91, 83)
(130, 93, 83)
(133, 95, 83)
(138, 100, 86)
(148, 111, 96)
(151, 113, 98)
(158, 120, 105)
(159, 124, 111)
(163, 129, 119)
(162, 128, 117)
(162, 128, 117)
(165, 133, 121)
(166, 136, 121)
(174, 145, 127)
(171, 143, 123)
(173, 143, 126)
(176, 144, 129)
(178, 146, 132)
(181, 155, 139)
(183, 165, 147)
(183, 165, 147)
(187, 163, 146)
(184, 155, 139)
(181, 153, 134)
(176, 146, 128)
(171, 141, 122)
(170, 143, 122)
(174, 147, 128)
(174, 147, 131)
(174, 145, 130)
(167, 137, 121)
(161, 132, 116)
(157, 127, 111)
(162, 130, 115)
(166, 131, 117)
(171, 137, 120)
(172, 138, 119)
(172, 139, 119)
(170, 142, 122)
(173, 146, 128)
(174, 146, 132)
(176, 148, 135)
(175, 148, 136)
(177, 150, 138)
(175, 148, 136)
(175, 147, 133)
(176, 151, 138)
(180, 156, 144)
(183, 158, 146)
(184, 159, 145)
(182, 159, 148)
(184, 163, 153)
(184, 167, 154)
(184, 176, 164)
(169, 172, 168)
(180, 192, 195)
(182, 196, 204)
(187, 201, 208)
(191, 204, 210)
(197, 207, 216)
(202, 213, 222)
(203, 217, 226)
(205, 221, 229)
(207, 224, 232)
(215, 227, 237)
(222, 231, 242)
(225, 238, 247)
(227, 240, 249)
(230, 243, 252)
(234, 245, 255)
(200, 223, 228)
(204, 226, 231)
(206, 227, 232)
(208, 227, 233)
(209, 228, 234)
(207, 227, 233)
(209, 228, 233)
(210, 228, 232)
(212, 230, 234)
(211, 229, 233)
(213, 232, 236)
(210, 229, 233)
(212, 231, 235)
(213, 232, 236)
(214, 231, 238)
(212, 229, 236)
(217, 233, 240)
(217, 232, 239)
(216, 232, 239)
(215, 232, 239)
(216, 232, 238)
(218, 233, 237)
(219, 233, 240)
(217, 233, 240)
(216, 233, 240)
(221, 236, 241)
(227, 238, 241)
(143, 148, 147)
(122, 121, 116)
(129, 116, 110)
(149, 127, 118)
(160, 137, 122)
(164, 138, 122)
(175, 144, 128)
(179, 152, 136)
(180, 151, 137)
(188, 151, 138)
(190, 149, 137)
(187, 147, 133)
(190, 151, 136)
(190, 148, 133)
(189, 152, 133)
(185, 151, 132)
(181, 148, 129)
(173, 143, 122)
(160, 129, 108)
(154, 120, 102)
(150, 114, 99)
(119, 78, 66)
(125, 81, 70)
(121, 86, 70)
(126, 96, 79)
(131, 99, 85)
(140, 105, 94)
(148, 103, 97)
(150, 112, 101)
(147, 110, 99)
(147, 110, 99)
(144, 106, 96)
(144, 106, 94)
(145, 106, 91)
(151, 112, 96)
(157, 119, 107)
(160, 124, 110)
(168, 133, 119)
(169, 136, 122)
(174, 142, 129)
(174, 142, 127)
(175, 145, 129)
(179, 153, 139)
(187, 158, 144)
(189, 157, 142)
(194, 161, 144)
(198, 168, 150)
(200, 171, 155)
(204, 176, 162)
(203, 178, 162)
(203, 183, 166)
(203, 185, 167)
(202, 179, 161)
(203, 176, 158)
(196, 167, 149)
(197, 170, 151)
(191, 166, 146)
(195, 173, 151)
(193, 171, 149)
(183, 160, 142)
(178, 152, 137)
(163, 136, 119)
(157, 127, 112)
(139, 107, 93)
(147, 111, 97)
(151, 113, 99)
(153, 116, 99)
(158, 123, 104)
(161, 127, 107)
(167, 137, 119)
(167, 138, 123)
(168, 139, 125)
(167, 139, 125)
(171, 145, 130)
(178, 152, 137)
(180, 154, 139)
(177, 151, 137)
(177, 153, 141)
(181, 159, 146)
(185, 161, 149)
(185, 161, 147)
(186, 163, 152)
(189, 169, 159)
(188, 176, 164)
(175, 172, 164)
(179, 187, 187)
(184, 200, 206)
(191, 207, 215)
(194, 209, 218)
(202, 216, 224)
(208, 219, 229)
(211, 222, 232)
(215, 228, 237)
(214, 228, 237)
(215, 230, 239)
(223, 234, 244)
(225, 236, 245)
(227, 240, 249)
(229, 242, 251)
(233, 246, 254)
(234, 247, 255)
(204, 224, 231)
(205, 225, 232)
(205, 225, 232)
(206, 225, 231)
(210, 228, 234)
(209, 227, 233)
(211, 227, 233)
(213, 229, 234)
(212, 230, 234)
(210, 229, 233)
(211, 230, 234)
(210, 229, 233)
(212, 231, 235)
(211, 230, 234)
(214, 231, 238)
(213, 229, 236)
(217, 232, 239)
(216, 231, 238)
(216, 231, 239)
(217, 233, 240)
(217, 231, 238)
(219, 232, 239)
(220, 232, 239)
(222, 234, 241)
(222, 234, 238)
(215, 224, 224)
(138, 141, 138)
(134, 129, 124)
(136, 124, 116)
(133, 113, 105)
(161, 137, 126)
(167, 140, 127)
(169, 138, 125)
(176, 142, 128)
(176, 146, 135)
(178, 148, 136)
(186, 151, 138)
(186, 145, 132)
(187, 144, 130)
(186, 145, 129)
(183, 145, 128)
(177, 144, 123)
(176, 144, 124)
(173, 140, 121)
(163, 131, 110)
(153, 121, 100)
(152, 119, 100)
(130, 95, 82)
(123, 86, 70)
(131, 93, 77)
(131, 102, 84)
(136, 108, 90)
(142, 108, 94)
(146, 112, 101)
(155, 113, 104)
(159, 119, 108)
(157, 118, 106)
(157, 118, 105)
(157, 119, 105)
(152, 115, 100)
(158, 120, 104)
(161, 123, 107)
(168, 131, 118)
(173, 139, 125)
(180, 150, 134)
(182, 152, 139)
(187, 157, 144)
(188, 159, 144)
(192, 165, 148)
(194, 169, 154)
(199, 168, 157)
(200, 165, 153)
(200, 165, 150)
(203, 172, 155)
(204, 177, 159)
(205, 180, 164)
(205, 181, 165)
(204, 179, 164)
(208, 182, 167)
(207, 182, 164)
(201, 174, 156)
(197, 169, 150)
(193, 165, 147)
(193, 168, 149)
(197, 176, 153)
(204, 185, 163)
(210, 190, 171)
(207, 186, 170)
(201, 180, 162)
(187, 162, 148)
(173, 144, 131)
(151, 118, 105)
(148, 112, 97)
(139, 102, 86)
(145, 108, 90)
(150, 115, 95)
(160, 127, 111)
(166, 134, 119)
(166, 135, 120)
(166, 135, 122)
(166, 138, 124)
(174, 147, 133)
(180, 154, 140)
(181, 156, 144)
(177, 155, 144)
(179, 158, 146)
(181, 159, 146)
(187, 162, 148)
(189, 166, 155)
(188, 169, 160)
(181, 172, 164)
(175, 177, 172)
(189, 202, 204)
(193, 210, 217)
(196, 213, 222)
(206, 222, 229)
(211, 225, 233)
(213, 227, 236)
(217, 228, 238)
(223, 233, 244)
(223, 236, 245)
(222, 236, 245)
(227, 240, 248)
(229, 240, 249)
(231, 244, 253)
(233, 246, 254)
(234, 247, 255)
(235, 248, 255)
(207, 225, 232)
(207, 226, 233)
(205, 225, 232)
(207, 226, 232)
(210, 227, 234)
(211, 227, 233)
(213, 227, 233)
(213, 229, 234)
(212, 229, 233)
(213, 231, 235)
(211, 230, 234)
(211, 230, 235)
(213, 232, 237)
(211, 230, 235)
(214, 231, 238)
(213, 229, 236)
(218, 233, 240)
(217, 232, 239)
(218, 232, 241)
(219, 233, 242)
(218, 233, 242)
(217, 233, 240)
(222, 235, 243)
(223, 233, 240)
(212, 218, 220)
(138, 137, 133)
(142, 132, 125)
(145, 128, 118)
(134, 113, 102)
(156, 135, 122)
(171, 145, 133)
(172, 142, 130)
(175, 141, 129)
(173, 138, 126)
(168, 138, 128)
(173, 144, 133)
(180, 147, 135)
(181, 141, 128)
(182, 139, 125)
(181, 140, 123)
(178, 144, 125)
(171, 140, 119)
(169, 138, 118)
(165, 132, 113)
(157, 123, 103)
(151, 118, 98)
(140, 107, 90)
(124, 90, 77)
(129, 94, 76)
(137, 101, 83)
(140, 110, 93)
(146, 114, 98)
(154, 115, 103)
(158, 122, 109)
(161, 122, 111)
(168, 127, 117)
(166, 127, 115)
(162, 125, 110)
(161, 126, 109)
(159, 124, 106)
(167, 132, 113)
(172, 137, 119)
(177, 143, 128)
(183, 152, 136)
(186, 160, 143)
(188, 162, 148)
(192, 166, 154)
(193, 168, 153)
(194, 171, 154)
(194, 167, 153)
(197, 167, 156)
(196, 163, 154)
(199, 165, 152)
(202, 171, 153)
(204, 176, 159)
(202, 176, 160)
(204, 178, 163)
(206, 177, 164)
(208, 180, 166)
(201, 176, 159)
(197, 170, 152)
(198, 167, 149)
(193, 161, 144)
(197, 168, 151)
(201, 176, 155)
(207, 186, 166)
(212, 192, 174)
(210, 191, 175)
(212, 193, 177)
(214, 194, 179)
(201, 179, 164)
(187, 157, 143)
(171, 137, 123)
(160, 123, 107)
(146, 109, 93)
(141, 105, 86)
(148, 112, 96)
(159, 123, 108)
(161, 126, 111)
(164, 131, 117)
(165, 135, 122)
(168, 140, 128)
(172, 145, 133)
(177, 154, 142)
(175, 154, 143)
(178, 157, 146)
(181, 159, 146)
(185, 162, 147)
(185, 163, 151)
(185, 167, 159)
(177, 171, 165)
(187, 190, 189)
(193, 208, 212)
(198, 215, 223)
(208, 224, 232)
(211, 226, 233)
(216, 232, 239)
(219, 233, 242)
(223, 234, 244)
(228, 238, 248)
(227, 238, 248)
(226, 240, 249)
(230, 243, 251)
(233, 244, 253)
(233, 246, 255)
(235, 248, 255)
(235, 248, 255)
(235, 248, 255)
(207, 224, 232)
(208, 227, 234)
(205, 226, 232)
(209, 230, 235)
(210, 228, 234)
(211, 227, 232)
(213, 228, 233)
(213, 229, 234)
(212, 228, 233)
(214, 232, 236)
(213, 231, 235)
(212, 231, 236)
(215, 233, 239)
(213, 231, 237)
(217, 234, 241)
(214, 230, 237)
(218, 232, 240)
(217, 232, 239)
(217, 233, 241)
(217, 233, 241)
(215, 232, 239)
(215, 234, 240)
(215, 229, 234)
(221, 229, 232)
(128, 125, 124)
(149, 136, 127)
(158, 136, 125)
(155, 127, 115)
(158, 130, 116)
(163, 138, 124)
(173, 146, 133)
(177, 144, 133)
(174, 139, 127)
(172, 136, 126)
(165, 134, 124)
(169, 139, 129)
(170, 139, 126)
(171, 133, 119)
(174, 131, 116)
(175, 136, 118)
(170, 138, 119)
(166, 137, 116)
(162, 130, 110)
(158, 124, 105)
(156, 121, 101)
(147, 113, 94)
(132, 100, 84)
(131, 100, 87)
(136, 101, 84)
(146, 110, 93)
(147, 114, 97)
(159, 121, 105)
(166, 123, 109)
(165, 126, 112)
(169, 131, 117)
(175, 135, 124)
(173, 135, 123)
(166, 132, 116)
(167, 136, 116)
(165, 134, 114)
(170, 139, 119)
(177, 146, 126)
(185, 152, 135)
(190, 163, 144)
(193, 168, 149)
(194, 169, 155)
(195, 170, 158)
(196, 171, 157)
(196, 172, 155)
(195, 165, 150)
(193, 163, 152)
(194, 163, 153)
(198, 167, 154)
(201, 169, 152)
(203, 172, 154)
(207, 177, 160)
(207, 177, 162)
(210, 179, 167)
(204, 177, 162)
(195, 172, 155)
(193, 167, 149)
(197, 161, 145)
(195, 157, 143)
(195, 160, 145)
(201, 171, 152)
(205, 179, 159)
(209, 188, 168)
(209, 190, 173)
(212, 193, 175)
(211, 194, 177)
(207, 187, 171)
(206, 180, 163)
(208, 178, 163)
(194, 161, 146)
(174, 139, 124)
(136, 99, 84)
(141, 102, 86)
(146, 107, 92)
(151, 113, 99)
(162, 126, 112)
(163, 128, 117)
(166, 135, 124)
(172, 142, 132)
(173, 149, 137)
(171, 151, 139)
(175, 155, 144)
(178, 158, 145)
(183, 162, 148)
(184, 165, 152)
(186, 170, 161)
(178, 177, 174)
(200, 207, 208)
(203, 218, 224)
(208, 224, 232)
(215, 229, 238)
(221, 234, 242)
(221, 235, 243)
(227, 241, 250)
(229, 240, 250)
(233, 243, 253)
(232, 242, 252)
(233, 245, 254)
(233, 245, 253)
(232, 245, 252)
(235, 248, 255)
(234, 247, 254)
(234, 247, 255)
(236, 248, 255)
(208, 227, 233)
(209, 228, 235)
(205, 225, 232)
(209, 229, 236)
(208, 227, 233)
(210, 229, 233)
(211, 229, 233)
(212, 229, 236)
(213, 230, 237)
(213, 230, 237)
(215, 232, 239)
(213, 230, 237)
(218, 233, 240)
(214, 230, 237)
(216, 232, 240)
(217, 230, 237)
(220, 233, 240)
(215, 232, 240)
(216, 234, 242)
(216, 234, 239)
(219, 235, 240)
(218, 232, 233)
(210, 216, 213)
(124, 117, 116)
(154, 134, 128)
(159, 133, 119)
(157, 129, 117)
(160, 128, 115)
(171, 136, 121)
(174, 140, 127)
(178, 146, 134)
(179, 147, 135)
(171, 137, 127)
(170, 133, 126)
(164, 129, 117)
(165, 130, 116)
(166, 131, 116)
(166, 127, 112)
(165, 125, 109)
(162, 125, 108)
(165, 134, 116)
(161, 130, 111)
(156, 121, 103)
(153, 116, 98)
(150, 114, 97)
(133, 101, 84)
(132, 103, 87)
(134, 107, 91)
(149, 115, 101)
(153, 117, 101)
(158, 121, 103)
(168, 130, 109)
(173, 135, 114)
(172, 134, 115)
(176, 139, 121)
(179, 138, 127)
(180, 142, 130)
(177, 143, 131)
(178, 144, 131)
(179, 144, 129)
(182, 149, 130)
(186, 154, 134)
(194, 161, 143)
(198, 168, 149)
(199, 172, 154)
(197, 171, 157)
(197, 171, 158)
(198, 170, 156)
(200, 171, 155)
(196, 164, 149)
(193, 163, 147)
(195, 163, 149)
(199, 166, 152)
(204, 171, 156)
(203, 173, 155)
(205, 177, 158)
(207, 179, 162)
(208, 178, 163)
(204, 175, 161)
(197, 171, 155)
(191, 164, 147)
(193, 160, 143)
(193, 155, 140)
(194, 157, 140)
(190, 155, 135)
(196, 166, 145)
(202, 180, 156)
(205, 186, 163)
(208, 190, 168)
(206, 188, 166)
(208, 185, 165)
(209, 181, 162)
(210, 185, 165)
(212, 191, 172)
(210, 185, 171)
(193, 157, 150)
(162, 124, 112)
(138, 99, 85)
(144, 105, 92)
(144, 105, 92)
(153, 117, 104)
(163, 129, 118)
(167, 137, 125)
(171, 144, 130)
(170, 149, 137)
(169, 152, 143)
(177, 159, 148)
(179, 161, 148)
(179, 164, 151)
(177, 168, 159)
(189, 196, 199)
(204, 214, 220)
(208, 221, 229)
(217, 230, 239)
(221, 232, 242)
(229, 238, 248)
(232, 240, 251)
(233, 244, 254)
(234, 245, 254)
(236, 247, 255)
(235, 246, 254)
(235, 247, 253)
(236, 248, 254)
(238, 250, 255)
(235, 250, 254)
(234, 249, 254)
(236, 249, 255)
(237, 249, 255)
(208, 227, 233)
(207, 226, 233)
(207, 227, 234)
(208, 228, 235)
(210, 229, 235)
(212, 230, 234)
(212, 230, 234)
(213, 229, 236)
(212, 229, 236)
(213, 230, 237)
(214, 231, 238)
(213, 230, 237)
(216, 232, 239)
(216, 231, 238)
(217, 231, 240)
(216, 230, 236)
(218, 233, 239)
(216, 232, 240)
(217, 234, 242)
(217, 233, 238)
(221, 233, 239)
(205, 212, 211)
(131, 129, 117)
(146, 131, 119)
(157, 129, 119)
(162, 127, 115)
(164, 127, 115)
(168, 134, 119)
(171, 138, 122)
(176, 142, 129)
(172, 140, 127)
(173, 141, 127)
(171, 137, 125)
(167, 132, 122)
(158, 126, 113)
(159, 128, 114)
(162, 130, 115)
(162, 126, 112)
(159, 120, 107)
(158, 120, 106)
(157, 122, 107)
(149, 115, 96)
(148, 112, 94)
(145, 108, 91)
(137, 101, 86)
(133, 102, 86)
(143, 113, 97)
(149, 118, 104)
(156, 123, 110)
(157, 124, 109)
(161, 126, 109)
(169, 132, 113)
(173, 136, 116)
(173, 137, 118)
(177, 142, 124)
(177, 141, 127)
(180, 145, 131)
(181, 147, 134)
(185, 150, 138)
(185, 149, 136)
(186, 152, 136)
(192, 159, 142)
(196, 165, 147)
(202, 172, 154)
(201, 172, 155)
(200, 172, 159)
(200, 171, 158)
(197, 168, 153)
(199, 168, 151)
(195, 162, 148)
(191, 159, 146)
(194, 162, 149)
(195, 164, 150)
(198, 167, 151)
(204, 175, 158)
(209, 181, 162)
(209, 181, 163)
(209, 178, 163)
(203, 173, 159)
(194, 165, 151)
(190, 162, 145)
(193, 161, 145)
(191, 157, 140)
(187, 153, 135)
(187, 150, 132)
(194, 160, 140)
(197, 170, 148)
(202, 180, 158)
(206, 187, 165)
(208, 184, 164)
(209, 179, 161)
(208, 176, 157)
(213, 184, 166)
(214, 190, 171)
(220, 196, 181)
(224, 194, 183)
(215, 187, 174)
(184, 154, 142)
(143, 108, 98)
(125, 88, 77)
(138, 105, 92)
(144, 116, 102)
(154, 131, 115)
(162, 137, 124)
(163, 142, 130)
(167, 148, 138)
(174, 155, 144)
(175, 159, 147)
(179, 168, 158)
(180, 175, 169)
(204, 213, 218)
(211, 221, 229)
(217, 228, 237)
(222, 233, 243)
(227, 238, 248)
(231, 242, 251)
(233, 243, 252)
(236, 248, 255)
(235, 248, 255)
(236, 249, 255)
(234, 247, 253)
(235, 248, 254)
(237, 250, 255)
(235, 249, 253)
(235, 251, 254)
(234, 249, 254)
(235, 250, 255)
(234, 247, 255)
(207, 226, 233)
(209, 228, 235)
(208, 228, 235)
(210, 230, 236)
(210, 229, 235)
(212, 230, 234)
(214, 230, 235)
(213, 229, 236)
(213, 229, 236)
(215, 231, 238)
(213, 230, 237)
(214, 231, 238)
(216, 232, 239)
(215, 231, 238)
(217, 231, 240)
(216, 232, 237)
(217, 233, 239)
(215, 232, 240)
(216, 232, 240)
(221, 234, 241)
(227, 235, 241)
(130, 131, 128)
(131, 123, 104)
(154, 131, 112)
(158, 124, 109)
(163, 124, 109)
(169, 128, 115)
(169, 133, 117)
(171, 138, 122)
(172, 138, 125)
(169, 135, 122)
(170, 136, 121)
(168, 135, 120)
(164, 133, 119)
(157, 126, 113)
(156, 127, 113)
(156, 127, 112)
(153, 120, 106)
(154, 117, 103)
(152, 113, 100)
(147, 109, 95)
(143, 106, 88)
(141, 103, 86)
(138, 102, 86)
(131, 96, 84)
(138, 107, 93)
(144, 113, 99)
(158, 126, 113)
(158, 126, 112)
(157, 124, 109)
(162, 128, 111)
(170, 134, 116)
(177, 141, 123)
(176, 142, 125)
(178, 145, 128)
(177, 144, 128)
(180, 148, 133)
(181, 148, 134)
(188, 153, 141)
(190, 153, 141)
(192, 157, 143)
(194, 162, 147)
(196, 165, 150)
(202, 172, 156)
(201, 172, 156)
(199, 169, 156)
(199, 168, 155)
(195, 163, 148)
(193, 160, 144)
(192, 157, 144)
(191, 156, 144)
(195, 163, 150)
(199, 167, 154)
(199, 169, 155)
(209, 181, 166)
(215, 188, 170)
(211, 183, 164)
(209, 179, 163)
(206, 174, 160)
(198, 168, 154)
(192, 162, 147)
(191, 159, 144)
(188, 157, 141)
(186, 153, 136)
(190, 152, 135)
(194, 157, 139)
(198, 166, 146)
(202, 176, 155)
(204, 184, 162)
(208, 181, 161)
(205, 171, 153)
(205, 168, 150)
(208, 175, 157)
(215, 188, 168)
(221, 198, 181)
(227, 203, 188)
(226, 201, 191)
(215, 189, 179)
(197, 167, 158)
(151, 119, 109)
(130, 99, 87)
(134, 106, 92)
(139, 113, 98)
(150, 125, 111)
(159, 137, 124)
(163, 141, 129)
(176, 155, 143)
(175, 160, 149)
(173, 166, 159)
(185, 186, 184)
(212, 222, 229)
(218, 228, 236)
(222, 232, 242)
(226, 237, 247)
(230, 241, 250)
(233, 245, 253)
(232, 245, 252)
(235, 250, 255)
(234, 249, 254)
(236, 251, 255)
(233, 248, 253)
(236, 251, 255)
(236, 251, 255)
(235, 250, 254)
(236, 251, 255)
(234, 249, 254)
(234, 249, 255)
(233, 248, 255)
(208, 227, 234)
(210, 229, 236)
(207, 226, 233)
(210, 230, 236)
(209, 228, 234)
(212, 230, 234)
(213, 230, 235)
(216, 230, 239)
(216, 230, 239)
(215, 230, 239)
(215, 231, 239)
(215, 231, 239)
(214, 231, 239)
(214, 230, 238)
(219, 232, 241)
(217, 232, 237)
(219, 235, 241)
(216, 233, 241)
(219, 234, 243)
(220, 230, 238)
(211, 215, 219)
(124, 121, 112)
(137, 122, 99)
(160, 132, 109)
(161, 124, 105)
(163, 124, 106)
(168, 131, 113)
(170, 135, 119)
(171, 138, 122)
(169, 134, 121)
(165, 129, 115)
(165, 130, 115)
(162, 129, 113)
(159, 128, 112)
(155, 125, 109)
(156, 127, 111)
(152, 124, 108)
(149, 119, 102)
(150, 115, 100)
(146, 107, 92)
(142, 102, 86)
(133, 95, 76)
(139, 102, 84)
(137, 102, 88)
(136, 104, 92)
(141, 112, 100)
(152, 120, 107)
(162, 127, 114)
(161, 129, 114)
(158, 125, 110)
(163, 127, 111)
(171, 134, 116)
(180, 144, 127)
(175, 140, 124)
(179, 146, 130)
(178, 147, 128)
(179, 147, 131)
(179, 146, 131)
(184, 148, 135)
(194, 157, 146)
(195, 162, 149)
(194, 165, 151)
(196, 165, 153)
(200, 171, 156)
(200, 169, 155)
(196, 165, 152)
(195, 163, 150)
(194, 159, 143)
(190, 154, 138)
(193, 155, 142)
(196, 159, 147)
(202, 168, 156)
(199, 169, 155)
(203, 175, 161)
(212, 186, 171)
(216, 190, 173)
(213, 185, 166)
(211, 181, 164)
(210, 178, 164)
(205, 173, 160)
(198, 169, 155)
(195, 165, 150)
(188, 158, 143)
(191, 158, 142)
(191, 154, 138)
(194, 157, 139)
(198, 164, 145)
(203, 175, 154)
(208, 183, 162)
(205, 174, 155)
(205, 168, 150)
(204, 164, 146)
(203, 166, 147)
(212, 182, 163)
(221, 197, 178)
(226, 203, 186)
(231, 205, 192)
(228, 202, 192)
(220, 195, 184)
(213, 186, 175)
(163, 134, 123)
(130, 97, 86)
(138, 102, 90)
(143, 118, 103)
(151, 126, 112)
(164, 138, 124)
(174, 150, 137)
(174, 159, 151)
(169, 167, 163)
(201, 208, 208)
(220, 232, 238)
(219, 231, 239)
(227, 237, 246)
(230, 240, 249)
(234, 246, 254)
(233, 248, 254)
(234, 249, 254)
(237, 251, 255)
(236, 250, 254)
(237, 252, 255)
(235, 250, 255)
(235, 250, 255)
(235, 249, 254)
(237, 250, 255)
(238, 250, 255)
(235, 248, 254)
(234, 249, 255)
(231, 246, 253)
(209, 226, 234)
(208, 227, 234)
(210, 229, 235)
(208, 227, 233)
(206, 225, 230)
(214, 232, 236)
(213, 230, 235)
(217, 230, 239)
(219, 232, 241)
(218, 231, 240)
(218, 232, 241)
(215, 231, 239)
(215, 232, 240)
(215, 232, 240)
(220, 234, 242)
(217, 232, 237)
(221, 237, 243)
(217, 234, 241)
(222, 236, 244)
(222, 231, 238)
(165, 166, 167)
(128, 118, 104)
(140, 116, 98)
(155, 118, 103)
(157, 117, 99)
(158, 122, 99)
(158, 124, 105)
(168, 134, 117)
(169, 133, 118)
(168, 130, 118)
(162, 123, 110)
(158, 122, 106)
(157, 123, 106)
(151, 119, 101)
(149, 116, 98)
(154, 122, 102)
(148, 119, 100)
(141, 111, 92)
(139, 105, 85)
(137, 100, 81)
(136, 96, 77)
(134, 97, 77)
(140, 104, 88)
(150, 117, 104)
(153, 125, 113)
(167, 140, 129)
(159, 128, 115)
(168, 133, 119)
(164, 129, 113)
(161, 126, 109)
(166, 129, 112)
(168, 129, 112)
(173, 134, 118)
(174, 137, 121)
(174, 139, 123)
(177, 143, 125)
(178, 144, 127)
(179, 144, 129)
(181, 145, 131)
(190, 155, 142)
(187, 157, 143)
(191, 165, 150)
(194, 163, 151)
(196, 165, 151)
(194, 162, 147)
(194, 159, 146)
(191, 156, 142)
(192, 156, 140)
(189, 152, 135)
(191, 153, 139)
(197, 159, 145)
(201, 166, 152)
(202, 173, 157)
(207, 182, 164)
(215, 189, 172)
(218, 191, 174)
(213, 186, 168)
(211, 182, 166)
(209, 179, 164)
(208, 177, 164)
(202, 173, 160)
(196, 168, 155)
(196, 167, 152)
(197, 164, 149)
(196, 162, 145)
(198, 164, 147)
(198, 168, 150)
(201, 171, 153)
(205, 175, 157)
(200, 167, 150)
(200, 164, 147)
(201, 162, 145)
(202, 164, 145)
(206, 172, 153)
(217, 189, 170)
(220, 195, 177)
(229, 202, 186)
(232, 208, 193)
(231, 209, 194)
(227, 205, 191)
(222, 196, 183)
(203, 169, 158)
(163, 126, 116)
(142, 115, 100)
(150, 123, 106)
(160, 130, 113)
(172, 147, 133)
(175, 162, 155)
(178, 180, 178)
(214, 225, 228)
(222, 235, 243)
(225, 238, 246)
(230, 241, 250)
(235, 245, 254)
(236, 248, 255)
(234, 250, 255)
(234, 250, 254)
(239, 251, 254)
(238, 250, 253)
(239, 253, 255)
(238, 252, 255)
(237, 249, 255)
(236, 248, 254)
(237, 248, 253)
(239, 248, 254)
(238, 250, 255)
(237, 250, 255)
(235, 248, 255)
(210, 226, 235)
(211, 230, 237)
(206, 225, 231)
(212, 231, 236)
(208, 227, 231)
(213, 231, 235)
(213, 229, 234)
(217, 231, 239)
(218, 231, 239)
(218, 231, 239)
(217, 231, 239)
(217, 232, 240)
(217, 233, 241)
(215, 232, 239)
(218, 233, 240)
(218, 233, 238)
(219, 234, 239)
(218, 234, 240)
(222, 237, 244)
(222, 231, 237)
(164, 165, 165)
(132, 117, 104)
(142, 112, 100)
(154, 114, 104)
(153, 111, 96)
(155, 118, 95)
(160, 125, 105)
(166, 129, 114)
(165, 126, 114)
(161, 121, 110)
(158, 118, 107)
(153, 115, 101)
(149, 114, 98)
(143, 110, 94)
(144, 111, 92)
(148, 117, 96)
(140, 112, 90)
(135, 106, 84)
(134, 100, 80)
(132, 96, 75)
(133, 96, 74)
(133, 97, 78)
(145, 110, 95)
(163, 132, 119)
(170, 142, 130)
(175, 148, 136)
(174, 143, 130)
(159, 124, 110)
(165, 129, 112)
(163, 125, 108)
(163, 123, 106)
(165, 125, 108)
(167, 127, 111)
(172, 133, 118)
(170, 133, 118)
(173, 136, 120)
(174, 138, 122)
(172, 136, 121)
(175, 139, 125)
(183, 148, 134)
(184, 155, 139)
(184, 158, 143)
(190, 156, 144)
(188, 155, 140)
(186, 152, 137)
(188, 152, 138)
(190, 152, 139)
(192, 154, 139)
(194, 156, 139)
(195, 158, 142)
(201, 163, 147)
(200, 167, 150)
(203, 176, 159)
(213, 190, 172)
(217, 192, 176)
(217, 189, 173)
(213, 185, 170)
(210, 183, 167)
(208, 180, 166)
(207, 177, 164)
(202, 174, 161)
(197, 171, 158)
(200, 172, 157)
(203, 170, 155)
(199, 167, 152)
(204, 174, 157)
(204, 176, 159)
(205, 176, 159)
(209, 175, 160)
(204, 172, 157)
(199, 167, 149)
(199, 162, 144)
(201, 164, 146)
(204, 167, 149)
(214, 182, 164)
(219, 191, 175)
(220, 199, 179)
(226, 207, 187)
(228, 207, 190)
(230, 207, 192)
(231, 205, 192)
(229, 200, 188)
(217, 188, 175)
(183, 157, 142)
(168, 139, 121)
(162, 133, 115)
(164, 142, 128)
(164, 156, 150)
(200, 204, 204)
(222, 234, 239)
(225, 239, 247)
(227, 240, 248)
(233, 246, 253)
(236, 248, 254)
(235, 248, 254)
(237, 251, 255)
(236, 250, 253)
(242, 252, 254)
(239, 250, 253)
(240, 251, 255)
(240, 252, 255)
(238, 250, 255)
(239, 248, 255)
(238, 248, 254)
(240, 249, 255)
(239, 249, 255)
(238, 249, 255)
(234, 247, 255)
(211, 227, 235)
(211, 230, 237)
(209, 228, 233)
(213, 232, 236)
(210, 229, 233)
(214, 231, 236)
(215, 231, 236)
(217, 231, 239)
(218, 231, 239)
(220, 233, 241)
(219, 232, 240)
(217, 232, 239)
(216, 232, 239)
(216, 233, 240)
(219, 234, 240)
(219, 233, 239)
(221, 235, 240)
(219, 235, 241)
(221, 235, 242)
(224, 236, 241)
(196, 198, 200)
(134, 119, 110)
(140, 111, 100)
(150, 110, 100)
(150, 110, 95)
(151, 114, 92)
(158, 120, 102)
(162, 122, 110)
(161, 120, 110)
(154, 114, 104)
(152, 114, 103)
(147, 111, 97)
(143, 109, 94)
(139, 107, 92)
(136, 106, 87)
(139, 111, 90)
(135, 107, 87)
(133, 104, 84)
(131, 97, 78)
(128, 93, 73)
(133, 97, 75)
(141, 105, 88)
(155, 120, 106)
(173, 141, 127)
(179, 151, 137)
(184, 156, 142)
(186, 155, 141)
(168, 133, 119)
(168, 131, 114)
(161, 121, 104)
(157, 115, 99)
(160, 118, 103)
(161, 119, 105)
(169, 128, 115)
(168, 130, 116)
(170, 131, 117)
(170, 133, 118)
(169, 133, 117)
(173, 137, 122)
(177, 141, 126)
(181, 149, 133)
(180, 150, 134)
(184, 148, 135)
(182, 147, 131)
(183, 147, 131)
(188, 151, 136)
(193, 155, 142)
(197, 159, 144)
(198, 161, 145)
(197, 162, 147)
(199, 163, 147)
(202, 169, 154)
(206, 180, 163)
(215, 193, 175)
(218, 193, 178)
(218, 189, 176)
(215, 186, 173)
(211, 187, 172)
(208, 182, 168)
(205, 178, 165)
(202, 175, 162)
(199, 174, 161)
(203, 177, 162)
(207, 178, 162)
(206, 176, 161)
(211, 181, 165)
(211, 183, 167)
(211, 182, 167)
(211, 180, 165)
(208, 177, 162)
(207, 176, 159)
(201, 168, 150)
(199, 164, 146)
(204, 168, 150)
(207, 174, 157)
(217, 187, 171)
(213, 194, 174)
(221, 203, 183)
(219, 196, 181)
(230, 204, 192)
(233, 207, 194)
(230, 205, 192)
(222, 199, 184)
(216, 190, 175)
(206, 179, 161)
(189, 163, 144)
(175, 158, 144)
(174, 171, 167)
(219, 226, 227)
(225, 237, 243)
(231, 244, 252)
(231, 243, 250)
(235, 248, 255)
(236, 250, 255)
(237, 250, 255)
(239, 251, 255)
(238, 250, 254)
(242, 251, 255)
(239, 249, 253)
(241, 252, 255)
(241, 252, 255)
(239, 250, 255)
(239, 248, 255)
(239, 248, 254)
(241, 250, 255)
(238, 248, 255)
(237, 248, 255)
(234, 247, 255)
(211, 228, 236)
(208, 225, 233)
(210, 229, 233)
(211, 230, 234)
(209, 228, 232)
(214, 232, 236)
(215, 230, 237)
(217, 232, 239)
(218, 232, 240)
(220, 233, 241)
(218, 231, 239)
(219, 233, 241)
(218, 234, 241)
(215, 232, 239)
(219, 236, 242)
(221, 234, 240)
(224, 237, 243)
(221, 235, 242)
(221, 236, 242)
(221, 234, 239)
(228, 235, 238)
(134, 124, 120)
(143, 119, 106)
(140, 107, 93)
(147, 112, 96)
(145, 111, 92)
(149, 111, 96)
(153, 111, 100)
(151, 111, 100)
(147, 109, 99)
(145, 110, 99)
(139, 107, 93)
(135, 104, 89)
(135, 103, 90)
(129, 102, 86)
(130, 109, 89)
(134, 110, 93)
(128, 99, 84)
(125, 91, 77)
(128, 92, 77)
(139, 104, 85)
(154, 118, 103)
(167, 131, 117)
(178, 145, 130)
(186, 154, 139)
(189, 159, 143)
(195, 163, 148)
(189, 151, 138)
(174, 137, 120)
(161, 122, 106)
(153, 111, 96)
(152, 110, 97)
(155, 113, 101)
(158, 118, 106)
(159, 121, 109)
(161, 122, 109)
(160, 124, 110)
(161, 126, 110)
(165, 130, 114)
(170, 133, 117)
(172, 135, 119)
(169, 133, 117)
(168, 130, 116)
(174, 136, 120)
(186, 149, 131)
(194, 156, 141)
(196, 158, 144)
(200, 162, 148)
(201, 165, 150)
(195, 163, 148)
(197, 162, 148)
(200, 168, 153)
(203, 178, 161)
(213, 191, 175)
(218, 191, 179)
(220, 189, 178)
(217, 188, 176)
(214, 192, 178)
(209, 188, 174)
(200, 176, 162)
(202, 176, 163)
(204, 179, 166)
(207, 185, 169)
(208, 183, 166)
(211, 182, 167)
(214, 183, 170)
(215, 186, 172)
(215, 187, 173)
(214, 186, 172)
(216, 185, 172)
(215, 183, 169)
(207, 176, 158)
(204, 171, 153)
(207, 173, 155)
(209, 177, 160)
(214, 185, 169)
(215, 192, 176)
(214, 192, 177)
(220, 193, 182)
(226, 198, 188)
(233, 206, 194)
(232, 207, 193)
(226, 203, 187)
(222, 197, 184)
(213, 188, 174)
(205, 183, 167)
(191, 180, 169)
(202, 204, 203)
(226, 237, 240)
(228, 242, 249)
(233, 246, 253)
(233, 246, 252)
(234, 249, 253)
(235, 250, 253)
(238, 252, 255)
(239, 250, 255)
(239, 249, 255)
(242, 251, 255)
(238, 248, 253)
(239, 251, 255)
(239, 251, 255)
(238, 249, 255)
(240, 249, 255)
(238, 248, 254)
(238, 250, 255)
(236, 248, 254)
(236, 249, 255)
(234, 247, 255)
(212, 229, 237)
(210, 229, 236)
(208, 227, 232)
(211, 230, 234)
(209, 227, 231)
(217, 234, 238)
(215, 231, 237)
(215, 231, 237)
(216, 231, 237)
(219, 232, 239)
(218, 231, 239)
(218, 232, 240)
(218, 233, 240)
(219, 235, 242)
(219, 236, 242)
(223, 237, 242)
(222, 235, 241)
(223, 236, 243)
(223, 238, 244)
(224, 237, 243)
(223, 234, 240)
(199, 199, 200)
(142, 130, 115)
(139, 117, 99)
(141, 114, 97)
(144, 114, 98)
(147, 111, 99)
(148, 108, 98)
(146, 108, 96)
(144, 110, 99)
(139, 110, 97)
(138, 110, 97)
(136, 110, 97)
(128, 104, 92)
(124, 108, 95)
(140, 128, 114)
(151, 133, 122)
(126, 98, 87)
(122, 89, 78)
(132, 99, 84)
(144, 111, 95)
(158, 124, 110)
(174, 139, 125)
(184, 149, 134)
(193, 160, 144)
(194, 164, 146)
(201, 168, 153)
(198, 160, 147)
(183, 146, 130)
(173, 135, 121)
(158, 119, 105)
(148, 106, 93)
(145, 103, 93)
(144, 107, 97)
(145, 110, 100)
(146, 111, 98)
(149, 114, 100)
(151, 117, 101)
(156, 120, 105)
(158, 119, 104)
(157, 116, 102)
(164, 123, 110)
(171, 131, 115)
(179, 140, 123)
(190, 151, 134)
(197, 157, 142)
(201, 162, 149)
(200, 163, 148)
(200, 166, 149)
(193, 162, 148)
(198, 162, 149)
(201, 169, 155)
(203, 176, 160)
(209, 186, 171)
(218, 191, 180)
(221, 191, 182)
(218, 190, 179)
(213, 191, 178)
(213, 191, 176)
(210, 186, 172)
(207, 180, 167)
(205, 181, 169)
(206, 185, 169)
(209, 186, 168)
(210, 182, 168)
(216, 184, 171)
(216, 187, 173)
(214, 188, 173)
(214, 189, 173)
(220, 188, 176)
(224, 192, 179)
(214, 185, 169)
(206, 176, 159)
(211, 178, 162)
(212, 181, 165)
(211, 182, 166)
(215, 184, 172)
(218, 187, 176)
(219, 188, 179)
(225, 195, 185)
(224, 196, 183)
(223, 195, 181)
(228, 201, 185)
(222, 197, 185)
(212, 190, 175)
(206, 188, 175)
(189, 185, 177)
(220, 227, 230)
(231, 244, 250)
(231, 245, 252)
(238, 250, 255)
(237, 249, 254)
(235, 250, 253)
(237, 252, 255)
(237, 251, 254)
(242, 252, 255)
(240, 249, 255)
(242, 253, 255)
(240, 251, 255)
(239, 251, 255)
(236, 250, 254)
(237, 249, 254)
(238, 250, 255)
(238, 250, 255)
(236, 250, 254)
(235, 248, 254)
(234, 248, 255)
(234, 248, 255)
(209, 229, 235)
(208, 229, 234)
(208, 228, 234)
(212, 230, 235)
(212, 230, 234)
(216, 232, 237)
(215, 231, 236)
(216, 234, 238)
(216, 232, 237)
(218, 233, 238)
(217, 233, 239)
(216, 233, 240)
(218, 233, 240)
(218, 232, 240)
(223, 237, 244)
(222, 235, 240)
(223, 238, 243)
(220, 235, 240)
(223, 238, 243)
(222, 237, 242)
(223, 235, 242)
(228, 234, 239)
(182, 180, 177)
(136, 126, 117)
(141, 122, 110)
(144, 118, 106)
(143, 114, 104)
(143, 112, 101)
(141, 112, 97)
(140, 116, 102)
(132, 111, 99)
(123, 104, 94)
(124, 112, 104)
(158, 155, 147)
(202, 203, 201)
(217, 218, 217)
(141, 130, 128)
(126, 98, 93)
(127, 95, 82)
(137, 111, 92)
(156, 129, 111)
(171, 143, 124)
(178, 145, 127)
(189, 154, 136)
(195, 161, 145)
(195, 167, 149)
(202, 173, 157)
(206, 173, 159)
(194, 159, 141)
(170, 137, 122)
(159, 125, 111)
(147, 102, 88)
(141, 97, 88)
(128, 100, 91)
(131, 106, 95)
(135, 106, 94)
(140, 108, 96)
(144, 109, 96)
(144, 107, 95)
(148, 110, 98)
(159, 118, 107)
(173, 132, 120)
(176, 136, 120)
(182, 144, 127)
(190, 151, 136)
(193, 152, 141)
(198, 158, 146)
(199, 163, 147)
(195, 164, 144)
(196, 163, 148)
(199, 162, 148)
(201, 165, 150)
(209, 177, 161)
(215, 188, 173)
(217, 194, 180)
(219, 194, 183)
(215, 192, 180)
(213, 190, 175)
(216, 190, 173)
(217, 186, 171)
(215, 183, 170)
(207, 181, 168)
(210, 186, 170)
(212, 185, 169)
(211, 183, 170)
(213, 186, 172)
(212, 186, 171)
(215, 189, 172)
(218, 189, 173)
(222, 190, 177)
(223, 193, 180)
(216, 188, 173)
(212, 183, 167)
(216, 186, 169)
(220, 188, 174)
(218, 189, 173)
(220, 192, 177)
(220, 190, 177)
(223, 189, 178)
(225, 193, 179)
(221, 193, 177)
(221, 197, 179)
(218, 196, 179)
(218, 195, 181)
(209, 190, 174)
(200, 187, 175)
(203, 201, 201)
(231, 239, 248)
(236, 247, 255)
(236, 248, 254)
(239, 249, 254)
(238, 249, 254)
(238, 250, 254)
(238, 251, 254)
(238, 252, 254)
(239, 253, 254)
(239, 252, 254)
(241, 252, 255)
(239, 250, 254)
(238, 250, 255)
(237, 250, 255)
(236, 249, 255)
(238, 250, 255)
(235, 248, 254)
(235, 248, 255)
(236, 249, 255)
(235, 248, 255)
(234, 247, 255)
(209, 230, 235)
(208, 227, 233)
(210, 229, 235)
(212, 231, 235)
(213, 231, 235)
(216, 233, 237)
(216, 232, 237)
(218, 234, 239)
(217, 232, 237)
(219, 233, 240)
(216, 232, 239)
(215, 233, 240)
(217, 234, 241)
(219, 234, 241)
(223, 236, 243)
(221, 236, 241)
(222, 237, 242)
(219, 234, 239)
(223, 238, 243)
(221, 236, 242)
(223, 237, 244)
(222, 235, 240)
(227, 234, 235)
(198, 198, 194)
(155, 148, 142)
(147, 136, 128)
(131, 118, 111)
(133, 118, 109)
(126, 114, 102)
(127, 118, 106)
(140, 132, 124)
(168, 162, 156)
(207, 206, 202)
(215, 223, 219)
(210, 218, 218)
(207, 210, 210)
(127, 116, 114)
(124, 98, 91)
(128, 101, 86)
(144, 120, 100)
(158, 134, 114)
(170, 142, 122)
(180, 147, 130)
(192, 156, 140)
(195, 161, 144)
(201, 172, 154)
(203, 175, 158)
(205, 173, 158)
(195, 164, 145)
(176, 144, 131)
(159, 129, 116)
(144, 106, 93)
(130, 95, 88)
(121, 102, 95)
(145, 127, 118)
(120, 97, 84)
(128, 100, 87)
(137, 105, 91)
(135, 102, 87)
(143, 110, 95)
(163, 129, 114)
(173, 136, 124)
(178, 139, 123)
(181, 144, 127)
(186, 148, 132)
(192, 151, 139)
(197, 156, 143)
(198, 160, 144)
(195, 160, 143)
(194, 158, 145)
(199, 160, 147)
(201, 163, 148)
(206, 174, 158)
(212, 186, 171)
(215, 193, 179)
(215, 193, 180)
(214, 191, 177)
(212, 189, 173)
(215, 189, 172)
(219, 188, 172)
(217, 185, 172)
(212, 185, 172)
(211, 185, 170)
(212, 185, 169)
(212, 182, 170)
(213, 185, 172)
(213, 186, 170)
(216, 188, 172)
(217, 187, 172)
(221, 188, 175)
(224, 192, 178)
(219, 190, 174)
(220, 190, 173)
(226, 194, 178)
(226, 194, 179)
(229, 197, 182)
(224, 195, 180)
(221, 191, 177)
(222, 190, 178)
(221, 189, 175)
(216, 188, 172)
(213, 189, 172)
(215, 191, 177)
(210, 189, 174)
(200, 185, 171)
(189, 182, 173)
(220, 223, 223)
(234, 243, 251)
(237, 249, 255)
(236, 249, 254)
(239, 251, 255)
(240, 251, 255)
(239, 251, 255)
(238, 252, 254)
(237, 251, 254)
(240, 252, 255)
(239, 251, 254)
(241, 252, 255)
(238, 249, 252)
(238, 250, 254)
(236, 249, 255)
(236, 249, 254)
(235, 248, 254)
(236, 248, 254)
(239, 248, 255)
(236, 247, 255)
(236, 249, 255)
(232, 245, 253)
(209, 228, 232)
(210, 229, 233)
(212, 230, 234)
(214, 232, 237)
(213, 230, 236)
(217, 234, 240)
(213, 229, 235)
(220, 233, 240)
(219, 232, 239)
(220, 233, 240)
(216, 232, 239)
(214, 233, 239)
(216, 235, 241)
(219, 237, 243)
(222, 237, 244)
(221, 236, 242)
(222, 237, 242)
(221, 236, 241)
(223, 238, 243)
(222, 237, 244)
(220, 236, 243)
(221, 238, 244)
(223, 235, 240)
(225, 234, 237)
(228, 235, 235)
(222, 227, 225)
(213, 217, 216)
(209, 213, 209)
(215, 220, 215)
(228, 235, 229)
(223, 229, 227)
(216, 223, 222)
(215, 225, 225)
(210, 225, 226)
(211, 226, 227)
(181, 185, 184)
(113, 101, 94)
(126, 104, 92)
(133, 110, 95)
(150, 126, 109)
(160, 135, 116)
(173, 146, 128)
(181, 148, 131)
(193, 154, 139)
(197, 161, 145)
(199, 168, 151)
(203, 175, 156)
(207, 177, 158)
(198, 170, 150)
(184, 155, 141)
(158, 132, 118)
(143, 116, 103)
(126, 107, 100)
(163, 156, 153)
(171, 160, 157)
(103, 81, 71)
(91, 63, 51)
(109, 77, 62)
(129, 96, 79)
(139, 108, 89)
(157, 127, 110)
(168, 136, 122)
(177, 139, 124)
(180, 143, 125)
(182, 143, 125)
(186, 144, 130)
(192, 149, 136)
(194, 153, 138)
(193, 154, 140)
(193, 153, 143)
(195, 154, 143)
(200, 160, 148)
(203, 171, 155)
(209, 183, 168)
(212, 189, 175)
(211, 189, 175)
(211, 187, 174)
(212, 187, 172)
(216, 188, 172)
(219, 188, 173)
(218, 187, 173)
(215, 187, 174)
(213, 186, 171)
(211, 182, 167)
(211, 181, 169)
(216, 186, 174)
(216, 188, 173)
(216, 187, 171)
(220, 188, 173)
(222, 189, 175)
(222, 190, 175)
(223, 193, 175)
(224, 193, 175)
(228, 195, 178)
(229, 195, 180)
(231, 199, 184)
(228, 199, 184)
(221, 193, 180)
(215, 186, 173)
(213, 184, 169)
(214, 187, 170)
(209, 184, 168)
(207, 182, 168)
(201, 183, 167)
(185, 177, 166)
(192, 194, 189)
(232, 240, 242)
(235, 245, 252)
(238, 250, 255)
(235, 250, 255)
(237, 250, 254)
(238, 250, 254)
(236, 250, 253)
(238, 252, 255)
(238, 252, 255)
(241, 253, 255)
(239, 250, 253)
(239, 249, 254)
(239, 250, 254)
(237, 249, 254)
(235, 248, 254)
(236, 249, 255)
(235, 248, 254)
(235, 247, 254)
(238, 248, 255)
(235, 245, 254)
(236, 247, 255)
(233, 246, 254)
(213, 231, 235)
(213, 231, 235)
(213, 231, 235)
(214, 231, 237)
(214, 231, 238)
(216, 233, 240)
(215, 231, 238)
(219, 233, 241)
(218, 232, 240)
(219, 233, 241)
(217, 233, 240)
(215, 234, 240)
(216, 234, 240)
(218, 235, 242)
(223, 238, 245)
(222, 237, 243)
(224, 239, 244)
(222, 237, 242)
(223, 238, 244)
(221, 236, 243)
(222, 237, 244)
(221, 236, 243)
(226, 237, 246)
(225, 236, 245)
(227, 237, 245)
(224, 236, 243)
(218, 230, 237)
(218, 230, 234)
(221, 233, 235)
(219, 231, 234)
(217, 231, 235)
(213, 226, 232)
(207, 222, 227)
(208, 225, 229)
(199, 216, 217)
(136, 137, 133)
(128, 111, 99)
(129, 109, 92)
(140, 119, 105)
(159, 133, 119)
(170, 141, 124)
(175, 148, 130)
(190, 157, 142)
(197, 158, 144)
(200, 162, 147)
(200, 167, 149)
(202, 173, 152)
(205, 176, 154)
(201, 173, 151)
(191, 162, 148)
(173, 151, 137)
(145, 129, 116)
(158, 155, 150)
(169, 172, 172)
(164, 155, 156)
(83, 56, 50)
(83, 49, 40)
(91, 52, 38)
(105, 65, 48)
(126, 89, 71)
(145, 112, 95)
(167, 132, 118)
(172, 133, 119)
(176, 138, 120)
(178, 138, 118)
(182, 139, 122)
(187, 143, 129)
(184, 143, 130)
(182, 144, 131)
(185, 145, 136)
(190, 148, 138)
(197, 156, 144)
(197, 163, 148)
(204, 176, 162)
(212, 186, 171)
(212, 187, 173)
(205, 180, 165)
(207, 181, 165)
(214, 183, 167)
(217, 185, 170)
(215, 184, 169)
(214, 185, 171)
(215, 187, 172)
(211, 182, 167)
(210, 180, 168)
(214, 185, 171)
(214, 185, 169)
(218, 189, 173)
(216, 184, 170)
(220, 188, 173)
(220, 190, 174)
(221, 191, 173)
(222, 190, 173)
(225, 191, 175)
(228, 193, 179)
(229, 197, 183)
(228, 198, 186)
(226, 198, 185)
(216, 189, 177)
(212, 186, 172)
(208, 182, 166)
(203, 177, 162)
(197, 171, 157)
(185, 169, 156)
(185, 184, 178)
(219, 229, 231)
(235, 248, 253)
(239, 250, 254)
(239, 250, 254)
(236, 251, 255)
(237, 252, 255)
(237, 252, 255)
(237, 252, 255)
(238, 252, 254)
(237, 251, 254)
(241, 253, 255)
(238, 249, 253)
(239, 250, 254)
(239, 250, 254)
(237, 249, 255)
(236, 249, 255)
(235, 248, 254)
(235, 248, 255)
(234, 247, 255)
(234, 250, 255)
(232, 247, 254)
(234, 247, 255)
(234, 245, 254)
(215, 231, 236)
(211, 229, 233)
(214, 232, 236)
(214, 231, 236)
(214, 231, 238)
(215, 232, 239)
(215, 232, 239)
(217, 235, 241)
(214, 231, 238)
(218, 232, 239)
(217, 233, 240)
(216, 233, 240)
(221, 235, 242)
(220, 234, 242)
(222, 237, 244)
(221, 236, 242)
(223, 238, 243)
(220, 235, 240)
(223, 237, 243)
(222, 237, 244)
(222, 237, 243)
(224, 238, 243)
(225, 236, 245)
(228, 238, 248)
(226, 236, 248)
(224, 235, 245)
(221, 233, 242)
(220, 233, 239)
(219, 231, 236)
(220, 232, 239)
(211, 225, 231)
(212, 227, 233)
(206, 221, 226)
(204, 219, 222)
(186, 198, 198)
(113, 109, 104)
(129, 108, 94)
(138, 116, 97)
(148, 126, 112)
(165, 137, 124)
(176, 144, 128)
(180, 150, 133)
(192, 158, 144)
(194, 156, 142)
(198, 159, 144)
(200, 167, 147)
(203, 174, 153)
(201, 172, 150)
(200, 169, 148)
(197, 166, 152)
(173, 152, 140)
(157, 148, 138)
(170, 174, 171)
(169, 175, 177)
(151, 140, 143)
(84, 52, 49)
(82, 43, 37)
(97, 53, 41)
(116, 71, 55)
(124, 83, 66)
(134, 96, 81)
(157, 120, 107)
(166, 125, 112)
(167, 127, 109)
(173, 132, 112)
(174, 131, 113)
(183, 140, 126)
(181, 141, 128)
(182, 146, 133)
(181, 143, 133)
(182, 142, 131)
(191, 150, 138)
(193, 158, 144)
(196, 164, 149)
(207, 176, 163)
(206, 176, 163)
(204, 176, 160)
(208, 179, 163)
(212, 180, 164)
(216, 183, 167)
(217, 184, 169)
(213, 181, 167)
(213, 183, 168)
(206, 177, 162)
(207, 176, 163)
(210, 180, 166)
(212, 185, 168)
(215, 188, 171)
(215, 185, 170)
(219, 188, 174)
(218, 189, 173)
(219, 191, 174)
(222, 192, 175)
(224, 190, 175)
(223, 189, 177)
(223, 191, 179)
(224, 194, 181)
(226, 198, 186)
(221, 196, 184)
(218, 193, 179)
(213, 187, 172)
(209, 184, 169)
(193, 170, 156)
(175, 164, 154)
(206, 209, 208)
(230, 243, 250)
(236, 249, 255)
(240, 250, 252)
(240, 251, 253)
(237, 251, 255)
(235, 250, 253)
(237, 252, 255)
(236, 251, 254)
(238, 252, 255)
(237, 251, 254)
(239, 251, 255)
(239, 250, 254)
(240, 251, 255)
(237, 249, 254)
(236, 249, 255)
(236, 249, 255)
(236, 249, 255)
(236, 249, 255)
(234, 248, 255)
(232, 249, 255)
(232, 248, 255)
(235, 248, 255)
(236, 246, 255)
(217, 232, 237)
(212, 228, 233)
(214, 231, 235)
(215, 232, 237)
(214, 231, 238)
(216, 233, 240)
(214, 232, 238)
(213, 235, 240)
(213, 230, 237)
(217, 232, 239)
(218, 234, 240)
(217, 233, 239)
(222, 235, 241)
(221, 232, 240)
(221, 236, 242)
(218, 233, 239)
(222, 237, 242)
(219, 234, 239)
(223, 238, 243)
(222, 237, 243)
(223, 238, 244)
(222, 238, 241)
(223, 236, 243)
(225, 237, 246)
(224, 235, 246)
(226, 238, 248)
(221, 233, 241)
(221, 233, 239)
(218, 230, 235)
(218, 230, 237)
(210, 225, 231)
(207, 223, 227)
(205, 221, 223)
(201, 215, 215)
(141, 147, 144)
(119, 110, 102)
(135, 111, 96)
(146, 120, 102)
(155, 131, 116)
(168, 138, 125)
(179, 146, 130)
(184, 154, 136)
(193, 157, 143)
(197, 158, 143)
(196, 159, 142)
(198, 166, 146)
(205, 177, 155)
(203, 175, 153)
(202, 167, 148)
(194, 162, 149)
(170, 152, 140)
(169, 165, 157)
(172, 178, 178)
(172, 177, 181)
(133, 119, 120)
(84, 51, 47)
(86, 47, 40)
(106, 63, 52)
(129, 85, 69)
(141, 102, 85)
(134, 96, 82)
(145, 108, 96)
(156, 113, 100)
(161, 120, 102)
(164, 123, 104)
(170, 128, 111)
(172, 131, 117)
(174, 137, 124)
(170, 136, 123)
(172, 136, 125)
(175, 137, 124)
(183, 144, 131)
(190, 153, 139)
(191, 155, 141)
(199, 164, 152)
(199, 166, 153)
(201, 172, 155)
(206, 173, 158)
(210, 175, 158)
(214, 179, 163)
(215, 180, 166)
(212, 177, 163)
(207, 176, 161)
(202, 172, 157)
(205, 172, 159)
(206, 176, 161)
(205, 178, 161)
(211, 184, 166)
(215, 186, 172)
(216, 188, 174)
(215, 187, 172)
(217, 191, 174)
(220, 190, 174)
(220, 188, 173)
(222, 189, 177)
(220, 190, 178)
(221, 191, 177)
(224, 197, 184)
(222, 198, 185)
(220, 197, 182)
(216, 191, 176)
(213, 190, 176)
(203, 183, 170)
(189, 182, 176)
(226, 231, 233)
(233, 246, 254)
(236, 249, 255)
(240, 249, 251)
(241, 250, 253)
(238, 250, 255)
(237, 252, 255)
(237, 252, 255)
(237, 252, 255)
(237, 251, 254)
(237, 251, 254)
(240, 252, 255)
(237, 248, 252)
(238, 250, 254)
(237, 249, 254)
(236, 249, 255)
(236, 249, 255)
(235, 249, 255)
(236, 249, 255)
(234, 248, 255)
(232, 247, 254)
(232, 246, 254)
(234, 247, 255)
(236, 246, 255)
(212, 228, 233)
(215, 231, 236)
(215, 231, 236)
(217, 233, 239)
(215, 231, 237)
(216, 232, 238)
(215, 232, 238)
(213, 235, 239)
(215, 234, 239)
(217, 233, 238)
(217, 233, 238)
(218, 234, 239)
(223, 235, 241)
(223, 233, 240)
(221, 236, 242)
(220, 235, 240)
(224, 239, 243)
(222, 237, 241)
(224, 239, 244)
(222, 237, 242)
(223, 238, 244)
(221, 239, 242)
(222, 238, 243)
(223, 239, 245)
(222, 236, 243)
(223, 236, 243)
(218, 232, 236)
(219, 233, 236)
(214, 228, 230)
(214, 228, 232)
(207, 224, 228)
(203, 223, 223)
(198, 217, 215)
(189, 203, 199)
(114, 112, 105)
(118, 104, 94)
(139, 113, 100)
(150, 120, 105)
(159, 130, 115)
(170, 140, 125)
(180, 148, 132)
(185, 153, 136)
(189, 153, 137)
(195, 156, 140)
(193, 157, 139)
(200, 170, 149)
(209, 180, 158)
(203, 172, 151)
(202, 167, 148)
(185, 156, 143)
(161, 149, 141)
(175, 175, 171)
(174, 182, 185)
(168, 170, 174)
(121, 104, 101)
(85, 55, 46)
(104, 70, 60)
(132, 93, 80)
(145, 106, 91)
(158, 122, 106)
(161, 126, 113)
(145, 110, 98)
(147, 105, 92)
(149, 109, 92)
(153, 113, 95)
(160, 118, 103)
(165, 125, 112)
(166, 131, 117)
(167, 134, 119)
(165, 130, 117)
(166, 127, 114)
(174, 135, 120)
(183, 145, 131)
(186, 150, 136)
(190, 153, 142)
(195, 159, 147)
(198, 165, 148)
(205, 168, 152)
(208, 169, 154)
(211, 175, 159)
(210, 174, 159)
(208, 170, 157)
(202, 167, 153)
(199, 166, 151)
(199, 164, 151)
(201, 168, 153)
(199, 169, 152)
(204, 177, 160)
(210, 181, 168)
(214, 186, 172)
(213, 185, 170)
(214, 187, 170)
(214, 184, 167)
(216, 184, 169)
(218, 186, 172)
(217, 188, 174)
(219, 189, 173)
(221, 194, 179)
(220, 198, 183)
(220, 197, 182)
(220, 195, 180)
(214, 193, 180)
(207, 192, 179)
(196, 198, 194)
(235, 243, 247)
(234, 247, 255)
(238, 251, 255)
(240, 251, 253)
(240, 251, 253)
(240, 252, 255)
(237, 252, 254)
(238, 253, 255)
(237, 252, 255)
(239, 254, 255)
(237, 251, 254)
(239, 251, 255)
(237, 249, 253)
(238, 250, 255)
(235, 248, 254)
(236, 249, 255)
(234, 249, 254)
(233, 248, 254)
(233, 248, 255)
(233, 246, 254)
(238, 248, 255)
(236, 246, 255)
(236, 246, 255)
(233, 244, 254)
(214, 231, 238)
(212, 229, 236)
(215, 231, 238)
(217, 232, 237)
(216, 231, 236)
(217, 232, 237)
(216, 232, 237)
(216, 236, 239)
(214, 232, 236)
(220, 235, 240)
(216, 233, 237)
(218, 236, 240)
(221, 235, 239)
(221, 234, 239)
(221, 236, 241)
(220, 235, 239)
(222, 237, 240)
(222, 237, 240)
(223, 238, 242)
(223, 238, 243)
(223, 238, 243)
(220, 237, 244)
(221, 237, 244)
(222, 238, 244)
(218, 234, 239)
(219, 236, 239)
(217, 232, 235)
(214, 230, 230)
(211, 227, 227)
(210, 225, 228)
(202, 219, 221)
(195, 213, 214)
(195, 211, 209)
(150, 158, 154)
(116, 105, 93)
(128, 110, 97)
(144, 121, 109)
(154, 122, 109)
(166, 133, 118)
(175, 146, 129)
(179, 149, 133)
(185, 152, 134)
(188, 151, 133)
(188, 151, 133)
(190, 157, 138)
(199, 171, 150)
(203, 173, 153)
(202, 169, 150)
(197, 162, 146)
(177, 154, 144)
(168, 166, 160)
(173, 179, 181)
(170, 176, 185)
(172, 171, 176)
(99, 79, 72)
(114, 87, 74)
(136, 105, 93)
(154, 120, 107)
(161, 128, 113)
(175, 143, 128)
(183, 151, 138)
(182, 148, 136)
(173, 135, 121)
(137, 101, 85)
(136, 97, 81)
(145, 104, 92)
(154, 114, 104)
(159, 122, 110)
(156, 121, 107)
(155, 117, 103)
(157, 117, 103)
(169, 129, 114)
(174, 136, 121)
(181, 145, 131)
(183, 146, 135)
(189, 152, 141)
(192, 155, 139)
(198, 157, 143)
(200, 158, 144)
(200, 161, 146)
(204, 166, 151)
(203, 162, 148)
(200, 161, 148)
(194, 156, 143)
(188, 149, 137)
(187, 151, 136)
(190, 157, 140)
(195, 165, 149)
(202, 171, 158)
(208, 179, 165)
(209, 182, 165)
(208, 180, 162)
(207, 175, 158)
(212, 178, 161)
(211, 179, 162)
(213, 183, 166)
(218, 187, 170)
(218, 192, 175)
(220, 197, 181)
(222, 197, 183)
(216, 192, 178)
(210, 193, 180)
(202, 193, 180)
(214, 222, 220)
(239, 250, 252)
(237, 249, 254)
(237, 251, 255)
(238, 252, 254)
(239, 252, 253)
(240, 252, 255)
(238, 252, 253)
(240, 254, 255)
(239, 253, 255)
(236, 250, 253)
(237, 251, 254)
(239, 251, 255)
(236, 248, 253)
(237, 250, 255)
(234, 247, 253)
(235, 250, 255)
(234, 249, 254)
(232, 248, 254)
(233, 248, 255)
(233, 247, 255)
(235, 246, 255)
(233, 245, 253)
(233, 244, 253)
(235, 246, 255)
(214, 232, 238)
(212, 230, 237)
(214, 231, 237)
(215, 231, 236)
(215, 230, 234)
(217, 233, 237)
(216, 231, 236)
(217, 235, 239)
(216, 232, 237)
(219, 234, 239)
(217, 233, 238)
(219, 237, 241)
(218, 235, 238)
(220, 235, 239)
(221, 236, 241)
(221, 236, 240)
(222, 237, 241)
(222, 237, 241)
(223, 237, 241)
(224, 237, 243)
(223, 236, 243)
(221, 235, 245)
(220, 234, 242)
(220, 235, 241)
(217, 232, 237)
(218, 232, 236)
(212, 227, 230)
(210, 227, 227)
(208, 225, 225)
(206, 220, 223)
(199, 214, 217)
(192, 209, 210)
(193, 204, 204)
(125, 126, 121)
(122, 105, 92)
(130, 111, 96)
(144, 122, 110)
(152, 121, 109)
(165, 132, 117)
(173, 145, 128)
(182, 154, 138)
(184, 152, 132)
(186, 151, 132)
(187, 152, 134)
(187, 155, 135)
(193, 165, 144)
(199, 168, 150)
(198, 165, 146)
(191, 160, 145)
(167, 151, 143)
(173, 177, 173)
(170, 180, 183)
(169, 176, 185)
(155, 153, 157)
(98, 76, 68)
(134, 106, 91)
(158, 127, 113)
(176, 143, 129)
(181, 148, 135)
(187, 155, 141)
(197, 163, 152)
(201, 166, 154)
(195, 162, 146)
(178, 143, 127)
(145, 109, 94)
(133, 93, 83)
(143, 100, 92)
(148, 110, 99)
(148, 113, 99)
(147, 107, 94)
(149, 108, 95)
(156, 114, 101)
(163, 127, 112)
(169, 135, 120)
(172, 136, 125)
(179, 143, 131)
(182, 144, 128)
(189, 144, 130)
(188, 143, 128)
(187, 147, 131)
(184, 146, 130)
(189, 149, 133)
(188, 147, 134)
(184, 143, 131)
(178, 137, 124)
(178, 139, 126)
(179, 145, 128)
(183, 151, 134)
(191, 160, 146)
(192, 162, 146)
(200, 170, 152)
(201, 171, 153)
(199, 166, 148)
(202, 166, 148)
(199, 164, 146)
(204, 171, 154)
(212, 181, 163)
(215, 186, 169)
(216, 191, 176)
(215, 190, 175)
(212, 189, 175)
(209, 194, 180)
(206, 201, 190)
(224, 236, 236)
(237, 250, 253)
(235, 247, 252)
(239, 252, 255)
(236, 253, 254)
(238, 254, 255)
(241, 253, 255)
(238, 252, 254)
(237, 251, 253)
(237, 251, 254)
(237, 251, 254)
(237, 251, 254)
(237, 250, 254)
(237, 249, 254)
(234, 247, 253)
(238, 251, 255)
(233, 247, 253)
(234, 249, 254)
(231, 246, 253)
(232, 247, 254)
(232, 247, 254)
(232, 247, 254)
(231, 245, 253)
(233, 245, 254)
(234, 245, 255)
(209, 232, 237)
(209, 231, 235)
(212, 231, 235)
(213, 231, 234)
(216, 232, 236)
(216, 232, 236)
(215, 231, 235)
(216, 234, 238)
(215, 233, 237)
(217, 232, 237)
(217, 232, 238)
(220, 235, 240)
(219, 236, 239)
(222, 238, 242)
(222, 237, 242)
(220, 235, 241)
(221, 236, 242)
(222, 237, 242)
(223, 237, 241)
(226, 238, 243)
(224, 236, 241)
(220, 235, 240)
(221, 235, 238)
(218, 232, 236)
(217, 231, 236)
(215, 229, 234)
(210, 226, 231)
(210, 226, 231)
(203, 220, 225)
(201, 216, 220)
(197, 211, 212)
(191, 206, 209)
(176, 184, 186)
(114, 105, 94)
(127, 105, 90)
(139, 116, 102)
(145, 122, 107)
(148, 121, 107)
(160, 129, 115)
(173, 143, 129)
(184, 158, 143)
(182, 153, 135)
(181, 150, 133)
(183, 151, 134)
(188, 155, 133)
(192, 157, 140)
(195, 160, 146)
(194, 162, 142)
(178, 154, 138)
(168, 164, 156)
(170, 180, 178)
(171, 180, 183)
(167, 175, 180)
(135, 130, 131)
(110, 76, 71)
(140, 108, 93)
(168, 135, 119)
(183, 148, 133)
(193, 157, 143)
(202, 166, 152)
(202, 168, 156)
(207, 173, 161)
(202, 169, 154)
(192, 157, 143)
(169, 137, 124)
(151, 114, 104)
(140, 93, 88)
(140, 100, 93)
(138, 107, 98)
(137, 102, 94)
(136, 98, 89)
(146, 100, 91)
(146, 110, 94)
(153, 118, 103)
(164, 121, 112)
(170, 129, 118)
(174, 129, 115)
(177, 128, 114)
(176, 127, 110)
(176, 132, 112)
(178, 137, 117)
(176, 135, 116)
(178, 136, 122)
(168, 130, 115)
(167, 128, 112)
(168, 129, 113)
(166, 133, 115)
(172, 144, 124)
(180, 147, 127)
(180, 150, 131)
(182, 151, 133)
(184, 151, 135)
(180, 142, 126)
(188, 147, 129)
(185, 145, 128)
(188, 153, 135)
(195, 164, 145)
(207, 172, 156)
(212, 180, 167)
(205, 180, 165)
(207, 186, 171)
(206, 192, 181)
(203, 202, 195)
(229, 242, 243)
(238, 252, 255)
(238, 250, 254)
(237, 251, 254)
(237, 251, 254)
(238, 252, 255)
(239, 252, 255)
(238, 252, 255)
(237, 251, 253)
(236, 251, 254)
(236, 251, 254)
(236, 251, 254)
(238, 252, 255)
(235, 248, 253)
(238, 251, 255)
(238, 249, 255)
(238, 248, 255)
(235, 248, 254)
(232, 247, 253)
(232, 247, 254)
(233, 247, 255)
(233, 246, 254)
(232, 244, 253)
(235, 245, 254)
(236, 244, 254)
(207, 232, 236)
(205, 230, 233)
(212, 233, 236)
(213, 233, 236)
(214, 232, 235)
(216, 234, 237)
(215, 233, 237)
(216, 233, 239)
(216, 233, 239)
(217, 233, 239)
(219, 234, 239)
(221, 236, 241)
(218, 236, 240)
(220, 237, 241)
(223, 238, 243)
(221, 236, 242)
(223, 238, 245)
(222, 237, 242)
(222, 237, 242)
(222, 234, 240)
(223, 236, 241)
(218, 233, 236)
(218, 233, 236)
(218, 232, 235)
(216, 229, 234)
(214, 227, 233)
(210, 225, 231)
(206, 222, 229)
(196, 214, 219)
(198, 214, 217)
(194, 208, 209)
(191, 202, 204)
(134, 137, 136)
(122, 107, 96)
(136, 110, 95)
(145, 119, 104)
(144, 121, 105)
(152, 124, 109)
(160, 128, 113)
(174, 143, 129)
(186, 158, 143)
(187, 157, 140)
(182, 152, 134)
(184, 153, 133)
(184, 150, 130)
(190, 154, 138)
(190, 157, 142)
(185, 156, 138)
(175, 158, 144)
(173, 173, 168)
(168, 178, 180)
(171, 182, 183)
(161, 169, 170)
(104, 93, 91)
(119, 82, 74)
(143, 109, 95)
(169, 134, 119)
(184, 148, 132)
(200, 164, 148)
(207, 171, 157)
(209, 175, 161)
(199, 167, 153)
(203, 170, 154)
(200, 167, 152)
(181, 152, 138)
(162, 129, 119)
(143, 102, 98)
(128, 97, 92)
(133, 113, 106)
(144, 119, 111)
(110, 76, 68)
(114, 67, 58)
(121, 81, 66)
(128, 89, 74)
(142, 98, 88)
(148, 105, 94)
(155, 110, 96)
(155, 104, 91)
(154, 101, 86)
(158, 109, 93)
(159, 112, 95)
(165, 118, 101)
(166, 120, 106)
(158, 118, 101)
(158, 118, 101)
(155, 113, 98)
(157, 119, 105)
(156, 123, 107)
(161, 125, 106)
(159, 122, 104)
(154, 116, 100)
(152, 112, 98)
(154, 110, 94)
(159, 113, 97)
(160, 115, 98)
(164, 124, 107)
(172, 138, 120)
(182, 145, 131)
(191, 156, 144)
(192, 166, 151)
(194, 174, 159)
(199, 188, 179)
(205, 207, 202)
(235, 247, 250)
(238, 252, 255)
(237, 251, 254)
(238, 252, 255)
(238, 252, 255)
(238, 252, 255)
(239, 253, 255)
(237, 251, 254)
(240, 254, 255)
(235, 250, 253)
(237, 252, 255)
(236, 251, 254)
(237, 250, 255)
(233, 246, 252)
(237, 249, 254)
(238, 248, 255)
(237, 247, 254)
(235, 247, 253)
(232, 247, 254)
(231, 247, 254)
(232, 247, 254)
(233, 246, 254)
(233, 245, 253)
(235, 245, 254)
(236, 246, 255)
(208, 233, 237)
(207, 230, 235)
(212, 234, 238)
(214, 234, 237)
(211, 230, 234)
(213, 234, 237)
(214, 234, 237)
(216, 233, 240)
(215, 232, 239)
(218, 234, 240)
(217, 232, 238)
(219, 234, 239)
(218, 235, 239)
(220, 237, 241)
(220, 236, 241)
(219, 235, 241)
(221, 237, 244)
(219, 235, 241)
(221, 237, 242)
(220, 235, 240)
(218, 233, 237)
(215, 231, 234)
(217, 232, 235)
(216, 231, 235)
(211, 226, 231)
(208, 223, 228)
(205, 222, 226)
(203, 219, 225)
(195, 211, 216)
(192, 207, 210)
(185, 199, 202)
(170, 175, 175)
(109, 99, 94)
(126, 104, 93)
(140, 112, 99)
(144, 116, 102)
(152, 126, 111)
(156, 127, 112)
(163, 131, 116)
(177, 144, 128)
(186, 156, 138)
(188, 157, 140)
(184, 153, 134)
(183, 150, 130)
(182, 148, 129)
(184, 150, 133)
(185, 157, 139)
(178, 154, 138)
(166, 156, 150)
(173, 176, 178)
(167, 178, 183)
(167, 178, 180)
(161, 163, 161)
(96, 78, 71)
(118, 83, 68)
(147, 113, 99)
(171, 136, 122)
(187, 151, 136)
(201, 165, 149)
(209, 173, 158)
(219, 185, 169)
(217, 185, 169)
(206, 174, 157)
(199, 166, 149)
(182, 154, 137)
(161, 134, 122)
(140, 113, 107)
(137, 122, 120)
(166, 161, 157)
(166, 155, 148)
(87, 58, 50)
(101, 55, 45)
(118, 75, 59)
(131, 90, 73)
(146, 104, 91)
(150, 113, 99)
(162, 125, 110)
(169, 126, 113)
(154, 107, 96)
(146, 98, 85)
(139, 93, 79)
(146, 99, 84)
(144, 97, 81)
(142, 102, 83)
(139, 105, 87)
(141, 107, 95)
(143, 112, 102)
(141, 109, 98)
(131, 89, 75)
(114, 71, 54)
(110, 67, 50)
(121, 78, 63)
(136, 90, 75)
(136, 89, 73)
(150, 105, 89)
(151, 110, 95)
(147, 112, 97)
(166, 129, 117)
(171, 139, 126)
(171, 145, 130)
(172, 155, 140)
(187, 181, 172)
(229, 236, 234)
(235, 249, 251)
(238, 252, 255)
(237, 251, 254)
(238, 252, 255)
(238, 252, 255)
(239, 253, 255)
(238, 251, 255)
(239, 251, 255)
(237, 251, 254)
(236, 250, 253)
(236, 251, 254)
(236, 250, 254)
(237, 250, 255)
(235, 247, 253)
(234, 249, 254)
(235, 247, 253)
(236, 246, 254)
(235, 248, 255)
(232, 248, 255)
(232, 248, 255)
(233, 248, 255)
(233, 247, 255)
(232, 244, 254)
(233, 244, 254)
(234, 245, 255)
(210, 232, 238)
(210, 231, 237)
(212, 232, 237)
(214, 233, 237)
(211, 230, 234)
(213, 234, 238)
(213, 233, 238)
(217, 234, 241)
(215, 232, 239)
(218, 234, 241)
(220, 235, 242)
(219, 234, 240)
(218, 234, 240)
(220, 236, 242)
(221, 238, 242)
(218, 236, 240)
(219, 236, 242)
(218, 235, 242)
(219, 237, 241)
(219, 236, 240)
(217, 234, 237)
(214, 232, 234)
(214, 231, 234)
(210, 227, 231)
(208, 224, 229)
(204, 221, 225)
(201, 219, 223)
(196, 213, 218)
(190, 206, 210)
(189, 206, 208)
(183, 197, 200)
(132, 130, 127)
(125, 106, 95)
(136, 109, 98)
(138, 109, 98)
(140, 112, 99)
(147, 121, 106)
(154, 126, 113)
(161, 130, 116)
(173, 140, 124)
(184, 150, 132)
(187, 153, 137)
(181, 148, 128)
(181, 146, 126)
(183, 147, 131)
(183, 150, 132)
(177, 153, 134)
(171, 153, 140)
(166, 167, 163)
(170, 177, 181)
(168, 180, 185)
(167, 178, 178)
(137, 132, 128)
(105, 80, 70)
(122, 89, 71)
(153, 118, 104)
(176, 140, 126)
(190, 153, 139)
(200, 163, 146)
(212, 176, 160)
(220, 187, 168)
(220, 189, 170)
(221, 189, 174)
(213, 181, 164)
(193, 165, 147)
(168, 143, 130)
(137, 120, 112)
(158, 153, 151)
(167, 172, 169)
(165, 161, 157)
(90, 64, 58)
(104, 63, 51)
(130, 90, 73)
(152, 112, 94)
(160, 121, 107)
(168, 135, 120)
(182, 151, 136)
(199, 162, 149)
(191, 149, 139)
(184, 140, 129)
(156, 113, 100)
(139, 96, 81)
(127, 84, 68)
(126, 94, 76)
(129, 110, 93)
(146, 133, 123)
(164, 150, 143)
(136, 113, 104)
(118, 74, 64)
(116, 72, 55)
(119, 79, 62)
(140, 100, 85)
(164, 123, 107)
(182, 142, 124)
(195, 157, 140)
(202, 169, 153)
(208, 176, 163)
(205, 172, 160)
(207, 178, 165)
(204, 181, 165)
(198, 184, 169)
(202, 201, 194)
(233, 244, 245)
(236, 250, 253)
(239, 253, 255)
(237, 251, 254)
(237, 251, 254)
(238, 252, 255)
(237, 251, 254)
(238, 251, 255)
(238, 250, 254)
(238, 252, 255)
(236, 251, 253)
(234, 249, 253)
(236, 249, 255)
(237, 250, 255)
(235, 247, 254)
(234, 249, 255)
(235, 247, 254)
(235, 247, 254)
(234, 248, 255)
(231, 247, 254)
(232, 246, 254)
(232, 245, 253)
(232, 245, 254)
(232, 245, 254)
(231, 244, 253)
(232, 245, 254)
(211, 231, 238)
(213, 231, 238)
(213, 231, 237)
(214, 232, 238)
(212, 231, 235)
(215, 235, 240)
(213, 233, 239)
(217, 234, 241)
(215, 232, 239)
(218, 234, 241)
(219, 234, 241)
(218, 233, 240)
(218, 234, 241)
(219, 235, 241)
(220, 236, 241)
(218, 236, 240)
(220, 237, 243)
(218, 235, 242)
(219, 237, 241)
(215, 233, 237)
(215, 233, 236)
(213, 231, 233)
(212, 230, 233)
(208, 226, 230)
(205, 223, 227)
(200, 218, 222)
(196, 214, 218)
(191, 209, 213)
(185, 202, 205)
(186, 202, 204)
(175, 187, 189)
(121, 115, 109)
(133, 109, 94)
(149, 119, 107)
(151, 121, 110)
(141, 113, 101)
(147, 120, 108)
(150, 122, 110)
(159, 130, 116)
(167, 135, 120)
(178, 144, 126)
(178, 142, 127)
(180, 143, 124)
(182, 144, 125)
(183, 146, 130)
(179, 147, 130)
(169, 149, 131)
(168, 155, 146)
(167, 174, 173)
(168, 177, 180)
(168, 180, 183)
(165, 174, 174)
(124, 111, 108)
(109, 78, 68)
(128, 94, 76)
(159, 123, 109)
(181, 145, 131)
(192, 154, 140)
(204, 166, 150)
(214, 178, 160)
(219, 186, 165)
(222, 191, 171)
(224, 192, 179)
(221, 188, 173)
(209, 178, 163)
(183, 159, 146)
(151, 138, 130)
(169, 170, 167)
(167, 173, 174)
(162, 159, 159)
(95, 71, 66)
(117, 83, 68)
(149, 115, 96)
(168, 132, 114)
(179, 142, 127)
(180, 148, 133)
(186, 154, 139)
(200, 164, 151)
(201, 160, 151)
(197, 154, 146)
(183, 142, 130)
(156, 117, 102)
(124, 88, 73)
(118, 97, 82)
(147, 142, 130)
(173, 178, 170)
(184, 185, 180)
(146, 131, 123)
(115, 74, 64)
(134, 93, 75)
(157, 121, 103)
(183, 148, 132)
(198, 163, 147)
(204, 169, 152)
(217, 186, 169)
(225, 200, 183)
(224, 198, 183)
(225, 199, 185)
(224, 199, 185)
(221, 201, 183)
(213, 202, 187)
(215, 216, 212)
(238, 249, 254)
(237, 251, 254)
(239, 253, 255)
(236, 250, 253)
(239, 253, 255)
(239, 253, 255)
(237, 251, 254)
(238, 252, 255)
(237, 249, 254)
(238, 252, 255)
(235, 250, 252)
(235, 250, 253)
(235, 248, 254)
(237, 250, 255)
(235, 247, 253)
(233, 247, 255)
(234, 246, 255)
(235, 248, 255)
(233, 247, 255)
(231, 247, 254)
(232, 246, 254)
(231, 244, 252)
(234, 245, 255)
(234, 245, 255)
(232, 243, 253)
(230, 242, 252)
(216, 232, 239)
(215, 231, 238)
(217, 232, 239)
(217, 232, 238)
(215, 231, 238)
(218, 236, 242)
(214, 233, 239)
(217, 234, 242)
(216, 233, 240)
(218, 234, 241)
(218, 233, 240)
(220, 235, 242)
(218, 235, 242)
(218, 235, 241)
(219, 237, 241)
(218, 236, 240)
(219, 236, 242)
(217, 235, 241)
(219, 237, 241)
(215, 233, 237)
(214, 232, 235)
(212, 229, 231)
(210, 228, 231)
(207, 225, 229)
(202, 220, 224)
(196, 215, 219)
(191, 210, 214)
(189, 208, 211)
(182, 200, 202)
(183, 198, 199)
(157, 164, 164)
(123, 112, 103)
(142, 115, 97)
(157, 128, 113)
(162, 134, 121)
(155, 127, 115)
(155, 128, 117)
(148, 123, 111)
(150, 125, 112)
(160, 131, 115)
(171, 137, 119)
(171, 133, 118)
(175, 136, 118)
(180, 142, 123)
(181, 145, 130)
(175, 147, 130)
(164, 149, 134)
(170, 164, 159)
(166, 178, 177)
(166, 179, 178)
(167, 180, 180)
(165, 168, 169)
(109, 88, 84)
(113, 77, 67)
(135, 102, 84)
(166, 130, 115)
(183, 145, 131)
(195, 157, 142)
(209, 171, 155)
(216, 181, 161)
(220, 187, 166)
(222, 191, 170)
(223, 191, 179)
(223, 190, 176)
(216, 183, 168)
(198, 174, 161)
(164, 155, 146)
(173, 175, 173)
(171, 175, 178)
(157, 148, 153)
(103, 77, 73)
(136, 109, 92)
(158, 133, 112)
(180, 149, 132)
(196, 164, 149)
(201, 167, 151)
(198, 160, 146)
(203, 164, 152)
(204, 161, 153)
(203, 160, 152)
(194, 154, 143)
(182, 146, 131)
(132, 105, 91)
(134, 124, 114)
(179, 184, 177)
(185, 197, 196)
(191, 198, 197)
(160, 150, 145)
(116, 80, 69)
(151, 113, 94)
(178, 144, 125)
(199, 167, 151)
(211, 179, 164)
(219, 187, 172)
(224, 197, 180)
(229, 208, 190)
(230, 210, 192)
(231, 212, 196)
(231, 212, 196)
(228, 209, 193)
(221, 211, 198)
(226, 229, 227)
(240, 252, 255)
(237, 252, 255)
(236, 251, 254)
(236, 251, 254)
(237, 252, 254)
(237, 252, 255)
(237, 252, 255)
(237, 252, 255)
(237, 249, 253)
(238, 252, 255)
(235, 249, 252)
(235, 250, 255)
(236, 249, 255)
(237, 250, 255)
(235, 247, 253)
(235, 249, 255)
(235, 248, 255)
(234, 247, 255)
(232, 246, 254)
(230, 246, 253)
(232, 246, 254)
(233, 244, 253)
(235, 245, 255)
(235, 245, 255)
(233, 244, 254)
(232, 244, 254)
(215, 231, 238)
(216, 231, 238)
(218, 232, 238)
(218, 232, 238)
(216, 232, 238)
(217, 233, 240)
(213, 232, 238)
(216, 233, 240)
(215, 232, 239)
(217, 233, 240)
(218, 233, 240)
(220, 235, 242)
(216, 233, 240)
(218, 235, 241)
(220, 238, 242)
(217, 235, 239)
(218, 235, 241)
(217, 234, 240)
(217, 233, 239)
(215, 231, 236)
(212, 228, 232)
(210, 227, 229)
(207, 225, 228)
(201, 220, 224)
(197, 216, 220)
(192, 211, 215)
(187, 207, 209)
(186, 206, 207)
(181, 198, 199)
(182, 192, 193)
(141, 138, 134)
(134, 115, 104)
(147, 117, 101)
(163, 133, 116)
(169, 139, 123)
(170, 141, 127)
(173, 146, 134)
(176, 152, 141)
(156, 134, 121)
(162, 134, 120)
(162, 127, 112)
(159, 122, 105)
(168, 131, 114)
(174, 137, 121)
(182, 148, 132)
(173, 149, 134)
(158, 150, 142)
(177, 181, 182)
(163, 177, 178)
(168, 183, 180)
(165, 177, 174)
(160, 156, 156)
(115, 86, 81)
(120, 81, 69)
(147, 114, 97)
(174, 139, 121)
(188, 151, 135)
(202, 164, 149)
(212, 173, 157)
(217, 181, 163)
(222, 188, 168)
(223, 190, 171)
(221, 189, 174)
(221, 188, 172)
(217, 182, 169)
(196, 173, 162)
(176, 171, 163)
(174, 179, 176)
(173, 174, 177)
(147, 132, 134)
(115, 83, 77)
(137, 111, 93)
(168, 143, 124)
(192, 162, 146)
(204, 175, 159)
(213, 182, 165)
(222, 186, 170)
(224, 188, 173)
(217, 181, 166)
(213, 175, 161)
(202, 169, 153)
(188, 159, 142)
(151, 135, 123)
(168, 167, 163)
(187, 196, 196)
(193, 202, 209)
(196, 199, 204)
(173, 163, 160)
(120, 88, 76)
(151, 111, 92)
(181, 143, 124)
(201, 165, 150)
(217, 182, 167)
(221, 188, 172)
(227, 198, 181)
(233, 207, 191)
(239, 218, 199)
(232, 215, 197)
(233, 216, 200)
(233, 214, 199)
(224, 215, 203)
(231, 236, 233)
(236, 248, 253)
(236, 251, 255)
(237, 252, 255)
(236, 251, 254)
(237, 252, 255)
(236, 251, 254)
(238, 253, 255)
(237, 252, 255)
(238, 250, 254)
(236, 250, 253)
(236, 250, 254)
(237, 252, 255)
(236, 250, 255)
(237, 250, 255)
(235, 247, 253)
(232, 246, 254)
(235, 248, 255)
(234, 247, 255)
(233, 247, 255)
(231, 245, 253)
(234, 246, 254)
(237, 247, 255)
(234, 244, 254)
(234, 245, 255)
(231, 244, 253)
(232, 245, 254)
(214, 231, 238)
(214, 230, 236)
(216, 231, 236)
(217, 232, 237)
(216, 232, 238)
(216, 233, 239)
(214, 233, 239)
(217, 234, 241)
(215, 233, 240)
(218, 234, 241)
(220, 235, 242)
(220, 235, 242)
(219, 235, 242)
(217, 235, 240)
(218, 236, 239)
(217, 235, 239)
(218, 236, 240)
(217, 233, 239)
(219, 234, 240)
(215, 230, 235)
(213, 228, 232)
(208, 224, 227)
(206, 224, 227)
(199, 218, 223)
(194, 213, 219)
(189, 208, 211)
(186, 206, 207)
(182, 201, 203)
(177, 192, 195)
(184, 189, 190)
(137, 124, 119)
(141, 115, 105)
(153, 125, 111)
(167, 136, 117)
(174, 143, 123)
(178, 147, 129)
(178, 150, 135)
(183, 159, 147)
(176, 153, 140)
(171, 144, 129)
(171, 136, 120)
(163, 128, 109)
(159, 124, 109)
(169, 134, 121)
(174, 145, 127)
(165, 148, 133)
(166, 166, 161)
(166, 179, 183)
(166, 179, 183)
(164, 179, 176)
(168, 178, 175)
(143, 132, 134)
(117, 84, 79)
(135, 96, 81)
(154, 121, 102)
(178, 143, 123)
(192, 156, 138)
(206, 169, 152)
(217, 178, 163)
(221, 184, 167)
(224, 189, 171)
(222, 188, 169)
(218, 187, 167)
(218, 187, 168)
(214, 181, 167)
(191, 172, 160)
(173, 176, 167)
(170, 180, 177)
(170, 172, 175)
(137, 119, 117)
(121, 84, 75)
(149, 120, 101)
(177, 147, 129)
(198, 164, 149)
(208, 179, 161)
(215, 186, 166)
(224, 192, 174)
(226, 195, 175)
(228, 196, 177)
(225, 191, 173)
(220, 189, 172)
(203, 179, 160)
(169, 159, 147)
(177, 184, 178)
(193, 205, 205)
(199, 209, 216)
(208, 210, 217)
(190, 181, 179)
(124, 93, 82)
(150, 110, 90)
(180, 142, 122)
(198, 162, 145)
(213, 177, 161)
(219, 185, 167)
(225, 194, 175)
(233, 206, 187)
(240, 216, 195)
(236, 217, 198)
(234, 214, 199)
(230, 207, 196)
(225, 215, 205)
(231, 238, 233)
(238, 250, 255)
(237, 250, 254)
(237, 251, 255)
(236, 250, 253)
(239, 253, 255)
(238, 252, 255)
(239, 253, 255)
(238, 252, 254)
(238, 251, 254)
(238, 252, 255)
(235, 250, 255)
(236, 251, 255)
(236, 251, 255)
(235, 248, 254)
(235, 248, 254)
(233, 247, 255)
(234, 247, 255)
(233, 246, 254)
(233, 247, 255)
(231, 246, 253)
(233, 245, 253)
(234, 244, 253)
(232, 244, 253)
(232, 244, 254)
(228, 242, 251)
(230, 245, 254)
(215, 234, 240)
(214, 231, 237)
(215, 232, 236)
(216, 233, 237)
(214, 232, 236)
(216, 234, 239)
(214, 233, 239)
(217, 234, 241)
(216, 233, 240)
(219, 234, 241)
(219, 234, 240)
(221, 236, 243)
(218, 236, 240)
(217, 235, 239)
(218, 236, 239)
(217, 235, 239)
(218, 236, 240)
(216, 232, 238)
(217, 232, 239)
(216, 229, 236)
(213, 228, 231)
(207, 223, 225)
(203, 220, 223)
(196, 215, 220)
(193, 212, 217)
(187, 206, 209)
(183, 203, 204)
(181, 198, 200)
(177, 191, 193)
(179, 179, 181)
(140, 120, 114)
(145, 117, 106)
(155, 127, 114)
(168, 137, 117)
(176, 144, 121)
(182, 150, 130)
(187, 157, 141)
(191, 165, 151)
(187, 164, 149)
(179, 151, 134)
(181, 145, 128)
(178, 144, 124)
(170, 138, 123)
(153, 121, 108)
(162, 137, 119)
(160, 148, 134)
(168, 172, 171)
(163, 181, 186)
(168, 179, 186)
(167, 181, 180)
(167, 175, 173)
(126, 111, 113)
(117, 82, 75)
(140, 101, 84)
(160, 129, 108)
(180, 147, 125)
(197, 162, 142)
(211, 174, 157)
(218, 179, 164)
(223, 185, 169)
(225, 189, 172)
(223, 188, 169)
(218, 186, 163)
(216, 185, 163)
(213, 183, 166)
(189, 174, 162)
(171, 177, 169)
(167, 180, 180)
(166, 170, 172)
(120, 100, 95)
(123, 82, 71)
(149, 116, 96)
(180, 146, 128)
(203, 167, 152)
(210, 179, 161)
(218, 188, 168)
(229, 196, 177)
(231, 198, 178)
(233, 199, 178)
(231, 194, 175)
(224, 190, 172)
(213, 185, 168)
(189, 178, 167)
(191, 200, 194)
(196, 212, 211)
(201, 216, 221)
(209, 215, 221)
(197, 190, 189)
(122, 91, 82)
(145, 107, 86)
(175, 138, 116)
(195, 159, 141)
(209, 174, 156)
(215, 181, 162)
(221, 191, 169)
(232, 205, 184)
(239, 211, 190)
(238, 215, 196)
(234, 212, 198)
(234, 208, 199)
(223, 212, 204)
(232, 240, 236)
(238, 252, 255)
(238, 252, 255)
(239, 253, 255)
(237, 251, 254)
(238, 252, 255)
(237, 251, 254)
(237, 251, 254)
(237, 251, 254)
(237, 251, 255)
(238, 252, 255)
(235, 250, 255)
(236, 251, 255)
(234, 249, 254)
(236, 249, 254)
(235, 248, 255)
(233, 247, 255)
(234, 247, 255)
(233, 246, 254)
(233, 247, 255)
(230, 245, 252)
(235, 245, 254)
(234, 244, 253)
(229, 243, 252)
(229, 244, 253)
(226, 242, 250)
(228, 244, 252)
(211, 233, 238)
(211, 233, 238)
(213, 233, 238)
(213, 232, 237)
(215, 233, 238)
(216, 233, 239)
(215, 233, 238)
(219, 237, 241)
(217, 233, 238)
(220, 235, 240)
(218, 233, 238)
(221, 237, 242)
(215, 233, 237)
(219, 236, 240)
(219, 235, 241)
(218, 234, 239)
(218, 234, 239)
(217, 232, 237)
(216, 231, 236)
(213, 226, 232)
(211, 227, 230)
(199, 219, 220)
(199, 219, 220)
(195, 213, 215)
(191, 209, 210)
(187, 204, 205)
(181, 196, 199)
(178, 194, 195)
(177, 190, 192)
(164, 167, 167)
(135, 121, 109)
(149, 124, 106)
(161, 131, 114)
(173, 141, 120)
(178, 145, 126)
(182, 150, 134)
(195, 165, 152)
(199, 170, 156)
(198, 166, 152)
(192, 157, 143)
(187, 152, 138)
(185, 149, 134)
(181, 151, 133)
(154, 128, 109)
(146, 128, 110)
(160, 159, 147)
(165, 177, 173)
(169, 181, 183)
(174, 180, 187)
(166, 180, 183)
(167, 171, 173)
(116, 92, 91)
(118, 83, 70)
(139, 108, 88)
(162, 131, 113)
(188, 153, 131)
(205, 171, 149)
(212, 178, 157)
(216, 181, 161)
(224, 186, 168)
(228, 190, 171)
(227, 189, 169)
(223, 186, 162)
(218, 184, 160)
(216, 183, 165)
(184, 173, 163)
(170, 180, 177)
(172, 182, 185)
(164, 164, 165)
(117, 90, 82)
(122, 82, 66)
(149, 116, 90)
(183, 151, 127)
(202, 168, 152)
(213, 181, 165)
(220, 187, 171)
(229, 194, 178)
(233, 197, 181)
(233, 197, 182)
(231, 195, 178)
(227, 192, 172)
(216, 190, 174)
(195, 189, 179)
(195, 204, 202)
(202, 216, 219)
(206, 220, 225)
(215, 224, 230)
(201, 195, 199)
(120, 89, 84)
(138, 100, 80)
(166, 130, 106)
(193, 155, 135)
(206, 170, 152)
(215, 181, 164)
(219, 190, 170)
(228, 203, 180)
(237, 208, 184)
(236, 212, 189)
(234, 209, 193)
(233, 209, 197)
(222, 213, 205)
(232, 242, 239)
(235, 250, 253)
(238, 252, 255)
(239, 253, 255)
(235, 250, 253)
(238, 253, 255)
(236, 251, 255)
(236, 249, 254)
(237, 250, 255)
(236, 249, 255)
(236, 251, 255)
(235, 250, 255)
(234, 249, 254)
(233, 248, 254)
(235, 250, 255)
(234, 247, 254)
(236, 248, 255)
(235, 247, 255)
(232, 246, 254)
(235, 250, 255)
(230, 243, 251)
(234, 244, 254)
(233, 244, 254)
(229, 243, 254)
(229, 244, 254)
(229, 243, 252)
(231, 245, 253)
(211, 233, 238)
(211, 232, 237)
(213, 232, 238)
(213, 232, 238)
(214, 232, 238)
(217, 234, 241)
(216, 233, 239)
(215, 232, 238)
(216, 233, 239)
(219, 234, 240)
(218, 234, 240)
(219, 236, 242)
(217, 234, 240)
(218, 236, 241)
(220, 235, 242)
(219, 234, 240)
(216, 232, 237)
(214, 230, 235)
(215, 230, 235)
(210, 225, 230)
(205, 222, 227)
(199, 219, 221)
(196, 216, 217)
(189, 207, 209)
(188, 205, 207)
(183, 198, 201)
(180, 195, 198)
(177, 193, 193)
(171, 184, 184)
(151, 151, 150)
(136, 122, 107)
(153, 126, 107)
(166, 133, 117)
(172, 140, 121)
(178, 146, 129)
(186, 153, 139)
(194, 160, 149)
(201, 169, 155)
(200, 168, 153)
(190, 157, 142)
(194, 159, 146)
(190, 155, 141)
(182, 153, 135)
(166, 145, 126)
(140, 128, 114)
(165, 169, 163)
(167, 181, 180)
(170, 183, 185)
(170, 176, 182)
(168, 179, 183)
(154, 151, 154)
(105, 76, 72)
(124, 89, 72)
(142, 113, 91)
(172, 139, 122)
(191, 156, 134)
(204, 171, 148)
(210, 179, 157)
(216, 185, 164)
(219, 185, 165)
(226, 192, 172)
(225, 191, 171)
(221, 184, 165)
(215, 183, 161)
(208, 175, 161)
(177, 168, 161)
(170, 181, 179)
(173, 179, 182)
(166, 160, 162)
(111, 77, 71)
(127, 84, 68)
(159, 123, 98)
(183, 149, 126)
(203, 170, 153)
(212, 182, 166)
(222, 189, 173)
(230, 195, 180)
(234, 197, 181)
(233, 197, 183)
(232, 196, 179)
(228, 193, 172)
(216, 191, 175)
(199, 194, 186)
(204, 214, 213)
(208, 220, 225)
(214, 227, 233)
(217, 226, 232)
(212, 207, 213)
(125, 94, 89)
(134, 97, 78)
(158, 122, 99)
(183, 146, 127)
(205, 168, 150)
(209, 174, 159)
(220, 189, 172)
(225, 199, 176)
(233, 204, 180)
(234, 208, 186)
(232, 206, 190)
(233, 208, 196)
(225, 215, 207)
(236, 244, 242)
(239, 252, 255)
(239, 253, 255)
(238, 252, 255)
(236, 251, 254)
(236, 251, 253)
(237, 252, 255)
(236, 249, 255)
(237, 250, 255)
(237, 249, 254)
(236, 249, 255)
(236, 249, 255)
(236, 249, 255)
(236, 249, 255)
(235, 248, 255)
(236, 249, 255)
(237, 249, 255)
(236, 249, 255)
(232, 246, 254)
(234, 249, 255)
(231, 244, 253)
(233, 245, 255)
(232, 245, 255)
(228, 242, 253)
(230, 243, 253)
(230, 243, 252)
(231, 244, 252)
(212, 232, 238)
(213, 231, 238)
(214, 232, 238)
(215, 233, 239)
(217, 234, 241)
(217, 234, 241)
(214, 232, 239)
(216, 233, 240)
(216, 233, 240)
(218, 235, 242)
(216, 233, 240)
(218, 234, 241)
(216, 234, 240)
(216, 234, 240)
(219, 233, 241)
(218, 233, 240)
(215, 231, 237)
(213, 229, 234)
(212, 229, 234)
(208, 223, 229)
(203, 220, 225)
(198, 216, 220)
(196, 214, 218)
(187, 205, 208)
(184, 202, 204)
(180, 197, 199)
(176, 193, 196)
(173, 190, 190)
(174, 185, 183)
(142, 138, 135)
(143, 124, 110)
(159, 127, 110)
(167, 132, 118)
(175, 141, 125)
(179, 147, 132)
(190, 155, 143)
(194, 157, 146)
(202, 168, 155)
(201, 172, 155)
(197, 167, 150)
(199, 164, 150)
(187, 155, 140)
(181, 153, 137)
(165, 147, 133)
(156, 151, 141)
(168, 177, 175)
(167, 182, 185)
(166, 182, 188)
(168, 178, 183)
(170, 178, 181)
(134, 123, 125)
(108, 75, 69)
(126, 91, 73)
(149, 119, 97)
(178, 142, 124)
(193, 153, 133)
(203, 167, 147)
(210, 178, 157)
(216, 185, 164)
(219, 187, 166)
(222, 191, 170)
(222, 191, 171)
(220, 186, 170)
(212, 181, 164)
(202, 172, 161)
(180, 172, 167)
(174, 183, 184)
(174, 177, 182)
(162, 150, 152)
(115, 75, 69)
(131, 84, 70)
(156, 119, 96)
(180, 145, 124)
(201, 168, 151)
(213, 183, 165)
(221, 190, 172)
(231, 198, 180)
(237, 200, 183)
(235, 199, 183)
(232, 197, 178)
(226, 192, 172)
(215, 191, 176)
(202, 198, 192)
(208, 219, 220)
(211, 225, 230)
(216, 229, 235)
(223, 232, 238)
(217, 213, 218)
(129, 100, 95)
(131, 95, 79)
(154, 117, 98)
(181, 144, 126)
(198, 161, 145)
(211, 176, 162)
(215, 183, 167)
(223, 195, 175)
(229, 200, 178)
(231, 205, 185)
(231, 205, 189)
(235, 209, 198)
(226, 216, 208)
(238, 244, 243)
(241, 250, 255)
(237, 250, 254)
(239, 253, 255)
(236, 251, 254)
(236, 251, 254)
(237, 252, 255)
(236, 249, 255)
(237, 250, 255)
(239, 250, 254)
(238, 250, 255)
(237, 249, 254)
(238, 250, 255)
(236, 248, 254)
(238, 250, 255)
(235, 247, 255)
(233, 247, 255)
(234, 247, 255)
(233, 246, 254)
(235, 248, 255)
(231, 245, 253)
(233, 246, 255)
(229, 243, 253)
(231, 244, 255)
(231, 244, 254)
(230, 243, 252)
(230, 244, 252)
(215, 232, 239)
(215, 231, 238)
(213, 230, 237)
(214, 232, 239)
(216, 233, 240)
(216, 233, 240)
(215, 232, 239)
(215, 232, 239)
(215, 232, 239)
(218, 235, 242)
(218, 235, 242)
(218, 236, 242)
(216, 235, 241)
(215, 233, 239)
(218, 233, 241)
(216, 232, 239)
(213, 230, 237)
(210, 227, 233)
(210, 226, 233)
(206, 222, 229)
(203, 219, 225)
(196, 213, 218)
(194, 212, 216)
(186, 204, 208)
(180, 199, 202)
(179, 197, 200)
(172, 191, 195)
(173, 189, 190)
(171, 178, 176)
(137, 130, 125)
(148, 124, 110)
(160, 125, 109)
(167, 132, 116)
(175, 141, 125)
(180, 147, 133)
(192, 157, 145)
(197, 159, 149)
(201, 166, 152)
(200, 170, 152)
(200, 171, 153)
(203, 171, 156)
(194, 164, 147)
(183, 157, 141)
(166, 151, 140)
(159, 161, 156)
(168, 179, 180)
(168, 182, 188)
(164, 183, 189)
(165, 179, 182)
(173, 177, 179)
(120, 102, 103)
(108, 72, 65)
(123, 89, 70)
(151, 119, 98)
(179, 141, 123)
(196, 153, 136)
(203, 164, 146)
(210, 175, 156)
(218, 183, 163)
(222, 188, 168)
(221, 189, 168)
(219, 188, 167)
(220, 188, 173)
(212, 182, 166)
(200, 174, 165)
(180, 174, 172)
(172, 181, 183)
(175, 175, 180)
(152, 134, 136)
(115, 71, 65)
(136, 86, 75)
(157, 117, 98)
(178, 142, 123)
(198, 165, 147)
(209, 180, 160)
(221, 190, 171)
(233, 199, 181)
(236, 201, 182)
(235, 200, 183)
(233, 198, 180)
(226, 194, 173)
(214, 192, 178)
(204, 203, 199)
(213, 224, 228)
(216, 230, 237)
(221, 234, 240)
(227, 236, 242)
(222, 219, 223)
(132, 104, 99)
(131, 95, 80)
(149, 113, 96)
(180, 142, 126)
(196, 158, 144)
(208, 173, 159)
(214, 181, 166)
(222, 192, 173)
(227, 199, 179)
(229, 205, 186)
(228, 204, 190)
(231, 206, 195)
(224, 214, 207)
(237, 242, 241)
(240, 250, 255)
(238, 250, 254)
(238, 252, 255)
(235, 250, 253)
(236, 251, 254)
(237, 252, 255)
(236, 249, 254)
(237, 250, 255)
(239, 249, 254)
(240, 251, 255)
(238, 249, 254)
(238, 250, 255)
(235, 247, 253)
(238, 250, 255)
(234, 246, 253)
(232, 248, 255)
(233, 247, 255)
(234, 247, 255)
(235, 246, 255)
(231, 243, 252)
(231, 245, 254)
(228, 242, 252)
(231, 244, 255)
(232, 245, 254)
(230, 243, 252)
(230, 244, 252)
(218, 232, 241)
(215, 231, 238)
(216, 232, 239)
(216, 233, 240)
(217, 234, 241)
(216, 233, 240)
(216, 233, 240)
(218, 235, 242)
(215, 232, 239)
(219, 236, 243)
(215, 232, 239)
(217, 235, 241)
(215, 234, 240)
(216, 234, 240)
(217, 231, 240)
(216, 232, 239)
(212, 229, 236)
(208, 225, 232)
(208, 225, 232)
(202, 220, 226)
(200, 217, 224)
(193, 210, 217)
(190, 207, 213)
(182, 200, 204)
(179, 197, 201)
(178, 197, 201)
(171, 190, 194)
(171, 187, 190)
(178, 183, 181)
(139, 128, 121)
(152, 125, 112)
(162, 126, 110)
(170, 136, 118)
(171, 140, 120)
(182, 150, 134)
(192, 159, 146)
(201, 167, 155)
(202, 167, 152)
(200, 166, 148)
(202, 169, 151)
(204, 171, 156)
(198, 170, 150)
(191, 165, 150)
(171, 159, 151)
(167, 173, 170)
(168, 181, 185)
(166, 178, 185)
(166, 184, 189)
(162, 179, 182)
(164, 164, 166)
(100, 76, 75)
(111, 74, 66)
(126, 95, 76)
(150, 120, 99)
(182, 142, 125)
(198, 155, 139)
(208, 169, 152)
(217, 180, 162)
(221, 184, 165)
(224, 187, 168)
(222, 188, 168)
(216, 183, 164)
(216, 185, 167)
(210, 182, 164)
(194, 173, 163)
(178, 175, 174)
(172, 182, 183)
(178, 178, 181)
(140, 118, 120)
(126, 77, 70)
(141, 89, 78)
(158, 118, 100)
(178, 141, 123)
(198, 163, 145)
(203, 175, 154)
(219, 190, 169)
(233, 199, 180)
(233, 198, 178)
(232, 198, 180)
(233, 198, 179)
(228, 196, 176)
(215, 195, 183)
(210, 211, 209)
(220, 232, 237)
(218, 232, 240)
(226, 239, 246)
(229, 238, 244)
(226, 224, 228)
(130, 104, 98)
(130, 95, 82)
(144, 108, 93)
(174, 136, 121)
(198, 160, 146)
(202, 167, 155)
(210, 177, 163)
(217, 186, 169)
(219, 195, 175)
(222, 202, 184)
(224, 203, 189)
(226, 205, 193)
(219, 211, 203)
(231, 239, 237)
(237, 249, 253)
(238, 252, 255)
(238, 252, 255)
(238, 252, 255)
(239, 253, 255)
(238, 252, 255)
(236, 249, 254)
(237, 250, 255)
(238, 250, 254)
(239, 251, 255)
(238, 250, 255)
(237, 250, 255)
(236, 249, 255)
(238, 250, 255)
(235, 248, 254)
(231, 247, 254)
(232, 246, 254)
(235, 246, 255)
(234, 245, 254)
(232, 245, 254)
(228, 243, 252)
(229, 245, 254)
(232, 244, 254)
(233, 246, 255)
(232, 245, 254)
(231, 245, 253)
(216, 231, 240)
(215, 231, 239)
(216, 232, 239)
(215, 231, 238)
(215, 232, 239)
(217, 234, 241)
(218, 235, 242)
(218, 235, 242)
(216, 233, 240)
(219, 236, 243)
(216, 233, 240)
(216, 233, 240)
(215, 234, 240)
(214, 232, 238)
(215, 231, 239)
(213, 229, 236)
(211, 228, 235)
(206, 225, 230)
(202, 221, 227)
(198, 217, 223)
(195, 214, 220)
(191, 208, 215)
(187, 204, 210)
(183, 201, 205)
(178, 196, 200)
(172, 191, 195)
(169, 188, 192)
(171, 186, 191)
(164, 167, 166)
(137, 123, 114)
(154, 124, 110)
(165, 130, 111)
(169, 135, 114)
(171, 141, 119)
(188, 153, 138)
(198, 165, 151)
(203, 175, 160)
(206, 173, 156)
(206, 167, 150)
(207, 166, 151)
(204, 171, 156)
(199, 171, 151)
(193, 169, 155)
(172, 165, 158)
(173, 182, 181)
(170, 184, 188)
(170, 182, 187)
(170, 185, 189)
(164, 181, 183)
(145, 141, 141)
(117, 89, 85)
(124, 88, 77)
(135, 105, 88)
(158, 128, 111)
(185, 148, 131)
(196, 162, 144)
(205, 172, 154)
(214, 183, 164)
(216, 183, 164)
(219, 183, 165)
(221, 187, 168)
(219, 185, 164)
(212, 180, 158)
(207, 179, 159)
(192, 176, 165)
(181, 181, 180)
(172, 184, 187)
(177, 178, 180)
(127, 102, 103)
(120, 70, 62)
(134, 82, 72)
(154, 114, 98)
(175, 138, 120)
(196, 161, 142)
(212, 183, 162)
(220, 190, 170)
(231, 197, 178)
(230, 196, 176)
(226, 193, 174)
(232, 195, 177)
(229, 198, 179)
(215, 200, 188)
(218, 222, 221)
(221, 235, 242)
(224, 238, 247)
(228, 241, 247)
(233, 242, 248)
(228, 228, 232)
(132, 109, 104)
(131, 96, 85)
(149, 113, 99)
(180, 143, 128)
(193, 156, 143)
(197, 162, 150)
(208, 174, 161)
(214, 182, 166)
(207, 184, 165)
(209, 193, 174)
(214, 196, 181)
(220, 202, 189)
(215, 211, 200)
(232, 243, 239)
(236, 251, 254)
(238, 252, 255)
(237, 251, 254)
(237, 251, 254)
(238, 252, 255)
(238, 252, 255)
(237, 251, 254)
(238, 251, 255)
(238, 250, 254)
(238, 252, 255)
(236, 250, 254)
(236, 251, 255)
(235, 249, 254)
(235, 248, 254)
(233, 247, 254)
(230, 246, 254)
(233, 247, 255)
(233, 246, 254)
(235, 248, 255)
(232, 245, 254)
(230, 245, 254)
(229, 244, 253)
(230, 243, 252)
(233, 246, 255)
(233, 246, 254)
(232, 246, 254)
(215, 232, 239)
(216, 233, 241)
(217, 234, 242)
(216, 233, 240)
(215, 232, 239)
(216, 233, 240)
(217, 234, 241)
(217, 234, 241)
(215, 232, 239)
(218, 235, 242)
(217, 233, 240)
(218, 235, 242)
(214, 233, 239)
(212, 232, 238)
(213, 229, 237)
(210, 228, 234)
(207, 226, 232)
(204, 222, 227)
(201, 220, 225)
(195, 214, 219)
(192, 210, 216)
(187, 205, 211)
(183, 201, 205)
(180, 198, 202)
(175, 193, 196)
(173, 190, 193)
(170, 186, 191)
(172, 184, 190)
(153, 153, 150)
(137, 120, 108)
(155, 124, 108)
(165, 131, 112)
(170, 138, 115)
(176, 145, 123)
(193, 156, 141)
(203, 169, 154)
(203, 175, 158)
(203, 169, 151)
(205, 163, 147)
(206, 164, 149)
(202, 170, 156)
(200, 171, 153)
(187, 166, 154)
(173, 172, 166)
(169, 181, 180)
(171, 186, 188)
(172, 184, 188)
(172, 184, 189)
(167, 178, 181)
(130, 122, 120)
(127, 98, 88)
(134, 100, 84)
(142, 112, 95)
(156, 126, 110)
(184, 149, 133)
(195, 167, 149)
(205, 178, 159)
(209, 182, 163)
(215, 186, 166)
(216, 182, 164)
(216, 184, 164)
(214, 182, 160)
(210, 179, 157)
(206, 179, 160)
(186, 175, 164)
(180, 183, 183)
(173, 186, 188)
(176, 176, 178)
(120, 91, 91)
(127, 79, 69)
(135, 86, 75)
(148, 110, 94)
(172, 135, 117)
(198, 162, 144)
(211, 181, 162)
(219, 189, 171)
(229, 195, 179)
(229, 196, 177)
(225, 192, 175)
(228, 191, 173)
(228, 197, 180)
(216, 203, 192)
(223, 228, 229)
(223, 237, 245)
(227, 241, 250)
(231, 243, 249)
(237, 246, 252)
(230, 229, 233)
(135, 112, 107)
(127, 91, 80)
(150, 113, 100)
(175, 137, 123)
(188, 152, 138)
(195, 160, 147)
(206, 172, 158)
(216, 184, 167)
(211, 188, 169)
(208, 189, 172)
(206, 188, 172)
(208, 190, 177)
(209, 205, 194)
(232, 244, 239)
(236, 252, 255)
(238, 252, 255)
(238, 252, 255)
(238, 252, 255)
(238, 252, 254)
(239, 253, 255)
(236, 250, 253)
(237, 251, 254)
(236, 250, 253)
(238, 252, 255)
(232, 247, 251)
(236, 251, 255)
(235, 250, 255)
(234, 249, 254)
(233, 247, 255)
(232, 247, 255)
(233, 247, 255)
(234, 248, 255)
(234, 247, 255)
(230, 244, 253)
(231, 245, 254)
(230, 244, 253)
(230, 243, 252)
(233, 246, 254)
(232, 245, 253)
(233, 246, 254)
(215, 232, 240)
(216, 233, 241)
(216, 233, 240)
(215, 232, 239)
(215, 232, 239)
(217, 234, 241)
(217, 234, 241)
(216, 233, 240)
(214, 231, 238)
(218, 234, 241)
(216, 232, 239)
(217, 234, 241)
(213, 231, 237)
(211, 230, 236)
(209, 228, 234)
(207, 226, 232)
(205, 224, 229)
(199, 219, 222)
(197, 215, 220)
(191, 210, 215)
(189, 207, 212)
(182, 201, 205)
(181, 199, 203)
(179, 197, 201)
(174, 190, 194)
(174, 189, 192)
(170, 185, 190)
(173, 182, 188)
(142, 137, 132)
(139, 120, 103)
(158, 126, 107)
(169, 135, 116)
(174, 141, 120)
(182, 147, 129)
(197, 158, 143)
(206, 168, 153)
(206, 172, 156)
(203, 167, 149)
(205, 165, 147)
(206, 167, 152)
(201, 170, 156)
(199, 169, 153)
(181, 166, 155)
(173, 176, 172)
(169, 182, 182)
(171, 188, 188)
(171, 185, 188)
(172, 182, 187)
(174, 178, 181)
(115, 101, 96)
(131, 100, 86)
(144, 110, 91)
(151, 119, 102)
(166, 136, 119)
(185, 151, 133)
(196, 166, 149)
(207, 178, 161)
(211, 183, 164)
(217, 186, 168)
(219, 186, 168)
(215, 184, 164)
(210, 181, 160)
(210, 180, 160)
(200, 176, 159)
(185, 178, 169)
(181, 186, 188)
(173, 187, 190)
(173, 170, 171)
(120, 89, 87)
(131, 85, 75)
(137, 91, 80)
(144, 109, 91)
(172, 136, 117)
(200, 162, 143)
(211, 179, 162)
(221, 189, 174)
(228, 195, 180)
(228, 195, 177)
(226, 193, 176)
(228, 191, 174)
(225, 195, 178)
(215, 203, 193)
(226, 232, 233)
(226, 240, 248)
(230, 244, 252)
(234, 246, 252)
(236, 245, 251)
(233, 233, 237)
(139, 117, 113)
(137, 100, 90)
(154, 116, 103)
(169, 132, 117)
(182, 146, 131)
(193, 158, 144)
(203, 170, 155)
(216, 184, 167)
(216, 188, 171)
(215, 192, 175)
(214, 191, 176)
(213, 191, 178)
(209, 202, 192)
(233, 243, 239)
(239, 254, 255)
(236, 251, 254)
(239, 253, 255)
(238, 252, 255)
(240, 251, 253)
(238, 252, 255)
(237, 251, 254)
(237, 251, 254)
(236, 250, 253)
(238, 251, 255)
(236, 251, 255)
(236, 251, 255)
(234, 249, 255)
(234, 247, 254)
(233, 246, 254)
(234, 246, 255)
(233, 247, 255)
(233, 247, 255)
(231, 246, 254)
(230, 244, 253)
(231, 244, 253)
(230, 243, 252)
(230, 243, 252)
(232, 245, 253)
(231, 244, 252)
(233, 246, 254)
(214, 233, 240)
(214, 233, 240)
(215, 234, 241)
(216, 233, 240)
(218, 235, 242)
(218, 235, 241)
(216, 234, 239)
(218, 235, 242)
(215, 231, 238)
(219, 234, 241)
(216, 232, 239)
(215, 231, 238)
(213, 230, 237)
(210, 228, 234)
(205, 224, 230)
(204, 224, 229)
(200, 220, 223)
(197, 216, 220)
(194, 213, 217)
(191, 209, 213)
(187, 205, 209)
(181, 200, 204)
(179, 197, 200)
(177, 195, 197)
(174, 189, 192)
(172, 186, 189)
(170, 183, 188)
(178, 183, 187)
(133, 124, 117)
(144, 121, 101)
(159, 125, 105)
(168, 132, 114)
(176, 141, 121)
(188, 150, 135)
(201, 159, 146)
(204, 162, 148)
(205, 166, 151)
(206, 167, 150)
(202, 163, 145)
(203, 169, 152)
(201, 172, 158)
(193, 164, 151)
(180, 168, 159)
(175, 183, 180)
(172, 186, 187)
(171, 188, 188)
(171, 188, 190)
(174, 183, 189)
(169, 166, 170)
(116, 98, 90)
(139, 107, 87)
(152, 117, 96)
(164, 130, 113)
(166, 133, 116)
(185, 152, 133)
(197, 160, 146)
(203, 168, 154)
(213, 179, 163)
(218, 181, 165)
(220, 183, 166)
(217, 183, 164)
(213, 182, 162)
(206, 179, 161)
(191, 169, 155)
(186, 181, 174)
(178, 183, 186)
(175, 187, 190)
(169, 163, 163)
(122, 85, 84)
(136, 93, 82)
(140, 97, 85)
(144, 110, 91)
(177, 141, 121)
(200, 162, 143)
(211, 178, 162)
(220, 188, 175)
(230, 196, 184)
(229, 197, 180)
(228, 195, 178)
(227, 191, 175)
(223, 192, 177)
(215, 204, 194)
(231, 238, 239)
(229, 243, 251)
(233, 248, 255)
(237, 249, 254)
(238, 247, 252)
(234, 234, 237)
(144, 122, 117)
(146, 108, 98)
(158, 118, 106)
(174, 136, 120)
(185, 149, 132)
(199, 164, 149)
(208, 175, 159)
(216, 185, 166)
(222, 189, 172)
(221, 192, 176)
(222, 194, 179)
(221, 195, 181)
(216, 205, 196)
(229, 236, 233)
(239, 251, 255)
(237, 252, 255)
(238, 252, 255)
(239, 253, 255)
(241, 252, 254)
(239, 253, 255)
(237, 251, 254)
(237, 252, 255)
(237, 249, 255)
(238, 250, 255)
(235, 248, 254)
(236, 249, 255)
(234, 247, 254)
(235, 248, 255)
(234, 247, 254)
(234, 245, 255)
(235, 248, 255)
(230, 246, 254)
(231, 247, 254)
(229, 244, 253)
(233, 245, 255)
(233, 244, 254)
(232, 245, 254)
(232, 245, 254)
(233, 246, 254)
(235, 246, 255)
(214, 233, 239)
(217, 234, 242)
(217, 234, 242)
(214, 231, 239)
(218, 235, 243)
(217, 234, 241)
(215, 233, 238)
(219, 235, 242)
(216, 233, 240)
(217, 233, 240)
(214, 230, 238)
(216, 230, 239)
(211, 225, 235)
(209, 227, 236)
(202, 224, 230)
(200, 219, 226)
(201, 217, 224)
(196, 212, 220)
(193, 210, 217)
(185, 204, 209)
(181, 202, 204)
(180, 199, 202)
(173, 193, 198)
(170, 193, 192)
(169, 190, 189)
(170, 185, 188)
(168, 182, 186)
(170, 176, 176)
(127, 115, 107)
(145, 120, 103)
(166, 126, 108)
(168, 132, 115)
(175, 143, 126)
(189, 159, 141)
(200, 163, 146)
(202, 162, 147)
(201, 159, 145)
(202, 159, 143)
(206, 165, 147)
(204, 169, 150)
(198, 168, 151)
(193, 171, 158)
(181, 175, 171)
(177, 184, 187)
(170, 183, 184)
(171, 188, 187)
(173, 189, 191)
(174, 182, 187)
(154, 147, 144)
(124, 97, 88)
(142, 111, 92)
(150, 123, 100)
(160, 125, 108)
(167, 131, 115)
(172, 141, 121)
(183, 147, 133)
(190, 154, 140)
(197, 159, 146)
(207, 169, 155)
(208, 169, 153)
(216, 177, 160)
(216, 180, 164)
(201, 175, 158)
(182, 164, 153)
(176, 180, 173)
(181, 187, 191)
(176, 183, 189)
(163, 151, 152)
(128, 95, 87)
(140, 104, 91)
(148, 110, 98)
(159, 124, 108)
(183, 149, 131)
(197, 162, 145)
(210, 171, 158)
(219, 180, 168)
(223, 187, 173)
(228, 189, 174)
(226, 189, 173)
(223, 190, 172)
(218, 192, 176)
(212, 202, 194)
(232, 239, 240)
(235, 247, 253)
(233, 247, 251)
(236, 248, 253)
(243, 250, 255)
(235, 236, 242)
(146, 128, 122)
(150, 110, 99)
(166, 124, 111)
(181, 141, 125)
(191, 151, 135)
(199, 160, 145)
(207, 172, 155)
(214, 184, 166)
(220, 189, 169)
(225, 191, 175)
(226, 193, 179)
(222, 194, 180)
(218, 200, 188)
(225, 223, 217)
(238, 251, 252)
(236, 252, 253)
(238, 252, 253)
(240, 254, 255)
(237, 252, 254)
(237, 254, 255)
(235, 249, 251)
(239, 252, 253)
(237, 249, 254)
(236, 249, 255)
(235, 248, 254)
(236, 249, 255)
(235, 248, 255)
(236, 249, 255)
(234, 247, 255)
(231, 247, 254)
(232, 248, 255)
(229, 246, 254)
(230, 246, 254)
(230, 244, 253)
(233, 246, 255)
(233, 246, 254)
(232, 244, 254)
(234, 244, 254)
(234, 244, 254)
(237, 245, 255)
(216, 235, 241)
(215, 232, 240)
(217, 234, 242)
(215, 232, 240)
(218, 235, 243)
(216, 233, 240)
(216, 235, 241)
(217, 233, 240)
(213, 232, 238)
(214, 232, 238)
(213, 229, 237)
(214, 228, 237)
(210, 226, 236)
(205, 224, 232)
(199, 219, 226)
(197, 215, 222)
(198, 214, 221)
(195, 210, 218)
(189, 206, 213)
(183, 201, 207)
(181, 200, 204)
(177, 196, 199)
(171, 190, 196)
(169, 191, 191)
(170, 190, 189)
(172, 188, 192)
(170, 183, 188)
(164, 168, 167)
(133, 119, 110)
(142, 116, 100)
(163, 125, 107)
(169, 138, 120)
(178, 146, 130)
(193, 162, 144)
(200, 163, 145)
(202, 163, 148)
(201, 159, 145)
(205, 162, 147)
(209, 168, 151)
(205, 170, 152)
(196, 167, 150)
(182, 166, 153)
(179, 178, 175)
(175, 185, 189)
(173, 187, 188)
(175, 189, 190)
(174, 187, 190)
(177, 182, 188)
(142, 131, 125)
(130, 98, 88)
(145, 114, 96)
(152, 126, 104)
(170, 133, 118)
(169, 133, 118)
(173, 143, 125)
(184, 150, 135)
(183, 147, 134)
(184, 148, 135)
(181, 145, 130)
(191, 154, 137)
(198, 161, 145)
(206, 171, 156)
(199, 173, 158)
(182, 167, 158)
(178, 186, 180)
(182, 189, 192)
(179, 186, 192)
(151, 136, 137)
(134, 100, 90)
(149, 116, 102)
(159, 122, 109)
(176, 138, 125)
(187, 151, 136)
(197, 162, 147)
(200, 159, 147)
(209, 167, 155)
(209, 169, 155)
(221, 177, 164)
(224, 184, 170)
(220, 187, 170)
(217, 195, 178)
(207, 202, 194)
(235, 244, 246)
(238, 250, 255)
(236, 250, 254)
(238, 250, 254)
(240, 246, 254)
(234, 235, 241)
(144, 125, 119)
(150, 111, 99)
(165, 124, 111)
(174, 135, 119)
(187, 148, 132)
(197, 157, 144)
(206, 170, 156)
(212, 181, 163)
(223, 191, 172)
(227, 191, 175)
(230, 194, 181)
(225, 196, 181)
(220, 199, 185)
(218, 211, 204)
(236, 247, 246)
(238, 252, 254)
(239, 253, 255)
(239, 252, 253)
(239, 253, 255)
(237, 252, 255)
(237, 250, 253)
(240, 251, 253)
(238, 250, 255)
(237, 249, 255)
(237, 250, 255)
(236, 249, 255)
(236, 249, 255)
(233, 246, 254)
(235, 248, 255)
(232, 248, 255)
(231, 247, 254)
(230, 246, 254)
(232, 247, 255)
(230, 244, 253)
(233, 246, 255)
(231, 244, 252)
(231, 245, 254)
(233, 243, 253)
(233, 243, 253)
(236, 245, 255)
(215, 234, 240)
(215, 232, 240)
(218, 235, 243)
(216, 233, 241)
(217, 234, 242)
(216, 233, 239)
(215, 234, 238)
(215, 233, 239)
(211, 231, 237)
(212, 231, 237)
(212, 228, 236)
(210, 225, 234)
(206, 223, 231)
(205, 224, 231)
(198, 217, 223)
(194, 211, 218)
(194, 210, 217)
(189, 205, 212)
(186, 203, 208)
(180, 199, 203)
(180, 198, 202)
(175, 193, 196)
(173, 190, 197)
(171, 189, 191)
(169, 187, 189)
(172, 186, 192)
(172, 183, 188)
(157, 156, 153)
(136, 117, 107)
(144, 119, 102)
(165, 132, 113)
(169, 143, 125)
(184, 154, 137)
(196, 162, 144)
(199, 158, 141)
(202, 161, 147)
(200, 160, 145)
(203, 162, 147)
(206, 168, 152)
(203, 170, 153)
(192, 164, 150)
(175, 165, 154)
(179, 183, 180)
(171, 184, 187)
(172, 186, 188)
(176, 190, 191)
(176, 185, 190)
(180, 181, 187)
(127, 112, 106)
(128, 93, 83)
(150, 117, 100)
(167, 139, 120)
(183, 146, 132)
(179, 144, 130)
(187, 157, 141)
(199, 167, 153)
(203, 170, 158)
(200, 167, 154)
(183, 150, 134)
(176, 143, 125)
(177, 144, 127)
(192, 161, 147)
(194, 167, 155)
(181, 169, 162)
(179, 188, 184)
(181, 189, 193)
(177, 184, 190)
(141, 124, 126)
(135, 100, 88)
(160, 124, 108)
(169, 131, 117)
(174, 136, 124)
(179, 143, 129)
(181, 144, 131)
(185, 144, 132)
(187, 146, 134)
(187, 146, 133)
(192, 147, 135)
(205, 164, 152)
(215, 182, 166)
(210, 190, 173)
(211, 209, 201)
(235, 246, 247)
(238, 251, 255)
(237, 252, 255)
(239, 251, 254)
(241, 247, 254)
(237, 236, 241)
(145, 125, 119)
(141, 104, 91)
(152, 113, 98)
(162, 125, 108)
(176, 140, 125)
(193, 155, 143)
(206, 170, 157)
(209, 176, 160)
(215, 181, 164)
(222, 184, 169)
(225, 187, 173)
(223, 194, 176)
(220, 197, 181)
(218, 208, 200)
(231, 238, 235)
(239, 251, 254)
(239, 252, 255)
(237, 249, 253)
(239, 251, 255)
(238, 250, 254)
(238, 249, 253)
(241, 250, 254)
(238, 249, 255)
(237, 249, 255)
(236, 249, 255)
(236, 249, 255)
(236, 249, 255)
(233, 246, 254)
(234, 248, 255)
(233, 248, 255)
(231, 247, 254)
(230, 245, 254)
(233, 247, 255)
(231, 245, 253)
(231, 245, 254)
(231, 245, 253)
(230, 244, 253)
(231, 245, 254)
(233, 244, 254)
(233, 244, 254)
(216, 235, 242)
(216, 233, 241)
(217, 234, 242)
(215, 232, 240)
(217, 234, 241)
(216, 234, 238)
(213, 232, 236)
(216, 234, 240)
(209, 228, 234)
(210, 230, 236)
(206, 224, 230)
(208, 224, 230)
(203, 220, 226)
(199, 218, 223)
(199, 215, 222)
(192, 209, 215)
(189, 207, 212)
(185, 203, 208)
(184, 202, 206)
(180, 196, 201)
(177, 194, 197)
(173, 191, 194)
(175, 191, 198)
(173, 188, 192)
(172, 187, 191)
(173, 186, 193)
(176, 185, 191)
(142, 135, 131)
(142, 118, 106)
(149, 125, 107)
(166, 136, 119)
(174, 150, 132)
(186, 156, 140)
(195, 159, 142)
(201, 158, 142)
(202, 160, 145)
(202, 162, 147)
(205, 166, 151)
(205, 169, 153)
(202, 171, 157)
(190, 165, 153)
(173, 169, 159)
(178, 186, 186)
(171, 185, 190)
(174, 188, 191)
(174, 187, 190)
(178, 185, 190)
(180, 177, 183)
(122, 103, 96)
(131, 94, 83)
(155, 119, 102)
(180, 149, 131)
(194, 158, 145)
(196, 161, 149)
(198, 167, 154)
(206, 176, 163)
(215, 184, 172)
(212, 181, 168)
(212, 182, 166)
(206, 177, 160)
(175, 146, 131)
(171, 143, 129)
(183, 156, 146)
(176, 166, 162)
(179, 190, 189)
(181, 191, 196)
(180, 184, 191)
(142, 121, 120)
(147, 110, 98)
(162, 126, 108)
(171, 134, 118)
(170, 133, 120)
(176, 141, 128)
(182, 146, 133)
(192, 154, 141)
(204, 167, 154)
(206, 169, 157)
(197, 156, 144)
(182, 142, 130)
(193, 159, 144)
(210, 188, 173)
(217, 215, 208)
(235, 247, 247)
(238, 250, 254)
(238, 253, 255)
(240, 252, 255)
(242, 248, 254)
(238, 236, 240)
(137, 115, 110)
(137, 98, 85)
(141, 102, 86)
(155, 117, 101)
(173, 137, 123)
(189, 153, 141)
(198, 163, 150)
(200, 166, 149)
(202, 165, 148)
(207, 165, 150)
(219, 179, 163)
(216, 184, 164)
(215, 191, 171)
(218, 203, 193)
(222, 221, 217)
(240, 249, 252)
(241, 253, 255)
(240, 252, 255)
(238, 250, 254)
(240, 249, 254)
(240, 249, 254)
(241, 250, 255)
(239, 250, 255)
(238, 250, 255)
(237, 250, 255)
(236, 249, 255)
(235, 250, 255)
(234, 249, 255)
(233, 248, 255)
(231, 245, 253)
(232, 246, 254)
(232, 246, 255)
(231, 245, 254)
(230, 244, 253)
(230, 244, 253)
(231, 246, 255)
(229, 245, 253)
(232, 246, 255)
(231, 244, 253)
(234, 247, 255)
(215, 234, 241)
(214, 231, 239)
(219, 236, 244)
(215, 232, 239)
(214, 231, 237)
(214, 232, 236)
(212, 231, 235)
(212, 231, 237)
(205, 224, 230)
(207, 228, 233)
(205, 224, 229)
(202, 220, 224)
(199, 218, 222)
(197, 215, 219)
(195, 210, 216)
(188, 204, 209)
(183, 202, 206)
(179, 198, 202)
(179, 197, 200)
(177, 192, 196)
(175, 190, 194)
(171, 190, 193)
(173, 191, 197)
(174, 189, 194)
(172, 186, 192)
(175, 188, 196)
(170, 175, 180)
(135, 125, 117)
(141, 115, 100)
(158, 131, 114)
(173, 140, 125)
(181, 154, 137)
(192, 159, 143)
(191, 154, 136)
(201, 156, 140)
(202, 159, 143)
(205, 166, 148)
(202, 166, 148)
(206, 173, 155)
(194, 167, 153)
(183, 165, 154)
(178, 178, 172)
(178, 189, 191)
(173, 187, 194)
(176, 190, 193)
(176, 190, 193)
(178, 187, 192)
(181, 177, 183)
(120, 95, 88)
(135, 95, 84)
(159, 122, 104)
(184, 150, 133)
(200, 163, 153)
(208, 175, 164)
(209, 177, 165)
(204, 173, 161)
(209, 178, 166)
(215, 184, 172)
(212, 183, 167)
(206, 177, 161)
(203, 177, 161)
(182, 155, 143)
(173, 146, 137)
(181, 174, 171)
(179, 191, 191)
(184, 193, 197)
(182, 183, 187)
(129, 102, 99)
(146, 104, 89)
(167, 131, 109)
(182, 146, 128)
(193, 159, 145)
(199, 165, 153)
(201, 168, 154)
(212, 179, 164)
(214, 182, 168)
(211, 183, 169)
(214, 181, 166)
(209, 174, 161)
(185, 151, 137)
(198, 173, 159)
(218, 213, 208)
(240, 252, 253)
(239, 251, 255)
(239, 254, 255)
(237, 252, 252)
(241, 247, 251)
(237, 237, 240)
(147, 126, 123)
(133, 92, 79)
(136, 91, 76)
(144, 102, 86)
(170, 129, 116)
(180, 143, 131)
(180, 144, 129)
(183, 146, 128)
(186, 146, 129)
(200, 154, 139)
(208, 164, 147)
(214, 179, 157)
(219, 191, 171)
(218, 197, 184)
(214, 204, 197)
(234, 240, 241)
(241, 252, 254)
(239, 253, 255)
(238, 251, 254)
(240, 251, 255)
(240, 249, 254)
(239, 248, 255)
(237, 248, 254)
(238, 249, 255)
(238, 250, 255)
(234, 247, 253)
(234, 249, 255)
(232, 248, 255)
(232, 248, 255)
(232, 245, 253)
(234, 247, 255)
(231, 245, 254)
(234, 248, 255)
(229, 243, 252)
(231, 245, 254)
(229, 243, 252)
(229, 243, 252)
(233, 247, 255)
(231, 244, 253)
(231, 245, 254)
(215, 235, 242)
(214, 231, 239)
(217, 234, 240)
(215, 233, 239)
(215, 233, 237)
(212, 230, 234)
(210, 229, 233)
(209, 226, 233)
(205, 224, 230)
(203, 224, 229)
(201, 220, 225)
(199, 217, 221)
(196, 214, 219)
(194, 212, 216)
(193, 206, 212)
(184, 200, 205)
(182, 200, 204)
(178, 197, 201)
(176, 193, 196)
(174, 189, 192)
(174, 189, 192)
(170, 189, 192)
(171, 190, 196)
(174, 189, 194)
(173, 188, 194)
(171, 185, 192)
(165, 167, 170)
(134, 119, 110)
(147, 118, 103)
(159, 129, 113)
(173, 136, 122)
(183, 151, 136)
(189, 152, 138)
(190, 155, 136)
(198, 153, 137)
(201, 158, 141)
(202, 165, 146)
(202, 167, 147)
(202, 171, 152)
(190, 167, 152)
(181, 169, 158)
(181, 183, 179)
(178, 188, 191)
(176, 188, 194)
(177, 189, 193)
(174, 189, 192)
(177, 187, 192)
(173, 172, 175)
(119, 93, 84)
(138, 99, 86)
(159, 122, 105)
(183, 148, 131)
(201, 164, 152)
(210, 179, 167)
(217, 184, 172)
(217, 184, 172)
(214, 182, 171)
(211, 179, 167)
(210, 179, 164)
(214, 185, 168)
(213, 185, 170)
(201, 174, 161)
(173, 148, 138)
(180, 176, 173)
(182, 193, 194)
(184, 193, 196)
(184, 182, 183)
(123, 91, 86)
(143, 100, 83)
(166, 130, 107)
(185, 151, 132)
(199, 168, 151)
(206, 175, 160)
(212, 180, 166)
(215, 184, 168)
(215, 186, 170)
(210, 183, 168)
(213, 183, 167)
(210, 178, 164)
(200, 169, 154)
(189, 167, 152)
(208, 207, 201)
(239, 252, 253)
(238, 250, 254)
(239, 253, 255)
(239, 252, 252)
(243, 250, 252)
(237, 240, 243)
(159, 142, 140)
(132, 91, 80)
(134, 88, 74)
(147, 100, 87)
(164, 120, 107)
(166, 126, 113)
(170, 131, 114)
(176, 136, 117)
(187, 144, 128)
(202, 154, 138)
(215, 169, 151)
(218, 180, 160)
(223, 191, 172)
(225, 198, 185)
(222, 203, 193)
(224, 223, 219)
(239, 247, 247)
(238, 252, 255)
(236, 251, 254)
(239, 251, 255)
(237, 249, 253)
(239, 251, 255)
(237, 249, 255)
(238, 250, 255)
(236, 249, 254)
(235, 248, 254)
(234, 249, 255)
(231, 248, 255)
(231, 247, 254)
(232, 245, 253)
(233, 246, 254)
(231, 245, 254)
(232, 246, 255)
(230, 244, 253)
(231, 245, 253)
(231, 245, 253)
(231, 242, 252)
(234, 245, 255)
(233, 245, 255)
(231, 244, 253)
(216, 235, 241)
(214, 231, 238)
(215, 232, 238)
(213, 231, 235)
(214, 231, 236)
(210, 228, 233)
(210, 229, 234)
(208, 225, 232)
(203, 222, 228)
(200, 221, 226)
(197, 216, 222)
(196, 214, 219)
(192, 210, 214)
(189, 207, 211)
(190, 203, 209)
(184, 199, 204)
(181, 198, 203)
(177, 195, 197)
(173, 190, 192)
(173, 189, 192)
(175, 190, 192)
(171, 190, 191)
(170, 191, 193)
(172, 187, 191)
(172, 187, 192)
(172, 185, 190)
(147, 145, 144)
(137, 116, 106)
(150, 119, 104)
(162, 129, 114)
(173, 132, 120)
(182, 146, 132)
(190, 151, 136)
(193, 157, 139)
(197, 154, 138)
(200, 158, 142)
(199, 163, 145)
(198, 164, 144)
(199, 168, 150)
(187, 167, 153)
(179, 174, 164)
(184, 187, 185)
(178, 187, 192)
(180, 191, 197)
(177, 188, 192)
(174, 188, 191)
(175, 186, 190)
(172, 172, 174)
(121, 94, 85)
(137, 98, 85)
(159, 123, 103)
(182, 147, 129)
(202, 165, 152)
(210, 179, 166)
(221, 186, 173)
(224, 189, 177)
(222, 187, 176)
(216, 182, 169)
(209, 176, 160)
(213, 181, 164)
(211, 182, 167)
(201, 173, 160)
(179, 157, 146)
(181, 180, 177)
(185, 195, 198)
(187, 195, 199)
(180, 176, 176)
(127, 92, 84)
(140, 97, 78)
(155, 119, 98)
(177, 144, 124)
(195, 166, 147)
(206, 175, 157)
(214, 183, 166)
(217, 186, 168)
(220, 190, 172)
(222, 190, 176)
(220, 188, 173)
(217, 186, 172)
(213, 184, 168)
(200, 181, 165)
(204, 205, 198)
(234, 250, 249)
(239, 252, 254)
(240, 253, 255)
(239, 252, 253)
(242, 250, 254)
(238, 243, 247)
(183, 171, 171)
(127, 92, 84)
(132, 89, 77)
(145, 98, 86)
(157, 111, 97)
(157, 115, 101)
(159, 118, 101)
(173, 128, 109)
(187, 142, 125)
(206, 156, 141)
(219, 172, 154)
(221, 183, 165)
(226, 192, 176)
(228, 198, 185)
(227, 202, 190)
(218, 209, 200)
(232, 236, 232)
(237, 250, 253)
(234, 250, 255)
(236, 251, 254)
(238, 250, 254)
(238, 251, 255)
(236, 249, 255)
(238, 251, 255)
(235, 248, 254)
(235, 248, 254)
(234, 249, 255)
(232, 248, 255)
(230, 246, 253)
(232, 245, 253)
(232, 246, 255)
(231, 245, 254)
(231, 245, 255)
(230, 244, 253)
(231, 244, 253)
(232, 244, 253)
(232, 243, 253)
(233, 244, 254)
(233, 245, 255)
(230, 243, 252)
(216, 235, 240)
(214, 232, 236)
(215, 233, 237)
(212, 230, 234)
(213, 231, 235)
(208, 225, 231)
(206, 224, 230)
(206, 222, 229)
(200, 219, 225)
(196, 217, 222)
(192, 211, 217)
(195, 212, 218)
(187, 204, 210)
(188, 204, 210)
(182, 197, 203)
(180, 195, 200)
(179, 195, 200)
(176, 192, 195)
(175, 192, 194)
(171, 188, 190)
(175, 191, 192)
(170, 188, 189)
(171, 192, 193)
(176, 191, 193)
(175, 190, 194)
(171, 182, 186)
(136, 126, 124)
(143, 114, 104)
(155, 120, 107)
(164, 128, 115)
(172, 130, 118)
(183, 144, 129)
(194, 152, 137)
(195, 156, 141)
(196, 152, 140)
(196, 155, 142)
(197, 161, 145)
(195, 160, 144)
(196, 164, 149)
(184, 167, 155)
(177, 178, 168)
(181, 189, 186)
(179, 190, 193)
(179, 190, 194)
(179, 189, 192)
(175, 189, 191)
(176, 186, 190)
(178, 176, 177)
(125, 98, 88)
(136, 100, 86)
(161, 127, 107)
(181, 146, 127)
(204, 169, 155)
(211, 181, 164)
(222, 187, 171)
(226, 190, 178)
(227, 191, 179)
(226, 191, 177)
(216, 183, 165)
(213, 180, 162)
(211, 180, 164)
(206, 177, 164)
(187, 170, 158)
(184, 189, 186)
(185, 196, 202)
(190, 198, 202)
(185, 180, 180)
(129, 93, 85)
(134, 93, 74)
(145, 109, 90)
(165, 133, 112)
(186, 155, 134)
(205, 172, 153)
(217, 183, 164)
(222, 191, 172)
(226, 194, 177)
(225, 189, 176)
(226, 194, 179)
(221, 192, 176)
(221, 192, 175)
(215, 195, 179)
(206, 205, 198)
(234, 250, 247)
(239, 253, 255)
(240, 253, 255)
(241, 252, 254)
(241, 249, 253)
(239, 248, 252)
(215, 210, 212)
(124, 99, 93)
(126, 92, 83)
(140, 97, 86)
(145, 99, 85)
(148, 105, 90)
(158, 113, 97)
(169, 120, 103)
(184, 138, 120)
(207, 156, 140)
(222, 172, 157)
(227, 187, 171)
(228, 193, 179)
(234, 199, 187)
(234, 203, 191)
(225, 205, 190)
(218, 213, 207)
(236, 246, 247)
(232, 250, 254)
(234, 249, 253)
(238, 250, 254)
(236, 248, 252)
(235, 250, 255)
(235, 250, 255)
(236, 249, 255)
(236, 249, 255)
(235, 248, 255)
(232, 247, 254)
(231, 247, 254)
(232, 246, 254)
(232, 246, 255)
(229, 243, 252)
(230, 244, 253)
(230, 243, 252)
(231, 244, 253)
(234, 245, 255)
(233, 243, 253)
(233, 244, 254)
(230, 244, 253)
(229, 243, 252)
(213, 232, 236)
(212, 230, 234)
(213, 231, 234)
(209, 227, 230)
(211, 229, 233)
(206, 223, 229)
(205, 223, 230)
(202, 218, 225)
(196, 215, 221)
(194, 215, 220)
(191, 210, 216)
(188, 206, 212)
(187, 203, 210)
(183, 200, 207)
(180, 196, 203)
(179, 194, 199)
(176, 191, 196)
(174, 189, 192)
(174, 191, 193)
(168, 186, 188)
(175, 191, 191)
(173, 189, 191)
(172, 192, 193)
(174, 188, 190)
(177, 191, 194)
(162, 171, 174)
(127, 112, 109)
(158, 121, 112)
(171, 130, 120)
(169, 132, 121)
(175, 134, 120)
(177, 140, 123)
(188, 145, 131)
(198, 155, 142)
(199, 153, 143)
(196, 156, 145)
(199, 162, 149)
(203, 168, 154)
(196, 165, 153)
(182, 167, 158)
(179, 186, 179)
(175, 188, 185)
(178, 191, 194)
(178, 189, 192)
(181, 191, 192)
(177, 190, 193)
(178, 186, 191)
(179, 175, 176)
(121, 95, 85)
(140, 105, 90)
(163, 131, 109)
(183, 148, 128)
(206, 171, 154)
(213, 183, 164)
(224, 187, 169)
(229, 193, 179)
(228, 192, 178)
(231, 195, 179)
(228, 194, 175)
(224, 191, 172)
(220, 188, 171)
(209, 180, 167)
(191, 180, 167)
(185, 194, 192)
(189, 202, 209)
(196, 204, 210)
(189, 183, 185)
(128, 94, 87)
(135, 95, 77)
(149, 108, 92)
(167, 132, 113)
(187, 155, 133)
(208, 173, 151)
(219, 183, 162)
(222, 188, 168)
(225, 192, 175)
(231, 195, 181)
(228, 198, 181)
(225, 198, 181)
(227, 197, 179)
(226, 200, 185)
(222, 213, 207)
(238, 251, 249)
(237, 252, 255)
(239, 252, 255)
(241, 251, 254)
(240, 249, 253)
(240, 252, 255)
(239, 239, 242)
(171, 159, 155)
(121, 98, 91)
(135, 99, 88)
(142, 100, 87)
(144, 102, 87)
(152, 106, 91)
(167, 115, 101)
(180, 133, 114)
(203, 151, 134)
(215, 165, 150)
(222, 182, 168)
(229, 193, 182)
(241, 204, 193)
(240, 205, 191)
(231, 202, 183)
(218, 207, 197)
(228, 235, 236)
(232, 248, 254)
(236, 251, 255)
(238, 250, 254)
(239, 251, 255)
(234, 250, 255)
(235, 250, 255)
(237, 250, 255)
(236, 249, 255)
(235, 248, 255)
(232, 247, 254)
(231, 247, 254)
(232, 247, 254)
(232, 246, 255)
(230, 244, 253)
(232, 246, 255)
(231, 244, 253)
(232, 243, 253)
(234, 245, 255)
(231, 242, 252)
(232, 246, 255)
(230, 244, 253)
(227, 243, 251)
(214, 232, 237)
(211, 228, 234)
(211, 228, 234)
(207, 225, 230)
(207, 225, 232)
(202, 220, 228)
(200, 218, 228)
(197, 213, 222)
(193, 212, 217)
(190, 209, 213)
(187, 205, 211)
(187, 204, 212)
(185, 200, 207)
(184, 199, 204)
(180, 194, 200)
(176, 190, 196)
(174, 189, 195)
(175, 189, 195)
(173, 188, 192)
(171, 186, 189)
(175, 189, 191)
(174, 189, 192)
(172, 190, 194)
(176, 190, 195)
(177, 187, 192)
(147, 145, 146)
(138, 117, 110)
(163, 125, 114)
(175, 134, 124)
(175, 136, 124)
(188, 147, 134)
(189, 148, 134)
(185, 141, 128)
(196, 150, 138)
(198, 151, 142)
(194, 157, 146)
(196, 160, 146)
(202, 163, 150)
(190, 161, 149)
(176, 171, 162)
(182, 191, 190)
(179, 189, 191)
(180, 190, 194)
(177, 190, 193)
(178, 191, 193)
(177, 190, 193)
(181, 190, 191)
(183, 177, 179)
(123, 94, 86)
(148, 108, 94)
(171, 129, 111)
(187, 150, 133)
(200, 165, 148)
(213, 178, 161)
(224, 188, 172)
(228, 192, 175)
(230, 195, 179)
(228, 194, 177)
(227, 192, 174)
(224, 189, 173)
(221, 189, 173)
(213, 186, 173)
(199, 188, 178)
(194, 200, 200)
(191, 204, 211)
(196, 207, 212)
(189, 187, 188)
(123, 95, 86)
(135, 95, 78)
(146, 112, 94)
(162, 131, 111)
(187, 156, 135)
(204, 171, 150)
(217, 183, 164)
(220, 188, 171)
(222, 190, 174)
(227, 195, 177)
(232, 200, 182)
(231, 199, 182)
(231, 198, 179)
(229, 202, 184)
(224, 214, 208)
(238, 248, 249)
(238, 253, 255)
(239, 253, 255)
(240, 251, 254)
(241, 252, 255)
(241, 253, 255)
(239, 246, 248)
(227, 227, 229)
(157, 147, 146)
(130, 102, 96)
(138, 98, 87)
(147, 101, 89)
(153, 105, 92)
(163, 111, 98)
(170, 124, 105)
(197, 146, 129)
(211, 157, 146)
(218, 173, 163)
(226, 190, 179)
(237, 202, 190)
(244, 207, 194)
(233, 200, 185)
(221, 204, 192)
(221, 222, 217)
(234, 246, 249)
(234, 250, 255)
(233, 249, 255)
(236, 250, 255)
(235, 251, 255)
(234, 249, 254)
(234, 249, 254)
(235, 249, 255)
(234, 249, 255)
(231, 247, 254)
(231, 247, 254)
(232, 245, 254)
(233, 246, 255)
(232, 244, 253)
(233, 246, 254)
(231, 244, 253)
(230, 243, 253)
(232, 245, 254)
(230, 244, 252)
(232, 246, 254)
(231, 245, 254)
(228, 244, 252)
(213, 231, 237)
(210, 228, 234)
(208, 226, 233)
(204, 223, 230)
(206, 224, 233)
(199, 218, 227)
(196, 215, 224)
(192, 211, 219)
(189, 208, 213)
(187, 207, 210)
(183, 200, 207)
(183, 199, 208)
(182, 197, 204)
(179, 194, 198)
(179, 192, 198)
(175, 188, 195)
(174, 189, 195)
(173, 188, 194)
(173, 188, 193)
(173, 189, 191)
(175, 190, 192)
(173, 188, 191)
(172, 188, 193)
(175, 190, 196)
(177, 184, 189)
(135, 125, 123)
(144, 117, 108)
(167, 129, 117)
(181, 140, 128)
(181, 142, 128)
(194, 153, 141)
(203, 161, 149)
(198, 154, 142)
(198, 152, 141)
(195, 151, 141)
(188, 153, 141)
(191, 157, 142)
(196, 158, 144)
(184, 159, 146)
(174, 176, 168)
(180, 189, 191)
(180, 189, 194)
(180, 189, 193)
(175, 190, 192)
(175, 191, 194)
(176, 189, 192)
(178, 190, 189)
(184, 179, 181)
(128, 100, 94)
(151, 110, 95)
(175, 130, 113)
(189, 150, 135)
(204, 168, 151)
(213, 176, 159)
(223, 187, 173)
(231, 193, 176)
(230, 194, 177)
(228, 193, 177)
(228, 191, 175)
(225, 189, 172)
(221, 189, 174)
(213, 189, 175)
(199, 189, 181)
(198, 202, 204)
(194, 207, 214)
(199, 212, 217)
(196, 197, 198)
(127, 104, 96)
(129, 90, 73)
(143, 111, 91)
(161, 129, 110)
(183, 152, 133)
(201, 170, 152)
(211, 182, 165)
(217, 189, 173)
(223, 195, 179)
(229, 199, 181)
(236, 203, 185)
(236, 200, 183)
(235, 200, 180)
(230, 203, 184)
(222, 213, 205)
(239, 247, 250)
(238, 252, 255)
(238, 252, 254)
(239, 252, 254)
(241, 252, 254)
(241, 251, 254)
(240, 250, 252)
(242, 247, 253)
(212, 210, 212)
(149, 129, 126)
(139, 104, 95)
(147, 105, 95)
(152, 105, 93)
(160, 110, 97)
(165, 119, 100)
(192, 140, 124)
(209, 154, 142)
(216, 168, 159)
(222, 186, 175)
(238, 204, 192)
(243, 205, 194)
(234, 199, 186)
(226, 205, 191)
(218, 214, 204)
(237, 246, 246)
(235, 251, 255)
(232, 249, 255)
(234, 250, 254)
(233, 249, 253)
(235, 250, 255)
(234, 248, 254)
(235, 249, 254)
(234, 249, 255)
(231, 247, 254)
(232, 248, 255)
(234, 247, 255)
(232, 245, 254)
(232, 243, 252)
(231, 245, 252)
(231, 244, 253)
(231, 245, 254)
(232, 248, 255)
(229, 243, 251)
(230, 244, 253)
(229, 243, 252)
(229, 244, 253)
(209, 228, 234)
(205, 224, 230)
(207, 226, 232)
(202, 221, 228)
(202, 221, 228)
(197, 216, 223)
(192, 211, 218)
(190, 209, 215)
(186, 206, 208)
(185, 205, 207)
(180, 198, 203)
(179, 196, 203)
(180, 195, 201)
(179, 194, 197)
(177, 191, 194)
(174, 189, 193)
(175, 190, 196)
(172, 188, 193)
(174, 189, 194)
(176, 191, 194)
(174, 190, 191)
(172, 190, 191)
(172, 190, 193)
(176, 191, 195)
(173, 176, 179)
(138, 121, 118)
(149, 117, 106)
(170, 131, 116)
(181, 142, 127)
(184, 144, 129)
(197, 156, 143)
(205, 163, 151)
(205, 162, 151)
(201, 157, 146)
(196, 153, 144)
(197, 164, 151)
(183, 151, 136)
(187, 153, 139)
(178, 159, 146)
(173, 180, 171)
(178, 191, 191)
(178, 190, 194)
(179, 190, 193)
(175, 191, 192)
(177, 192, 195)
(177, 190, 193)
(175, 189, 188)
(181, 181, 181)
(131, 110, 101)
(151, 116, 99)
(177, 135, 118)
(191, 154, 138)
(207, 171, 155)
(216, 179, 161)
(224, 188, 174)
(233, 194, 177)
(233, 196, 179)
(230, 194, 178)
(229, 192, 175)
(225, 189, 171)
(220, 191, 174)
(212, 191, 176)
(201, 195, 187)
(201, 208, 209)
(198, 213, 219)
(204, 218, 222)
(206, 209, 211)
(122, 102, 94)
(133, 95, 81)
(144, 107, 89)
(164, 127, 110)
(180, 145, 129)
(192, 162, 146)
(207, 182, 165)
(216, 193, 176)
(223, 198, 180)
(233, 201, 183)
(238, 202, 185)
(239, 203, 187)
(236, 202, 182)
(230, 203, 184)
(219, 211, 201)
(240, 247, 248)
(239, 253, 255)
(239, 253, 255)
(239, 253, 255)
(241, 253, 255)
(242, 253, 255)
(242, 252, 254)
(240, 249, 253)
(241, 243, 244)
(209, 198, 196)
(139, 114, 108)
(138, 105, 97)
(149, 109, 98)
(156, 111, 97)
(166, 118, 100)
(183, 131, 115)
(198, 148, 133)
(206, 164, 150)
(218, 184, 170)
(236, 202, 191)
(239, 202, 192)
(235, 197, 183)
(227, 202, 189)
(217, 210, 200)
(237, 246, 245)
(236, 252, 255)
(231, 248, 255)
(233, 251, 253)
(233, 248, 253)
(235, 248, 254)
(235, 248, 254)
(235, 248, 254)
(234, 249, 254)
(233, 248, 254)
(233, 247, 255)
(230, 246, 254)
(232, 246, 255)
(231, 244, 252)
(231, 244, 252)
(233, 246, 254)
(233, 244, 254)
(233, 246, 255)
(231, 244, 252)
(231, 245, 254)
(230, 244, 253)
(228, 242, 252)
(204, 223, 229)
(204, 223, 229)
(203, 222, 228)
(196, 215, 220)
(196, 215, 220)
(193, 212, 216)
(188, 207, 210)
(186, 205, 208)
(182, 202, 203)
(181, 199, 201)
(177, 195, 198)
(174, 192, 195)
(175, 190, 194)
(176, 191, 193)
(175, 191, 191)
(174, 190, 192)
(174, 191, 194)
(171, 189, 192)
(172, 190, 193)
(173, 190, 192)
(174, 191, 191)
(170, 190, 188)
(172, 190, 192)
(178, 190, 192)
(160, 156, 155)
(149, 124, 118)
(157, 118, 106)
(174, 131, 115)
(178, 138, 121)
(183, 141, 125)
(196, 151, 138)
(211, 166, 154)
(208, 164, 153)
(200, 158, 146)
(207, 166, 157)
(199, 165, 153)
(186, 154, 140)
(179, 150, 137)
(166, 154, 142)
(174, 186, 178)
(177, 194, 193)
(175, 191, 192)
(178, 191, 192)
(176, 191, 192)
(179, 193, 195)
(177, 191, 194)
(174, 191, 189)
(182, 187, 185)
(123, 109, 98)
(150, 117, 99)
(179, 139, 121)
(194, 156, 140)
(208, 171, 155)
(219, 180, 163)
(225, 187, 173)
(233, 193, 177)
(234, 196, 181)
(231, 195, 179)
(231, 194, 176)
(227, 191, 173)
(220, 192, 174)
(209, 191, 176)
(200, 200, 193)
(201, 211, 214)
(204, 219, 225)
(209, 222, 228)
(214, 219, 222)
(150, 135, 131)
(129, 97, 85)
(142, 103, 86)
(155, 116, 101)
(180, 144, 129)
(196, 165, 150)
(208, 184, 167)
(216, 193, 176)
(224, 198, 180)
(231, 198, 179)
(236, 199, 181)
(238, 202, 186)
(238, 204, 184)
(234, 207, 187)
(223, 215, 202)
(237, 245, 244)
(239, 251, 255)
(239, 253, 255)
(238, 252, 254)
(237, 251, 254)
(242, 254, 255)
(240, 251, 253)
(241, 252, 254)
(241, 249, 251)
(238, 239, 238)
(185, 175, 174)
(136, 117, 114)
(139, 109, 101)
(155, 117, 103)
(163, 117, 101)
(170, 124, 107)
(181, 140, 121)
(196, 156, 138)
(210, 173, 157)
(222, 187, 174)
(230, 195, 184)
(230, 192, 177)
(222, 197, 185)
(212, 205, 197)
(238, 247, 247)
(233, 249, 255)
(230, 248, 252)
(233, 250, 251)
(236, 249, 255)
(239, 251, 255)
(237, 249, 255)
(236, 248, 254)
(237, 249, 255)
(235, 247, 254)
(232, 245, 253)
(229, 246, 254)
(230, 246, 253)
(231, 244, 252)
(232, 245, 253)
(235, 246, 255)
(234, 244, 254)
(233, 244, 254)
(233, 246, 254)
(232, 246, 254)
(228, 242, 252)
(229, 243, 254)
(202, 221, 227)
(197, 218, 224)
(197, 218, 224)
(191, 212, 216)
(191, 212, 214)
(188, 208, 209)
(185, 205, 206)
(180, 198, 200)
(179, 197, 199)
(177, 194, 195)
(174, 192, 193)
(173, 190, 191)
(173, 190, 190)
(175, 191, 191)
(172, 189, 188)
(172, 189, 189)
(173, 191, 193)
(170, 188, 190)
(172, 190, 192)
(170, 188, 189)
(174, 191, 192)
(173, 191, 190)
(173, 188, 190)
(180, 188, 190)
(148, 139, 135)
(146, 119, 109)
(162, 121, 107)
(175, 131, 113)
(183, 140, 122)
(190, 144, 127)
(198, 150, 137)
(211, 163, 152)
(211, 164, 154)
(207, 163, 152)
(205, 165, 155)
(203, 167, 156)
(195, 161, 148)
(177, 151, 140)
(168, 162, 153)
(173, 188, 181)
(173, 192, 190)
(175, 193, 193)
(181, 193, 195)
(178, 191, 192)
(179, 190, 193)
(177, 189, 192)
(175, 193, 190)
(186, 192, 190)
(125, 110, 99)
(152, 119, 102)
(180, 139, 121)
(197, 159, 144)
(211, 174, 156)
(219, 182, 164)
(225, 189, 174)
(229, 193, 176)
(228, 192, 176)
(231, 195, 178)
(231, 193, 174)
(228, 191, 173)
(220, 191, 174)
(207, 190, 175)
(201, 206, 200)
(202, 214, 217)
(208, 223, 229)
(215, 227, 233)
(218, 225, 229)
(193, 184, 182)
(116, 92, 82)
(135, 100, 81)
(154, 115, 99)
(176, 138, 124)
(196, 164, 148)
(209, 182, 164)
(216, 188, 171)
(221, 190, 172)
(229, 195, 175)
(236, 199, 181)
(237, 201, 185)
(238, 203, 185)
(233, 206, 186)
(223, 214, 199)
(235, 243, 241)
(240, 252, 255)
(239, 252, 255)
(239, 253, 255)
(238, 252, 255)
(240, 253, 255)
(242, 252, 255)
(240, 254, 255)
(239, 251, 253)
(241, 248, 252)
(228, 228, 231)
(150, 142, 143)
(135, 115, 109)
(146, 116, 103)
(157, 114, 102)
(167, 123, 110)
(177, 135, 118)
(191, 146, 130)
(206, 159, 145)
(220, 177, 165)
(222, 184, 173)
(221, 189, 174)
(214, 195, 185)
(219, 217, 212)
(237, 247, 250)
(234, 250, 255)
(233, 250, 254)
(234, 250, 252)
(237, 249, 255)
(237, 248, 254)
(237, 248, 254)
(236, 247, 253)
(236, 247, 253)
(234, 245, 253)
(233, 246, 254)
(230, 246, 254)
(232, 247, 254)
(232, 246, 254)
(233, 245, 254)
(233, 245, 253)
(233, 244, 253)
(233, 244, 254)
(231, 244, 252)
(232, 245, 254)
(228, 242, 252)
(229, 243, 255)
(200, 219, 224)
(193, 214, 219)
(191, 213, 218)
(187, 209, 212)
(187, 208, 210)
(186, 206, 206)
(182, 201, 201)
(178, 196, 197)
(178, 196, 197)
(174, 192, 194)
(172, 190, 191)
(174, 191, 191)
(173, 189, 189)
(174, 190, 190)
(173, 191, 189)
(172, 190, 189)
(167, 187, 188)
(169, 189, 190)
(170, 188, 190)
(168, 187, 188)
(172, 189, 189)
(173, 189, 188)
(175, 189, 191)
(180, 184, 185)
(142, 129, 124)
(152, 122, 109)
(164, 124, 107)
(177, 132, 113)
(184, 138, 119)
(191, 143, 126)
(202, 151, 139)
(212, 162, 150)
(211, 164, 153)
(212, 167, 156)
(207, 166, 156)
(206, 166, 154)
(200, 164, 151)
(179, 156, 146)
(174, 172, 164)
(173, 190, 184)
(174, 191, 189)
(177, 192, 193)
(179, 191, 193)
(180, 191, 193)
(180, 189, 193)
(179, 190, 194)
(175, 191, 190)
(182, 187, 186)
(129, 109, 100)
(154, 118, 102)
(182, 140, 124)
(197, 160, 143)
(213, 178, 159)
(218, 181, 163)
(226, 190, 175)
(229, 196, 177)
(225, 192, 173)
(229, 195, 176)
(231, 193, 174)
(229, 192, 174)
(221, 192, 174)
(209, 192, 177)
(203, 210, 205)
(207, 221, 223)
(210, 225, 231)
(215, 228, 234)
(220, 230, 236)
(218, 216, 217)
(117, 98, 91)
(133, 99, 81)
(150, 111, 95)
(168, 129, 114)
(196, 163, 146)
(207, 178, 160)
(213, 183, 165)
(220, 187, 170)
(227, 192, 174)
(235, 198, 179)
(238, 202, 186)
(236, 201, 184)
(232, 204, 185)
(225, 213, 199)
(235, 240, 237)
(240, 251, 254)
(238, 250, 253)
(237, 252, 254)
(237, 252, 255)
(240, 253, 255)
(241, 252, 254)
(241, 255, 255)
(240, 254, 255)
(240, 250, 255)
(235, 241, 247)
(199, 197, 201)
(142, 130, 128)
(144, 121, 112)
(150, 115, 108)
(164, 125, 117)
(170, 127, 116)
(184, 136, 124)
(203, 150, 139)
(209, 163, 152)
(210, 174, 161)
(208, 186, 175)
(205, 195, 190)
(235, 237, 237)
(234, 246, 252)
(235, 250, 255)
(233, 249, 255)
(235, 249, 254)
(236, 248, 254)
(238, 250, 255)
(235, 246, 252)
(237, 249, 254)
(235, 246, 253)
(235, 245, 254)
(232, 245, 253)
(232, 245, 254)
(233, 246, 253)
(231, 245, 253)
(231, 245, 252)
(231, 245, 253)
(229, 244, 251)
(231, 245, 254)
(230, 241, 250)
(230, 243, 253)
(228, 240, 252)
(229, 241, 254)
(193, 212, 218)
(188, 209, 214)
(187, 209, 213)
(185, 207, 210)
(182, 203, 205)
(180, 200, 200)
(181, 200, 199)
(177, 195, 196)
(173, 191, 193)
(173, 191, 193)
(172, 190, 191)
(175, 192, 191)
(174, 190, 190)
(173, 190, 190)
(172, 191, 189)
(171, 189, 189)
(168, 188, 189)
(171, 191, 192)
(170, 190, 191)
(167, 186, 186)
(172, 189, 189)
(174, 189, 190)
(177, 190, 192)
(175, 178, 178)
(139, 123, 115)
(152, 119, 105)
(168, 127, 110)
(179, 134, 117)
(186, 139, 122)
(192, 143, 127)
(203, 153, 139)
(212, 163, 149)
(214, 165, 152)
(211, 164, 153)
(204, 163, 151)
(204, 162, 149)
(202, 164, 152)
(182, 161, 152)
(180, 182, 177)
(172, 189, 185)
(178, 193, 192)
(177, 191, 193)
(180, 191, 194)
(180, 191, 194)
(180, 189, 194)
(181, 191, 196)
(175, 189, 190)
(186, 189, 190)
(135, 113, 104)
(151, 116, 99)
(180, 140, 122)
(196, 161, 145)
(211, 178, 159)
(217, 182, 163)
(227, 193, 177)
(232, 200, 181)
(229, 198, 178)
(230, 195, 176)
(232, 194, 175)
(229, 192, 174)
(220, 190, 173)
(213, 196, 182)
(207, 216, 213)
(210, 224, 227)
(213, 228, 233)
(220, 233, 239)
(223, 236, 243)
(230, 232, 236)
(143, 131, 126)
(136, 102, 86)
(148, 107, 93)
(167, 127, 111)
(187, 155, 137)
(202, 177, 156)
(209, 182, 162)
(218, 187, 170)
(226, 192, 175)
(234, 198, 180)
(234, 199, 184)
(236, 201, 186)
(234, 203, 186)
(224, 210, 195)
(233, 235, 230)
(240, 250, 252)
(239, 252, 254)
(236, 251, 254)
(236, 251, 254)
(239, 253, 255)
(241, 252, 254)
(240, 254, 255)
(241, 253, 255)
(240, 252, 255)
(241, 250, 255)
(235, 240, 246)
(193, 190, 190)
(148, 136, 131)
(144, 126, 123)
(160, 139, 135)
(173, 146, 139)
(181, 145, 138)
(184, 144, 137)
(191, 157, 148)
(190, 166, 154)
(182, 174, 167)
(227, 228, 228)
(241, 250, 254)
(232, 246, 253)
(235, 248, 255)
(235, 248, 255)
(235, 248, 255)
(233, 246, 253)
(236, 248, 254)
(235, 247, 253)
(235, 247, 253)
(237, 249, 255)
(234, 246, 254)
(232, 245, 253)
(234, 245, 255)
(234, 246, 255)
(231, 244, 252)
(231, 246, 253)
(230, 246, 253)
(229, 245, 253)
(230, 244, 253)
(232, 243, 253)
(231, 243, 254)
(228, 240, 252)
(226, 239, 252)
(191, 210, 216)
(184, 205, 210)
(184, 207, 210)
(179, 202, 205)
(180, 201, 203)
(177, 195, 197)
(176, 193, 194)
(176, 193, 194)
(171, 189, 193)
(172, 190, 195)
(172, 190, 191)
(173, 190, 189)
(171, 187, 188)
(171, 188, 189)
(170, 188, 188)
(168, 186, 188)
(170, 190, 191)
(168, 188, 189)
(170, 190, 191)
(166, 186, 185)
(171, 190, 189)
(171, 188, 189)
(173, 187, 190)
(170, 172, 172)
(139, 121, 113)
(157, 121, 106)
(170, 127, 111)
(182, 136, 121)
(187, 141, 126)
(188, 142, 127)
(198, 152, 137)
(203, 156, 141)
(209, 161, 147)
(211, 163, 150)
(204, 164, 149)
(203, 161, 146)
(200, 160, 147)
(179, 161, 152)
(179, 185, 181)
(172, 189, 189)
(177, 191, 191)
(176, 190, 192)
(178, 190, 192)
(178, 191, 193)
(180, 192, 196)
(179, 190, 195)
(177, 191, 192)
(185, 186, 189)
(138, 115, 107)
(158, 124, 108)
(179, 143, 125)
(194, 165, 147)
(212, 184, 163)
(221, 187, 168)
(227, 192, 177)
(234, 200, 180)
(233, 199, 180)
(232, 196, 177)
(234, 196, 177)
(232, 195, 178)
(223, 197, 180)
(209, 195, 184)
(211, 222, 218)
(217, 231, 234)
(220, 232, 238)
(222, 234, 239)
(224, 237, 244)
(229, 238, 243)
(213, 208, 206)
(124, 95, 84)
(137, 101, 89)
(158, 121, 104)
(179, 151, 128)
(198, 174, 152)
(209, 182, 164)
(216, 185, 171)
(218, 186, 170)
(235, 201, 183)
(232, 199, 183)
(235, 198, 186)
(232, 198, 184)
(225, 205, 193)
(232, 231, 228)
(239, 249, 250)
(241, 252, 254)
(239, 254, 255)
(235, 250, 253)
(239, 253, 255)
(241, 252, 253)
(239, 252, 254)
(239, 251, 254)
(243, 254, 255)
(240, 251, 255)
(239, 248, 253)
(237, 243, 246)
(218, 219, 220)
(191, 193, 192)
(163, 164, 163)
(175, 172, 170)
(190, 183, 181)
(194, 186, 183)
(184, 179, 175)
(196, 194, 189)
(228, 233, 232)
(238, 246, 250)
(234, 247, 254)
(234, 248, 255)
(234, 247, 253)
(235, 248, 254)
(234, 248, 255)
(234, 248, 255)
(235, 250, 255)
(233, 247, 254)
(235, 248, 255)
(235, 248, 255)
(234, 247, 255)
(233, 247, 255)
(232, 245, 254)
(232, 246, 254)
(230, 245, 252)
(232, 247, 254)
(230, 246, 253)
(230, 244, 253)
(230, 243, 252)
(230, 242, 252)
(230, 242, 253)
(227, 241, 252)
(226, 240, 251)
(188, 207, 211)
(181, 202, 205)
(180, 202, 205)
(176, 199, 201)
(177, 197, 198)
(175, 193, 195)
(177, 194, 194)
(173, 188, 191)
(169, 185, 190)
(168, 186, 191)
(170, 188, 189)
(173, 190, 189)
(171, 187, 187)
(171, 187, 191)
(169, 187, 188)
(168, 186, 188)
(173, 192, 195)
(168, 188, 189)
(170, 190, 191)
(170, 189, 189)
(171, 190, 189)
(166, 186, 186)
(172, 188, 191)
(163, 166, 165)
(143, 124, 115)
(163, 125, 111)
(177, 131, 116)
(185, 138, 125)
(186, 141, 126)
(187, 143, 128)
(194, 151, 135)
(200, 155, 139)
(202, 157, 141)
(203, 156, 140)
(201, 161, 144)
(201, 160, 143)
(197, 158, 144)
(180, 164, 154)
(178, 187, 184)
(172, 190, 190)
(175, 190, 190)
(175, 189, 192)
(178, 191, 194)
(176, 192, 194)
(177, 191, 194)
(176, 190, 195)
(176, 191, 193)
(188, 188, 191)
(137, 116, 108)
(159, 128, 112)
(177, 145, 126)
(198, 173, 153)
(211, 186, 166)
(220, 187, 168)
(229, 192, 177)
(233, 196, 177)
(233, 196, 177)
(234, 196, 178)
(232, 193, 175)
(229, 194, 177)
(220, 197, 181)
(209, 201, 190)
(212, 224, 221)
(217, 230, 233)
(224, 235, 240)
(230, 240, 246)
(227, 241, 249)
(232, 242, 249)
(231, 232, 232)
(135, 117, 108)
(131, 102, 91)
(151, 119, 102)
(174, 148, 126)
(195, 171, 151)
(202, 172, 158)
(205, 172, 160)
(211, 180, 165)
(217, 186, 167)
(220, 187, 172)
(224, 186, 175)
(229, 193, 180)
(225, 203, 190)
(226, 225, 219)
(240, 248, 249)
(242, 253, 255)
(241, 255, 255)
(238, 252, 255)
(240, 254, 255)
(242, 252, 253)
(240, 254, 255)
(237, 251, 253)
(242, 254, 254)
(241, 253, 255)
(237, 250, 254)
(236, 248, 253)
(235, 246, 249)
(235, 242, 244)
(228, 235, 238)
(230, 238, 241)
(231, 239, 243)
(230, 238, 241)
(226, 233, 236)
(232, 238, 242)
(239, 248, 251)
(237, 249, 255)
(232, 246, 254)
(235, 248, 254)
(235, 248, 252)
(233, 248, 253)
(232, 248, 255)
(231, 247, 254)
(232, 248, 255)
(234, 248, 255)
(234, 248, 255)
(232, 246, 254)
(232, 246, 254)
(231, 245, 254)
(231, 246, 255)
(230, 246, 254)
(230, 246, 253)
(229, 245, 252)
(232, 245, 254)
(232, 244, 253)
(234, 244, 255)
(228, 240, 252)
(229, 242, 253)
(226, 240, 251)
(226, 240, 251)
(187, 204, 209)
(182, 201, 205)
(177, 200, 203)
(173, 196, 199)
(173, 194, 195)
(171, 190, 192)
(170, 188, 189)
(171, 188, 192)
(167, 185, 189)
(168, 186, 190)
(166, 187, 187)
(171, 190, 190)
(168, 186, 187)
(171, 189, 191)
(169, 187, 189)
(168, 186, 188)
(171, 192, 194)
(166, 188, 189)
(170, 191, 192)
(170, 189, 190)
(169, 188, 189)
(167, 186, 188)
(172, 187, 189)
(155, 153, 153)
(145, 121, 113)
(163, 124, 111)
(176, 131, 117)
(182, 138, 125)
(185, 142, 126)
(187, 144, 128)
(193, 148, 133)
(201, 154, 139)
(200, 153, 137)
(197, 150, 135)
(199, 159, 142)
(200, 157, 141)
(195, 156, 143)
(179, 166, 155)
(175, 188, 184)
(175, 192, 194)
(177, 190, 192)
(177, 191, 194)
(175, 189, 192)
(174, 190, 192)
(175, 190, 193)
(174, 189, 192)
(178, 192, 193)
(187, 185, 188)
(137, 117, 110)
(153, 125, 108)
(177, 147, 128)
(197, 171, 153)
(214, 188, 169)
(221, 190, 173)
(230, 195, 179)
(233, 198, 179)
(234, 195, 177)
(233, 193, 177)
(231, 193, 177)
(230, 197, 179)
(219, 197, 180)
(209, 201, 190)
(219, 228, 228)
(222, 234, 238)
(225, 236, 243)
(227, 239, 246)
(229, 242, 250)
(233, 245, 251)
(236, 241, 245)
(161, 153, 149)
(126, 103, 93)
(145, 115, 98)
(168, 139, 120)
(190, 162, 143)
(199, 167, 153)
(207, 171, 160)
(210, 180, 164)
(217, 187, 168)
(219, 185, 168)
(223, 183, 168)
(221, 182, 167)
(221, 195, 181)
(223, 217, 211)
(240, 247, 248)
(242, 253, 255)
(241, 253, 255)
(239, 252, 255)
(240, 254, 255)
(241, 252, 254)
(240, 253, 255)
(239, 253, 254)
(240, 251, 252)
(239, 251, 253)
(236, 250, 253)
(237, 252, 255)
(235, 250, 253)
(238, 249, 253)
(235, 245, 250)
(237, 249, 253)
(234, 246, 251)
(236, 249, 254)
(236, 247, 252)
(238, 247, 254)
(238, 250, 255)
(234, 247, 255)
(234, 247, 255)
(235, 248, 255)
(235, 248, 252)
(234, 248, 253)
(233, 248, 254)
(233, 248, 255)
(233, 247, 254)
(233, 247, 255)
(233, 247, 255)
(233, 247, 255)
(232, 246, 254)
(232, 246, 255)
(230, 246, 254)
(230, 246, 254)
(228, 245, 253)
(228, 244, 252)
(232, 244, 253)
(232, 243, 253)
(234, 245, 255)
(227, 239, 251)
(229, 241, 253)
(225, 239, 249)
(223, 237, 246)
(186, 200, 205)
(180, 198, 204)
(173, 196, 200)
(168, 192, 195)
(169, 192, 192)
(167, 189, 189)
(166, 187, 189)
(168, 186, 190)
(165, 185, 188)
(167, 188, 190)
(165, 188, 188)
(166, 189, 189)
(167, 188, 189)
(167, 188, 189)
(167, 186, 185)
(166, 187, 186)
(167, 189, 189)
(166, 189, 189)
(169, 190, 191)
(166, 186, 187)
(172, 188, 190)
(173, 188, 190)
(175, 187, 189)
(151, 140, 141)
(144, 116, 109)
(165, 126, 113)
(173, 130, 116)
(178, 137, 122)
(186, 144, 128)
(189, 144, 129)
(195, 145, 131)
(201, 149, 136)
(201, 149, 137)
(199, 151, 138)
(199, 156, 142)
(197, 154, 139)
(194, 156, 144)
(181, 172, 161)
(177, 192, 186)
(178, 191, 194)
(179, 190, 195)
(175, 189, 192)
(175, 191, 192)
(176, 191, 192)
(174, 192, 193)
(176, 190, 193)
(177, 191, 190)
(189, 186, 187)
(137, 116, 110)
(159, 132, 113)
(182, 150, 133)
(200, 169, 156)
(214, 186, 169)
(222, 194, 179)
(227, 196, 179)
(230, 196, 177)
(234, 194, 176)
(233, 191, 178)
(231, 195, 180)
(228, 195, 176)
(220, 197, 179)
(214, 205, 196)
(223, 231, 233)
(225, 235, 241)
(227, 240, 249)
(228, 241, 249)
(231, 244, 250)
(235, 247, 253)
(233, 243, 250)
(208, 209, 208)
(118, 99, 90)
(137, 106, 89)
(163, 130, 112)
(184, 151, 134)
(197, 162, 147)
(207, 172, 158)
(208, 179, 161)
(212, 182, 163)
(217, 179, 159)
(224, 181, 160)
(227, 186, 167)
(222, 191, 175)
(216, 203, 196)
(241, 247, 246)
(237, 250, 251)
(242, 251, 255)
(241, 252, 255)
(238, 254, 254)
(239, 251, 253)
(241, 253, 255)
(240, 254, 255)
(241, 252, 254)
(241, 252, 254)
(239, 251, 254)
(238, 252, 255)
(235, 250, 253)
(236, 253, 255)
(236, 251, 254)
(236, 251, 254)
(236, 250, 253)
(238, 250, 254)
(237, 248, 252)
(237, 249, 255)
(237, 250, 255)
(235, 248, 254)
(235, 248, 254)
(235, 248, 255)
(235, 248, 255)
(236, 248, 255)
(236, 247, 255)
(235, 246, 255)
(234, 245, 254)
(234, 247, 255)
(233, 246, 255)
(232, 245, 254)
(232, 245, 254)
(233, 246, 255)
(231, 245, 254)
(231, 246, 255)
(228, 245, 253)
(228, 244, 252)
(230, 244, 253)
(229, 240, 250)
(232, 243, 254)
(228, 241, 251)
(228, 241, 250)
(226, 239, 247)
(223, 236, 244)
(180, 195, 198)
(172, 190, 194)
(169, 191, 195)
(166, 190, 191)
(167, 189, 188)
(166, 188, 186)
(165, 185, 187)
(167, 185, 189)
(166, 185, 189)
(165, 186, 188)
(163, 184, 186)
(167, 188, 189)
(166, 187, 188)
(170, 191, 192)
(168, 188, 188)
(165, 186, 187)
(167, 188, 189)
(168, 189, 190)
(166, 187, 188)
(168, 186, 188)
(174, 190, 192)
(170, 187, 187)
(174, 184, 183)
(142, 130, 129)
(145, 116, 108)
(164, 124, 110)
(173, 129, 113)
(182, 139, 122)
(186, 142, 126)
(189, 143, 128)
(196, 146, 133)
(198, 144, 132)
(198, 147, 135)
(200, 152, 140)
(201, 158, 143)
(196, 155, 141)
(183, 155, 142)
(178, 177, 166)
(174, 189, 185)
(173, 187, 189)
(177, 191, 193)
(174, 189, 192)
(174, 191, 192)
(174, 188, 189)
(173, 190, 191)
(177, 189, 193)
(177, 192, 190)
(183, 183, 184)
(142, 121, 114)
(166, 139, 118)
(185, 150, 134)
(205, 168, 157)
(212, 179, 164)
(217, 184, 169)
(223, 189, 171)
(227, 192, 174)
(234, 192, 176)
(231, 188, 176)
(229, 192, 178)
(224, 192, 174)
(217, 196, 179)
(213, 206, 198)
(225, 236, 237)
(225, 238, 243)
(229, 242, 250)
(232, 245, 253)
(234, 247, 253)
(235, 248, 254)
(234, 246, 252)
(234, 237, 240)
(131, 115, 109)
(138, 107, 93)
(158, 123, 106)
(182, 148, 130)
(195, 159, 143)
(200, 163, 147)
(203, 169, 152)
(211, 175, 158)
(213, 174, 156)
(220, 179, 160)
(218, 180, 160)
(220, 188, 171)
(221, 203, 192)
(231, 232, 228)
(240, 251, 252)
(240, 252, 255)
(241, 252, 255)
(239, 255, 255)
(240, 252, 255)
(243, 255, 255)
(240, 251, 253)
(243, 254, 255)
(241, 251, 254)
(239, 250, 254)
(240, 251, 255)
(238, 250, 254)
(237, 252, 255)
(237, 252, 255)
(239, 251, 255)
(239, 251, 255)
(239, 250, 254)
(237, 249, 255)
(237, 250, 255)
(236, 249, 255)
(234, 247, 253)
(235, 248, 255)
(234, 247, 255)
(235, 248, 255)
(235, 248, 255)
(235, 248, 255)
(236, 247, 255)
(235, 248, 255)
(233, 246, 254)
(233, 246, 254)
(234, 247, 255)
(232, 245, 254)
(233, 246, 255)
(231, 244, 253)
(231, 245, 254)
(229, 245, 253)
(228, 243, 252)
(229, 243, 252)
(229, 241, 251)
(231, 242, 253)
(226, 241, 252)
(227, 241, 251)
(223, 237, 247)
(216, 230, 240)
(177, 193, 194)
(170, 189, 191)
(167, 190, 192)
(165, 187, 189)
(166, 186, 186)
(166, 186, 186)
(165, 184, 187)
(166, 184, 188)
(166, 184, 188)
(167, 186, 190)
(164, 185, 187)
(165, 186, 187)
(167, 188, 189)
(167, 187, 188)
(168, 188, 189)
(164, 185, 186)
(166, 187, 188)
(165, 186, 187)
(168, 187, 188)
(171, 188, 190)
(172, 187, 190)
(170, 187, 186)
(176, 185, 182)
(139, 125, 121)
(149, 119, 109)
(165, 123, 109)
(178, 130, 116)
(183, 137, 120)
(187, 140, 123)
(190, 142, 127)
(194, 144, 131)
(198, 144, 133)
(200, 149, 138)
(200, 154, 142)
(198, 155, 141)
(190, 152, 138)
(174, 157, 144)
(178, 184, 176)
(178, 191, 190)
(174, 191, 191)
(173, 190, 189)
(174, 189, 191)
(176, 193, 194)
(178, 191, 192)
(179, 193, 195)
(178, 189, 193)
(176, 192, 191)
(183, 185, 186)
(137, 115, 108)
(168, 138, 119)
(192, 154, 138)
(207, 165, 156)
(211, 173, 159)
(218, 182, 168)
(221, 184, 167)
(223, 186, 170)
(229, 187, 172)
(230, 187, 175)
(228, 191, 178)
(226, 194, 177)
(220, 199, 182)
(215, 210, 202)
(226, 238, 239)
(226, 239, 245)
(231, 245, 253)
(233, 248, 254)
(232, 247, 252)
(233, 248, 253)
(234, 247, 254)
(236, 242, 246)
(158, 145, 142)
(131, 103, 91)
(155, 118, 104)
(173, 135, 119)
(182, 144, 127)
(192, 154, 137)
(199, 160, 143)
(205, 165, 149)
(210, 169, 153)
(215, 177, 158)
(218, 182, 161)
(221, 186, 168)
(217, 192, 178)
(224, 218, 211)
(240, 249, 249)
(240, 253, 255)
(239, 251, 254)
(239, 253, 253)
(239, 252, 255)
(241, 253, 255)
(241, 251, 253)
(243, 253, 254)
(240, 250, 253)
(241, 250, 255)
(240, 250, 255)
(240, 251, 255)
(240, 253, 255)
(238, 250, 254)
(240, 251, 255)
(238, 249, 253)
(239, 251, 255)
(237, 249, 255)
(235, 248, 254)
(235, 248, 255)
(235, 248, 255)
(237, 250, 255)
(234, 247, 255)
(234, 247, 255)
(234, 247, 255)
(234, 247, 255)
(233, 246, 255)
(233, 246, 255)
(234, 247, 255)
(233, 246, 254)
(232, 245, 253)
(231, 244, 252)
(233, 246, 254)
(231, 245, 252)
(231, 244, 252)
(229, 243, 252)
(230, 244, 253)
(228, 242, 251)
(229, 242, 251)
(228, 241, 251)
(224, 239, 250)
(225, 239, 250)
(220, 234, 245)
(214, 228, 239)
(171, 188, 189)
(165, 185, 187)
(167, 189, 192)
(164, 185, 187)
(167, 185, 187)
(167, 185, 189)
(166, 184, 188)
(167, 185, 189)
(166, 184, 188)
(166, 184, 189)
(161, 181, 184)
(168, 187, 190)
(167, 186, 189)
(164, 184, 186)
(167, 187, 188)
(164, 185, 186)
(165, 186, 187)
(166, 186, 187)
(170, 188, 190)
(170, 185, 188)
(172, 188, 191)
(170, 189, 188)
(175, 181, 178)
(144, 127, 121)
(154, 122, 112)
(168, 127, 113)
(178, 130, 116)
(183, 135, 119)
(189, 140, 123)
(190, 141, 125)
(192, 142, 129)
(196, 144, 132)
(199, 149, 139)
(199, 153, 142)
(197, 155, 140)
(186, 151, 137)
(170, 162, 150)
(175, 186, 181)
(179, 189, 192)
(174, 190, 192)
(170, 188, 186)
(173, 190, 191)
(174, 192, 194)
(177, 189, 191)
(176, 190, 192)
(179, 190, 194)
(174, 191, 190)
(181, 185, 185)
(131, 111, 104)
(164, 133, 114)
(192, 152, 137)
(202, 159, 150)
(210, 170, 156)
(218, 180, 165)
(222, 183, 166)
(220, 179, 164)
(224, 180, 165)
(227, 185, 172)
(228, 191, 178)
(227, 195, 178)
(217, 198, 182)
(218, 214, 207)
(228, 240, 242)
(229, 241, 247)
(232, 245, 253)
(234, 247, 254)
(235, 248, 254)
(236, 248, 254)
(236, 249, 255)
(236, 246, 250)
(189, 182, 181)
(126, 101, 94)
(142, 106, 93)
(165, 125, 109)
(179, 139, 122)
(185, 145, 128)
(197, 156, 139)
(206, 162, 148)
(211, 169, 155)
(215, 178, 160)
(220, 186, 165)
(224, 189, 169)
(223, 192, 175)
(219, 205, 195)
(236, 238, 238)
(238, 251, 254)
(238, 250, 253)
(239, 252, 252)
(238, 252, 255)
(241, 253, 255)
(240, 251, 254)
(241, 252, 254)
(240, 251, 255)
(239, 251, 255)
(239, 250, 254)
(239, 251, 255)
(237, 249, 253)
(239, 250, 254)
(237, 249, 252)
(239, 250, 254)
(239, 251, 255)
(235, 248, 254)
(235, 248, 254)
(235, 248, 255)
(235, 248, 255)
(236, 249, 255)
(233, 246, 254)
(234, 247, 255)
(234, 247, 255)
(233, 246, 254)
(232, 246, 255)
(232, 246, 255)
(232, 246, 255)
(232, 246, 254)
(234, 247, 255)
(232, 245, 253)
(234, 245, 254)
(232, 243, 252)
(232, 245, 253)
(229, 243, 251)
(229, 244, 251)
(229, 244, 251)
(226, 240, 249)
(229, 242, 253)
(223, 238, 248)
(224, 238, 248)
(219, 233, 243)
(203, 217, 228)
(171, 187, 191)
(165, 184, 189)
(167, 188, 193)
(161, 181, 186)
(169, 187, 191)
(165, 183, 189)
(163, 180, 187)
(165, 183, 187)
(164, 182, 186)
(166, 184, 188)
(163, 182, 186)
(165, 184, 188)
(164, 183, 187)
(166, 185, 188)
(166, 186, 187)
(166, 187, 188)
(165, 186, 187)
(166, 186, 187)
(170, 187, 189)
(170, 185, 188)
(170, 185, 189)
(169, 187, 188)
(175, 178, 174)
(145, 124, 118)
(157, 124, 113)
(175, 134, 121)
(180, 133, 121)
(181, 132, 117)
(188, 139, 122)
(191, 142, 126)
(191, 143, 129)
(197, 147, 136)
(198, 150, 140)
(196, 153, 142)
(197, 157, 143)
(185, 154, 142)
(173, 171, 162)
(174, 188, 186)
(179, 188, 193)
(174, 190, 192)
(172, 190, 187)
(171, 189, 191)
(172, 191, 193)
(176, 190, 192)
(177, 191, 194)
(177, 189, 192)
(176, 194, 192)
(187, 192, 191)
(135, 114, 106)
(162, 131, 112)
(188, 147, 133)
(196, 153, 144)
(206, 165, 152)
(215, 176, 161)
(219, 179, 161)
(217, 174, 158)
(216, 171, 156)
(222, 181, 167)
(224, 187, 174)
(223, 191, 175)
(217, 198, 184)
(219, 218, 212)
(231, 242, 246)
(232, 244, 250)
(234, 245, 254)
(236, 248, 254)
(237, 249, 254)
(237, 249, 255)
(238, 250, 255)
(235, 247, 252)
(224, 221, 223)
(118, 97, 93)
(144, 109, 99)
(160, 118, 104)
(168, 128, 111)
(184, 144, 127)
(197, 154, 139)
(205, 161, 149)
(210, 169, 157)
(216, 181, 162)
(222, 188, 168)
(231, 195, 175)
(233, 198, 179)
(219, 197, 184)
(222, 217, 215)
(241, 251, 254)
(237, 250, 252)
(237, 249, 251)
(237, 252, 255)
(241, 255, 255)
(239, 253, 255)
(238, 251, 254)
(240, 253, 255)
(238, 250, 254)
(239, 251, 255)
(238, 250, 254)
(236, 248, 252)
(239, 250, 254)
(237, 248, 252)
(239, 250, 255)
(237, 249, 255)
(235, 248, 254)
(235, 250, 255)
(235, 250, 255)
(233, 247, 255)
(234, 248, 255)
(232, 246, 254)
(235, 249, 255)
(233, 247, 255)
(233, 247, 255)
(233, 247, 255)
(233, 247, 255)
(231, 245, 254)
(234, 247, 255)
(234, 247, 255)
(233, 244, 253)
(234, 245, 254)
(231, 244, 252)
(232, 245, 253)
(229, 242, 250)
(228, 243, 250)
(229, 243, 252)
(224, 238, 247)
(230, 243, 252)
(226, 237, 246)
(224, 235, 244)
(220, 231, 240)
(191, 202, 212)
(166, 183, 189)
(161, 180, 187)
(162, 182, 191)
(162, 181, 189)
(167, 185, 191)
(167, 184, 191)
(165, 184, 191)
(162, 181, 185)
(167, 185, 189)
(167, 185, 189)
(164, 182, 186)
(166, 185, 190)
(166, 185, 190)
(166, 185, 189)
(167, 187, 188)
(166, 186, 187)
(166, 187, 188)
(164, 184, 185)
(172, 189, 191)
(172, 187, 190)
(172, 187, 191)
(171, 189, 192)
(167, 166, 163)
(149, 124, 119)
(161, 128, 117)
(173, 135, 123)
(180, 135, 123)
(181, 134, 118)
(185, 138, 121)
(188, 144, 127)
(195, 150, 136)
(196, 149, 138)
(193, 149, 138)
(192, 153, 142)
(191, 154, 142)
(176, 152, 143)
(177, 181, 176)
(173, 187, 190)
(177, 188, 193)
(173, 188, 191)
(174, 191, 190)
(172, 190, 192)
(174, 193, 194)
(177, 193, 194)
(176, 192, 195)
(177, 191, 194)
(175, 192, 191)
(183, 186, 186)
(144, 121, 114)
(162, 130, 112)
(185, 144, 131)
(197, 155, 147)
(204, 164, 151)
(219, 180, 165)
(224, 183, 166)
(221, 176, 161)
(213, 168, 152)
(211, 169, 155)
(218, 179, 166)
(222, 188, 172)
(214, 194, 180)
(222, 222, 217)
(231, 242, 246)
(235, 245, 252)
(237, 247, 255)
(238, 248, 255)
(239, 250, 255)
(239, 250, 255)
(234, 246, 252)
(237, 249, 255)
(239, 242, 245)
(130, 115, 113)
(134, 103, 95)
(152, 111, 99)
(165, 124, 111)
(183, 144, 130)
(196, 155, 141)
(200, 160, 148)
(212, 174, 161)
(221, 185, 167)
(225, 191, 171)
(234, 199, 179)
(239, 202, 184)
(231, 201, 186)
(219, 205, 200)
(234, 239, 238)
(238, 251, 253)
(237, 249, 253)
(237, 250, 254)
(239, 253, 255)
(237, 252, 255)
(237, 252, 255)
(236, 251, 254)
(237, 252, 255)
(238, 252, 255)
(237, 251, 254)
(238, 250, 254)
(238, 249, 253)
(239, 250, 254)
(238, 249, 255)
(239, 251, 255)
(235, 248, 254)
(235, 250, 255)
(236, 251, 255)
(234, 249, 255)
(234, 249, 255)
(231, 246, 253)
(232, 247, 254)
(232, 247, 254)
(232, 247, 254)
(232, 246, 255)
(233, 247, 255)
(232, 246, 255)
(232, 245, 253)
(233, 246, 254)
(233, 244, 253)
(236, 247, 255)
(231, 244, 252)
(231, 244, 252)
(228, 242, 251)
(227, 241, 250)
(228, 242, 251)
(225, 239, 249)
(227, 240, 250)
(227, 237, 246)
(226, 236, 245)
(217, 227, 236)
(181, 191, 200)
(165, 181, 188)
(161, 180, 188)
(165, 185, 193)
(162, 182, 189)
(165, 183, 188)
(163, 181, 186)
(166, 185, 191)
(165, 184, 188)
(163, 182, 186)
(166, 184, 189)
(163, 180, 186)
(166, 185, 190)
(167, 186, 191)
(165, 184, 189)
(168, 187, 189)
(168, 188, 189)
(166, 187, 188)
(166, 186, 187)
(169, 187, 189)
(172, 187, 190)
(171, 187, 191)
(171, 188, 191)
(160, 157, 153)
(154, 126, 119)
(161, 129, 117)
(172, 137, 123)
(177, 134, 122)
(179, 133, 118)
(183, 138, 121)
(184, 141, 125)
(194, 152, 138)
(195, 152, 140)
(192, 152, 140)
(189, 153, 141)
(183, 151, 140)
(174, 159, 150)
(177, 184, 182)
(176, 190, 194)
(174, 189, 193)
(172, 190, 192)
(173, 190, 191)
(172, 190, 193)
(173, 193, 194)
(173, 191, 192)
(172, 190, 192)
(177, 192, 195)
(177, 193, 193)
(178, 179, 181)
(145, 118, 114)
(168, 133, 117)
(192, 151, 139)
(202, 160, 152)
(211, 173, 160)
(220, 179, 165)
(225, 182, 164)
(226, 180, 165)
(225, 180, 163)
(216, 174, 159)
(209, 170, 157)
(212, 177, 161)
(207, 187, 174)
(221, 222, 217)
(230, 243, 249)
(234, 246, 253)
(236, 247, 255)
(237, 248, 253)
(237, 249, 253)
(237, 249, 254)
(237, 250, 255)
(236, 249, 255)
(237, 244, 248)
(164, 155, 155)
(133, 105, 100)
(146, 106, 98)
(159, 119, 108)
(178, 139, 128)
(194, 156, 144)
(202, 168, 154)
(212, 179, 164)
(220, 185, 167)
(226, 190, 172)
(233, 198, 179)
(238, 202, 184)
(235, 200, 184)
(225, 203, 193)
(230, 230, 226)
(239, 251, 254)
(239, 251, 255)
(236, 250, 253)
(240, 254, 255)
(238, 252, 255)
(238, 253, 255)
(236, 251, 254)
(238, 252, 255)
(238, 251, 254)
(237, 250, 254)
(238, 250, 254)
(238, 250, 254)
(237, 249, 255)
(236, 248, 254)
(236, 249, 255)
(235, 248, 254)
(235, 248, 254)
(234, 250, 255)
(234, 249, 254)
(234, 249, 255)
(232, 247, 254)
(232, 247, 254)
(232, 247, 254)
(231, 246, 253)
(232, 247, 254)
(232, 247, 254)
(232, 247, 255)
(232, 245, 254)
(235, 246, 255)
(234, 243, 253)
(234, 244, 254)
(229, 243, 252)
(229, 243, 252)
(229, 243, 252)
(226, 240, 250)
(228, 242, 253)
(225, 240, 251)
(223, 237, 248)
(227, 237, 247)
(223, 233, 243)
(197, 207, 216)
(183, 193, 202)
(166, 182, 189)
(163, 182, 189)
(162, 182, 190)
(162, 182, 188)
(165, 184, 187)
(162, 181, 184)
(162, 182, 186)
(165, 186, 189)
(162, 181, 185)
(166, 184, 189)
(165, 182, 189)
(166, 185, 191)
(165, 184, 190)
(164, 183, 188)
(168, 186, 188)
(169, 189, 190)
(166, 187, 188)
(165, 186, 187)
(167, 186, 187)
(172, 188, 189)
(173, 190, 192)
(170, 186, 188)
(152, 147, 141)
(153, 125, 116)
(160, 129, 115)
(171, 139, 123)
(177, 138, 123)
(183, 140, 123)
(186, 143, 126)
(185, 145, 128)
(193, 154, 139)
(193, 153, 140)
(189, 151, 139)
(184, 150, 138)
(181, 154, 143)
(172, 167, 157)
(178, 187, 186)
(173, 186, 192)
(172, 190, 194)
(171, 190, 192)
(173, 190, 192)
(172, 190, 193)
(172, 192, 193)
(173, 191, 192)
(172, 191, 193)
(178, 193, 196)
(175, 190, 190)
(178, 176, 179)
(150, 121, 118)
(171, 134, 119)
(197, 156, 144)
(208, 167, 159)
(213, 173, 162)
(221, 180, 167)
(225, 180, 162)
(230, 183, 167)
(227, 181, 163)
(225, 183, 167)
(219, 180, 165)
(214, 178, 162)
(204, 183, 171)
(221, 221, 217)
(230, 245, 250)
(232, 246, 254)
(235, 248, 255)
(235, 247, 252)
(237, 251, 254)
(235, 250, 253)
(235, 250, 255)
(237, 249, 255)
(236, 245, 250)
(201, 197, 198)
(129, 105, 101)
(144, 106, 98)
(157, 118, 109)
(177, 139, 130)
(190, 154, 143)
(203, 175, 161)
(213, 182, 166)
(222, 186, 168)
(228, 191, 174)
(232, 198, 181)
(237, 203, 186)
(241, 202, 187)
(229, 201, 189)
(226, 223, 217)
(236, 248, 251)
(239, 251, 255)
(238, 250, 253)
(239, 252, 255)
(239, 251, 255)
(238, 252, 255)
(236, 251, 254)
(238, 251, 255)
(239, 250, 254)
(239, 250, 254)
(237, 251, 254)
(237, 250, 254)
(236, 249, 255)
(235, 248, 254)
(236, 249, 255)
(235, 248, 254)
(236, 249, 255)
(234, 249, 254)
(234, 249, 254)
(234, 249, 254)
(232, 247, 254)
(233, 248, 255)
(232, 248, 255)
(231, 247, 254)
(231, 246, 253)
(231, 246, 253)
(232, 246, 253)
(232, 245, 253)
(235, 245, 255)
(235, 243, 254)
(233, 242, 253)
(228, 243, 252)
(228, 243, 253)
(229, 243, 254)
(226, 240, 251)
(227, 241, 252)
(225, 239, 251)
(223, 238, 249)
(223, 234, 245)
(218, 229, 238)
(181, 192, 201)
(183, 194, 203)
(166, 182, 188)
(161, 180, 186)
(159, 179, 186)
(162, 181, 187)
(161, 180, 184)
(164, 183, 187)
(160, 181, 185)
(162, 184, 187)
(161, 182, 185)
(163, 182, 186)
(165, 182, 188)
(168, 186, 192)
(167, 186, 192)
(167, 187, 192)
(167, 185, 188)
(167, 186, 189)
(169, 189, 191)
(166, 187, 188)
(168, 189, 189)
(168, 186, 188)
(170, 188, 192)
(170, 185, 187)
(146, 140, 134)
(153, 126, 115)
(159, 130, 114)
(166, 136, 119)
(175, 139, 123)
(184, 144, 125)
(184, 145, 128)
(185, 149, 133)
(191, 155, 140)
(189, 151, 138)
(188, 150, 138)
(185, 151, 139)
(176, 157, 148)
(177, 178, 171)
(177, 187, 187)
(176, 189, 195)
(170, 191, 195)
(169, 189, 191)
(174, 191, 194)
(174, 192, 195)
(173, 193, 194)
(174, 192, 194)
(174, 192, 195)
(178, 190, 195)
(177, 190, 192)
(173, 170, 173)
(150, 119, 115)
(172, 133, 120)
(191, 149, 136)
(209, 166, 158)
(217, 176, 164)
(223, 180, 166)
(224, 178, 161)
(230, 183, 166)
(231, 184, 166)
(228, 186, 170)
(226, 187, 173)
(221, 185, 170)
(205, 184, 173)
(222, 222, 218)
(231, 247, 252)
(232, 247, 253)
(236, 250, 255)
(237, 250, 255)
(234, 249, 253)
(234, 249, 253)
(236, 251, 255)
(237, 249, 255)
(234, 245, 251)
(239, 239, 240)
(131, 112, 109)
(140, 106, 98)
(150, 111, 102)
(167, 129, 119)
(186, 151, 139)
(202, 173, 159)
(214, 183, 167)
(224, 187, 170)
(230, 193, 176)
(234, 200, 185)
(242, 207, 192)
(243, 204, 190)
(237, 205, 191)
(219, 209, 200)
(236, 246, 247)
(236, 249, 255)
(238, 249, 253)
(238, 250, 254)
(240, 252, 255)
(239, 253, 255)
(236, 250, 253)
(236, 249, 254)
(240, 251, 255)
(239, 249, 255)
(237, 251, 255)
(234, 247, 253)
(239, 252, 255)
(235, 248, 254)
(236, 249, 255)
(236, 249, 255)
(236, 249, 255)
(234, 250, 255)
(233, 249, 254)
(233, 249, 254)
(231, 247, 253)
(232, 246, 254)
(232, 248, 255)
(232, 247, 254)
(233, 247, 255)
(232, 246, 254)
(232, 246, 254)
(232, 245, 254)
(234, 245, 255)
(235, 245, 255)
(230, 241, 251)
(226, 243, 252)
(226, 242, 251)
(226, 241, 252)
(226, 240, 251)
(226, 240, 251)
(223, 237, 249)
(225, 239, 251)
(221, 233, 245)
(201, 214, 224)
(180, 193, 203)
(185, 198, 208)
(163, 181, 185)
(160, 178, 183)
(163, 182, 189)
(161, 179, 188)
(164, 182, 192)
(163, 180, 190)
(164, 181, 190)
(156, 181, 184)
(160, 182, 185)
(164, 182, 185)
(165, 182, 186)
(167, 184, 190)
(168, 186, 193)
(166, 185, 192)
(168, 186, 191)
(168, 186, 190)
(168, 184, 189)
(165, 185, 188)
(165, 187, 190)
(167, 188, 192)
(169, 189, 195)
(172, 186, 191)
(157, 151, 145)
(147, 124, 112)
(160, 129, 115)
(172, 138, 122)
(175, 139, 122)
(182, 145, 124)
(187, 151, 134)
(187, 153, 141)
(193, 159, 146)
(191, 154, 138)
(190, 153, 137)
(181, 148, 137)
(172, 167, 161)
(183, 189, 187)
(179, 189, 190)
(174, 186, 191)
(175, 190, 194)
(173, 188, 191)
(176, 192, 193)
(172, 193, 194)
(176, 193, 194)
(175, 192, 193)
(180, 192, 198)
(184, 191, 200)
(181, 188, 192)
(165, 159, 160)
(152, 121, 112)
(174, 135, 124)
(195, 153, 139)
(207, 163, 150)
(215, 172, 158)
(222, 178, 161)
(228, 182, 164)
(231, 182, 167)
(233, 184, 168)
(233, 189, 176)
(229, 190, 179)
(225, 190, 176)
(214, 192, 181)
(227, 225, 222)
(236, 246, 253)
(235, 247, 253)
(236, 249, 255)
(235, 248, 254)
(237, 249, 254)
(240, 250, 255)
(238, 247, 253)
(239, 251, 255)
(237, 248, 254)
(242, 246, 250)
(160, 150, 149)
(137, 110, 102)
(150, 110, 100)
(169, 126, 114)
(185, 149, 134)
(203, 167, 153)
(214, 178, 163)
(223, 187, 170)
(230, 194, 177)
(236, 200, 185)
(240, 203, 189)
(239, 202, 190)
(238, 204, 193)
(230, 208, 196)
(231, 232, 225)
(235, 251, 252)
(238, 251, 255)
(240, 252, 255)
(237, 249, 253)
(237, 251, 254)
(237, 251, 255)
(238, 251, 255)
(237, 250, 255)
(235, 248, 254)
(239, 252, 255)
(236, 249, 255)
(235, 250, 255)
(233, 248, 253)
(236, 250, 255)
(235, 248, 254)
(236, 249, 255)
(234, 250, 255)
(233, 249, 255)
(233, 249, 255)
(231, 247, 254)
(232, 245, 253)
(234, 247, 255)
(235, 246, 255)
(234, 247, 255)
(233, 246, 254)
(234, 247, 255)
(232, 245, 253)
(233, 246, 254)
(233, 246, 254)
(231, 244, 253)
(227, 243, 253)
(227, 243, 251)
(226, 242, 250)
(225, 240, 249)
(227, 241, 250)
(223, 237, 246)
(224, 237, 246)
(212, 226, 235)
(176, 191, 202)
(180, 195, 206)
(184, 199, 210)
(163, 177, 185)
(164, 178, 187)
(164, 182, 191)
(160, 178, 188)
(163, 182, 191)
(160, 179, 188)
(161, 181, 189)
(159, 181, 186)
(164, 184, 189)
(166, 183, 187)
(164, 179, 184)
(171, 186, 193)
(168, 184, 192)
(169, 186, 195)
(166, 186, 193)
(168, 185, 191)
(169, 185, 189)
(170, 187, 191)
(169, 186, 189)
(171, 187, 190)
(174, 189, 194)
(176, 186, 190)
(163, 154, 151)
(152, 123, 116)
(164, 125, 112)
(171, 132, 117)
(171, 137, 120)
(175, 142, 125)
(185, 150, 137)
(185, 150, 140)
(190, 153, 141)
(189, 153, 137)
(183, 152, 136)
(174, 150, 140)
(172, 172, 167)
(179, 189, 188)
(178, 189, 191)
(175, 189, 193)
(175, 189, 195)
(175, 190, 194)
(177, 192, 194)
(175, 193, 195)
(179, 193, 195)
(176, 191, 193)
(183, 195, 201)
(182, 192, 199)
(182, 191, 193)
(156, 149, 148)
(150, 119, 110)
(170, 131, 119)
(191, 149, 135)
(205, 162, 148)
(214, 171, 157)
(225, 182, 166)
(231, 186, 168)
(232, 183, 169)
(234, 185, 171)
(234, 190, 178)
(230, 190, 180)
(228, 191, 178)
(219, 197, 186)
(226, 223, 219)
(237, 247, 252)
(237, 248, 254)
(236, 249, 255)
(236, 249, 255)
(237, 250, 255)
(239, 250, 255)
(237, 247, 253)
(238, 249, 255)
(239, 249, 255)
(240, 245, 249)
(206, 201, 202)
(138, 118, 114)
(144, 109, 101)
(162, 124, 113)
(180, 145, 132)
(202, 165, 154)
(215, 178, 166)
(223, 187, 173)
(229, 193, 178)
(237, 201, 186)
(241, 204, 190)
(240, 200, 189)
(238, 201, 191)
(230, 203, 191)
(221, 217, 210)
(236, 249, 249)
(238, 251, 255)
(241, 252, 255)
(238, 250, 253)
(237, 250, 254)
(237, 251, 255)
(236, 249, 255)
(237, 250, 255)
(236, 249, 255)
(236, 249, 255)
(235, 248, 254)
(235, 249, 255)
(235, 250, 255)
(236, 250, 255)
(235, 248, 254)
(235, 248, 254)
(233, 248, 255)
(233, 248, 255)
(233, 248, 255)
(232, 247, 254)
(233, 248, 255)
(233, 246, 254)
(233, 247, 254)
(233, 246, 254)
(232, 245, 253)
(234, 247, 254)
(233, 246, 254)
(233, 246, 254)
(231, 244, 252)
(232, 245, 254)
(228, 242, 253)
(228, 242, 252)
(226, 240, 250)
(225, 239, 248)
(226, 240, 249)
(223, 237, 246)
(220, 233, 242)
(208, 223, 231)
(168, 184, 194)
(183, 200, 210)
(183, 201, 211)
(169, 181, 191)
(165, 179, 189)
(165, 181, 191)
(161, 180, 189)
(163, 182, 192)
(162, 182, 191)
(162, 182, 190)
(162, 182, 187)
(164, 183, 189)
(166, 182, 187)
(165, 178, 185)
(172, 185, 193)
(169, 183, 193)
(168, 185, 195)
(166, 186, 194)
(169, 185, 193)
(172, 187, 193)
(172, 187, 192)
(173, 188, 191)
(171, 185, 187)
(176, 188, 192)
(175, 186, 189)
(167, 158, 159)
(157, 129, 124)
(165, 123, 112)
(167, 128, 111)
(166, 136, 117)
(171, 143, 127)
(178, 147, 135)
(181, 146, 135)
(186, 148, 134)
(186, 150, 133)
(176, 149, 134)
(162, 146, 137)
(176, 181, 177)
(179, 192, 191)
(179, 193, 195)
(175, 190, 194)
(177, 192, 197)
(177, 192, 195)
(179, 193, 195)
(180, 193, 198)
(180, 192, 195)
(179, 193, 195)
(181, 194, 200)
(182, 194, 199)
(183, 192, 192)
(148, 137, 135)
(150, 118, 109)
(168, 130, 118)
(191, 149, 136)
(207, 163, 150)
(214, 172, 158)
(226, 183, 168)
(231, 187, 171)
(232, 182, 170)
(234, 185, 171)
(233, 189, 177)
(231, 190, 180)
(226, 189, 175)
(220, 198, 187)
(222, 219, 216)
(238, 247, 252)
(238, 248, 255)
(237, 249, 255)
(237, 250, 255)
(237, 250, 255)
(239, 251, 255)
(239, 250, 255)
(241, 251, 255)
(241, 250, 254)
(239, 246, 250)
(232, 235, 239)
(152, 141, 142)
(144, 116, 111)
(159, 125, 114)
(175, 141, 130)
(197, 160, 149)
(211, 172, 162)
(219, 181, 170)
(229, 193, 178)
(237, 201, 186)
(242, 203, 190)
(240, 200, 190)
(241, 202, 191)
(234, 203, 190)
(219, 212, 202)
(236, 246, 245)
(237, 250, 254)
(240, 251, 255)
(240, 251, 255)
(238, 251, 255)
(237, 251, 255)
(237, 250, 255)
(237, 250, 255)
(236, 249, 255)
(236, 249, 255)
(235, 249, 254)
(236, 249, 255)
(237, 250, 255)
(236, 249, 255)
(236, 249, 255)
(235, 248, 254)
(234, 249, 255)
(234, 248, 255)
(234, 249, 255)
(233, 248, 255)
(235, 250, 255)
(232, 246, 254)
(232, 247, 254)
(234, 247, 255)
(234, 247, 255)
(232, 245, 253)
(232, 245, 253)
(233, 246, 254)
(230, 243, 252)
(231, 244, 254)
(230, 242, 254)
(230, 242, 254)
(228, 241, 251)
(224, 238, 247)
(226, 240, 249)
(221, 235, 244)
(219, 233, 242)
(193, 209, 216)
(171, 188, 197)
(181, 199, 209)
(184, 202, 213)
(166, 178, 191)
(169, 183, 195)
(164, 182, 192)
(162, 180, 190)
(163, 182, 191)
(164, 183, 191)
(165, 184, 191)
(165, 184, 191)
(163, 182, 189)
(169, 185, 191)
(171, 184, 191)
(172, 186, 195)
(171, 185, 195)
(169, 184, 195)
(167, 185, 193)
(169, 185, 193)
(174, 187, 193)
(169, 184, 189)
(174, 189, 192)
(175, 187, 191)
(173, 188, 190)
(171, 187, 189)
(181, 180, 183)
(156, 135, 133)
(161, 124, 113)
(161, 124, 105)
(161, 133, 112)
(166, 141, 124)
(171, 142, 128)
(176, 141, 127)
(181, 141, 125)
(179, 145, 127)
(170, 148, 134)
(165, 155, 149)
(179, 189, 187)
(176, 191, 193)
(177, 193, 198)
(177, 193, 199)
(179, 195, 201)
(178, 193, 197)
(179, 193, 196)
(179, 192, 197)
(181, 193, 197)
(180, 195, 198)
(177, 193, 198)
(181, 195, 198)
(184, 190, 189)
(141, 126, 123)
(152, 118, 111)
(169, 130, 119)
(189, 147, 134)
(204, 160, 147)
(216, 172, 160)
(224, 180, 167)
(230, 186, 171)
(232, 184, 173)
(232, 184, 172)
(233, 188, 178)
(230, 190, 180)
(226, 189, 176)
(220, 199, 186)
(221, 219, 214)
(238, 247, 252)
(239, 248, 254)
(239, 251, 255)
(236, 249, 255)
(237, 250, 255)
(238, 250, 254)
(238, 250, 255)
(239, 249, 255)
(240, 248, 253)
(241, 249, 253)
(239, 247, 253)
(222, 220, 226)
(142, 124, 121)
(164, 135, 125)
(172, 138, 126)
(190, 150, 140)
(209, 166, 157)
(220, 179, 169)
(228, 191, 179)
(238, 202, 188)
(243, 202, 191)
(243, 199, 191)
(243, 200, 191)
(235, 202, 189)
(222, 210, 201)
(236, 243, 241)
(237, 251, 253)
(239, 251, 255)
(239, 250, 254)
(238, 250, 254)
(238, 252, 255)
(236, 249, 255)
(236, 249, 255)
(237, 250, 255)
(236, 249, 255)
(236, 249, 255)
(237, 250, 255)
(235, 248, 254)
(235, 248, 254)
(236, 249, 255)
(234, 249, 254)
(235, 248, 255)
(234, 247, 255)
(234, 247, 255)
(234, 247, 255)
(234, 248, 255)
(232, 247, 254)
(232, 247, 254)
(235, 248, 255)
(234, 247, 255)
(233, 246, 255)
(231, 245, 254)
(234, 247, 255)
(229, 242, 251)
(231, 243, 254)
(228, 239, 251)
(229, 240, 252)
(228, 240, 252)
(226, 240, 251)
(227, 241, 250)
(222, 236, 245)
(215, 229, 238)
(171, 188, 195)
(180, 197, 205)
(187, 204, 214)
(185, 203, 214)
(164, 180, 194)
(166, 183, 195)
(165, 183, 194)
(163, 181, 191)
(167, 184, 193)
(163, 180, 188)
(165, 182, 190)
(163, 183, 190)
(164, 183, 190)
(171, 188, 196)
(164, 180, 188)
(172, 188, 196)
(169, 185, 193)
(169, 185, 193)
(166, 182, 189)
(173, 188, 193)
(170, 185, 190)
(170, 186, 191)
(171, 189, 194)
(171, 189, 194)
(173, 190, 196)
(171, 190, 195)
(180, 189, 194)
(148, 140, 141)
(155, 129, 119)
(154, 120, 102)
(160, 127, 110)
(161, 131, 115)
(169, 134, 119)
(175, 136, 119)
(175, 137, 118)
(163, 136, 118)
(159, 146, 134)
(179, 181, 177)
(179, 193, 193)
(177, 194, 197)
(176, 193, 199)
(177, 193, 200)
(177, 193, 199)
(179, 194, 198)
(179, 193, 196)
(178, 193, 198)
(180, 193, 199)
(179, 195, 199)
(179, 195, 200)
(180, 193, 197)
(184, 186, 186)
(136, 113, 112)
(153, 119, 111)
(172, 133, 123)
(190, 146, 135)
(200, 155, 144)
(212, 168, 158)
(221, 176, 165)
(228, 183, 170)
(231, 185, 175)
(230, 184, 172)
(228, 185, 175)
(226, 186, 176)
(227, 191, 176)
(220, 199, 186)
(222, 221, 215)
(239, 248, 253)
(240, 249, 255)
(239, 250, 255)
(239, 251, 255)
(237, 250, 255)
(238, 252, 255)
(239, 251, 255)
(240, 250, 255)
(240, 248, 252)
(239, 250, 255)
(235, 248, 255)
(236, 244, 250)
(231, 225, 225)
(153, 132, 124)
(170, 136, 123)
(186, 142, 130)
(201, 154, 143)
(217, 173, 164)
(222, 182, 173)
(231, 193, 181)
(240, 196, 186)
(240, 194, 187)
(237, 195, 187)
(232, 199, 187)
(224, 211, 203)
(234, 240, 240)
(238, 252, 252)
(240, 252, 255)
(239, 250, 254)
(239, 251, 255)
(237, 251, 255)
(236, 249, 255)
(236, 249, 255)
(233, 248, 253)
(236, 249, 255)
(237, 250, 255)
(237, 250, 255)
(237, 249, 255)
(236, 249, 255)
(235, 248, 254)
(234, 249, 254)
(234, 247, 254)
(234, 247, 255)
(236, 248, 255)
(236, 249, 255)
(235, 248, 255)
(233, 247, 255)
(232, 247, 254)
(233, 246, 254)
(233, 246, 255)
(231, 244, 253)
(230, 244, 253)
(234, 247, 255)
(232, 245, 254)
(233, 244, 255)
(232, 241, 254)
(230, 241, 253)
(229, 241, 253)
(225, 237, 249)
(227, 240, 250)
(218, 231, 240)
(205, 218, 226)
(175, 191, 198)
(184, 199, 209)
(189, 204, 215)
(188, 203, 215)
(165, 183, 196)
(162, 181, 192)
(166, 185, 196)
(163, 182, 191)
(164, 181, 190)
(168, 184, 192)
(171, 187, 195)
(161, 183, 190)
(163, 184, 190)
(168, 187, 194)
(165, 184, 191)
(168, 187, 194)
(166, 184, 192)
(167, 185, 192)
(164, 180, 186)
(170, 185, 190)
(172, 187, 192)
(169, 187, 192)
(170, 190, 195)
(169, 189, 196)
(173, 190, 198)
(174, 190, 198)
(182, 192, 199)
(178, 177, 179)
(144, 127, 121)
(147, 118, 106)
(151, 117, 105)
(157, 122, 110)
(164, 127, 113)
(168, 130, 115)
(162, 131, 115)
(152, 137, 122)
(160, 161, 152)
(175, 190, 186)
(175, 192, 194)
(177, 193, 198)
(176, 192, 198)
(177, 193, 200)
(179, 194, 200)
(180, 194, 200)
(181, 194, 199)
(178, 195, 201)
(181, 195, 202)
(179, 195, 200)
(178, 194, 200)
(182, 194, 198)
(182, 182, 182)
(140, 114, 113)
(153, 118, 111)
(173, 133, 124)
(191, 146, 135)
(201, 153, 144)
(213, 166, 157)
(221, 173, 164)
(227, 179, 169)
(229, 184, 174)
(230, 184, 171)
(229, 185, 173)
(225, 184, 172)
(232, 194, 179)
(222, 199, 186)
(222, 219, 214)
(238, 248, 252)
(237, 248, 252)
(239, 250, 255)
(236, 248, 254)
(235, 248, 253)
(237, 251, 254)
(238, 251, 255)
(240, 250, 255)
(239, 249, 253)
(240, 252, 255)
(235, 251, 255)
(239, 251, 255)
(238, 240, 242)
(187, 176, 172)
(163, 133, 122)
(176, 135, 122)
(197, 149, 137)
(207, 160, 151)
(216, 174, 165)
(226, 184, 173)
(234, 187, 177)
(235, 190, 184)
(230, 192, 185)
(224, 197, 185)
(215, 206, 200)
(237, 244, 245)
(235, 248, 251)
(239, 251, 255)
(239, 250, 254)
(239, 250, 255)
(237, 251, 255)
(236, 249, 255)
(236, 250, 255)
(235, 250, 255)
(236, 249, 255)
(236, 249, 255)
(238, 250, 255)
(237, 249, 255)
(235, 248, 254)
(235, 249, 255)
(234, 249, 255)
(234, 247, 255)
(234, 246, 254)
(237, 248, 255)
(234, 246, 254)
(233, 246, 254)
(232, 246, 254)
(233, 247, 254)
(233, 246, 254)
(233, 245, 254)
(232, 245, 254)
(229, 243, 252)
(232, 246, 255)
(232, 245, 254)
(232, 243, 254)
(232, 241, 254)
(231, 242, 254)
(229, 241, 253)
(225, 236, 248)
(224, 236, 246)
(216, 229, 237)
(176, 189, 197)
(181, 194, 203)
(187, 200, 211)
(190, 203, 214)
(190, 203, 215)
(166, 185, 198)
(159, 179, 190)
(165, 185, 194)
(161, 181, 189)
(166, 183, 191)
(165, 181, 189)
(169, 186, 194)
(158, 181, 187)
(162, 184, 190)
(165, 185, 192)
(166, 186, 193)
(168, 187, 194)
(167, 186, 193)
(169, 187, 194)
(167, 185, 189)
(171, 186, 191)
(174, 189, 194)
(169, 187, 192)
(171, 190, 195)
(172, 191, 198)
(175, 191, 199)
(175, 189, 198)
(179, 189, 196)
(187, 191, 194)
(170, 162, 161)
(142, 124, 119)
(146, 120, 113)
(150, 118, 110)
(154, 122, 112)
(158, 129, 118)
(150, 131, 120)
(157, 155, 145)
(168, 179, 174)
(173, 192, 190)
(175, 191, 195)
(181, 195, 200)
(179, 192, 200)
(179, 193, 201)
(178, 192, 200)
(181, 194, 201)
(182, 195, 201)
(177, 194, 202)
(182, 196, 203)
(182, 196, 202)
(180, 196, 203)
(183, 196, 201)
(178, 179, 179)
(140, 114, 113)
(158, 123, 116)
(175, 135, 126)
(190, 143, 134)
(201, 151, 143)
(212, 163, 156)
(221, 170, 163)
(224, 174, 165)
(225, 179, 169)
(230, 182, 170)
(230, 184, 172)
(225, 182, 170)
(226, 186, 171)
(222, 197, 184)
(222, 217, 212)
(238, 249, 253)
(239, 250, 254)
(239, 251, 255)
(239, 250, 255)
(238, 251, 255)
(238, 251, 255)
(238, 250, 254)
(239, 249, 254)
(239, 250, 254)
(238, 251, 255)
(235, 251, 255)
(237, 251, 255)
(239, 246, 251)
(229, 226, 227)
(166, 145, 137)
(174, 137, 125)
(186, 139, 126)
(199, 151, 141)
(204, 158, 149)
(219, 171, 162)
(229, 179, 170)
(230, 186, 179)
(224, 191, 183)
(220, 198, 190)
(212, 207, 204)
(235, 244, 247)
(238, 250, 253)
(241, 252, 255)
(240, 251, 255)
(239, 250, 254)
(236, 250, 254)
(236, 249, 255)
(236, 250, 255)
(236, 251, 255)
(237, 250, 255)
(237, 249, 255)
(239, 250, 255)
(237, 248, 254)
(236, 248, 254)
(235, 249, 255)
(233, 248, 255)
(234, 247, 255)
(235, 247, 255)
(238, 248, 255)
(235, 245, 254)
(235, 247, 255)
(232, 246, 254)
(232, 246, 254)
(233, 246, 254)
(233, 246, 254)
(232, 246, 254)
(230, 244, 253)
(231, 245, 254)
(231, 244, 253)
(230, 242, 252)
(229, 241, 252)
(229, 241, 253)
(228, 240, 252)
(224, 235, 247)
(224, 236, 246)
(206, 218, 225)
(167, 180, 187)
(185, 199, 208)
(187, 199, 211)
(190, 202, 214)
(192, 204, 215)
(165, 181, 195)
(164, 182, 193)
(164, 184, 193)
(162, 182, 190)
(162, 182, 189)
(166, 185, 192)
(168, 186, 194)
(162, 184, 190)
(163, 183, 190)
(164, 184, 191)
(164, 184, 191)
(168, 187, 194)
(167, 186, 193)
(171, 190, 197)
(169, 188, 194)
(173, 189, 196)
(176, 191, 198)
(174, 190, 195)
(173, 189, 194)
(173, 189, 195)
(175, 190, 196)
(175, 190, 197)
(178, 189, 193)
(179, 188, 192)
(184, 191, 194)
(169, 169, 170)
(145, 137, 134)
(144, 128, 124)
(149, 131, 127)
(151, 138, 134)
(164, 162, 156)
(178, 186, 183)
(170, 186, 185)
(178, 195, 196)
(176, 189, 194)
(180, 193, 200)
(182, 195, 203)
(181, 194, 202)
(180, 193, 201)
(182, 195, 203)
(180, 195, 202)
(179, 195, 203)
(184, 195, 204)
(183, 194, 204)
(181, 195, 205)
(182, 195, 202)
(183, 187, 188)
(139, 116, 115)
(159, 125, 117)
(177, 138, 129)
(191, 144, 136)
(201, 149, 143)
(207, 155, 150)
(218, 165, 159)
(220, 168, 160)
(222, 172, 162)
(230, 180, 166)
(230, 182, 170)
(229, 182, 170)
(228, 185, 170)
(220, 193, 179)
(224, 218, 214)
(237, 249, 253)
(238, 250, 254)
(238, 249, 254)
(238, 249, 254)
(240, 251, 255)
(240, 251, 255)
(238, 250, 254)
(240, 250, 255)
(238, 252, 255)
(237, 252, 255)
(235, 250, 253)
(236, 249, 252)
(238, 250, 255)
(235, 241, 247)
(202, 192, 191)
(160, 130, 121)
(176, 134, 120)
(189, 141, 129)
(198, 150, 140)
(213, 160, 150)
(219, 167, 157)
(218, 176, 169)
(218, 190, 183)
(208, 193, 186)
(225, 227, 225)
(235, 247, 252)
(237, 248, 252)
(239, 250, 254)
(240, 251, 255)
(239, 251, 255)
(237, 251, 255)
(237, 250, 255)
(236, 250, 255)
(234, 249, 254)
(236, 249, 255)
(236, 248, 254)
(238, 248, 255)
(238, 248, 255)
(237, 249, 255)
(234, 248, 255)
(231, 247, 254)
(234, 247, 255)
(235, 247, 255)
(236, 246, 255)
(236, 246, 255)
(236, 246, 255)
(234, 246, 254)
(231, 245, 253)
(233, 246, 254)
(233, 246, 254)
(232, 247, 254)
(232, 246, 255)
(231, 245, 254)
(230, 243, 252)
(229, 242, 251)
(228, 240, 251)
(228, 240, 252)
(226, 238, 250)
(225, 237, 249)
(221, 233, 243)
(184, 194, 202)
(180, 192, 199)
(186, 201, 211)
(189, 203, 214)
(191, 203, 215)
(194, 205, 217)
(171, 186, 200)
(163, 180, 192)
(164, 182, 192)
(165, 185, 193)
(165, 185, 192)
(163, 183, 190)
(167, 187, 194)
(166, 186, 193)
(165, 185, 192)
(168, 189, 195)
(164, 184, 191)
(168, 187, 193)
(170, 189, 196)
(169, 188, 194)
(172, 189, 198)
(173, 189, 197)
(174, 190, 197)
(175, 190, 196)
(175, 190, 195)
(179, 191, 195)
(177, 191, 196)
(173, 190, 195)
(181, 195, 198)
(179, 193, 196)
(177, 193, 199)
(169, 185, 189)
(179, 190, 191)
(184, 188, 187)
(182, 184, 184)
(184, 188, 188)
(178, 190, 191)
(180, 195, 199)
(178, 193, 198)
(184, 194, 200)
(184, 194, 200)
(182, 193, 198)
(183, 195, 202)
(181, 194, 201)
(181, 194, 201)
(180, 194, 201)
(181, 195, 202)
(183, 196, 204)
(185, 193, 203)
(184, 194, 203)
(183, 194, 205)
(183, 195, 204)
(190, 197, 197)
(145, 128, 127)
(158, 125, 118)
(181, 140, 131)
(191, 143, 134)
(199, 146, 140)
(204, 150, 144)
(215, 163, 157)
(222, 170, 163)
(223, 175, 164)
(227, 178, 165)
(227, 176, 165)
(226, 177, 165)
(222, 177, 162)
(220, 191, 178)
(224, 217, 213)
(234, 248, 252)
(236, 249, 253)
(239, 251, 255)
(238, 250, 254)
(238, 250, 254)
(238, 250, 254)
(240, 252, 255)
(241, 252, 255)
(237, 251, 255)
(237, 252, 255)
(239, 251, 254)
(240, 252, 255)
(236, 249, 255)
(239, 251, 255)
(235, 236, 240)
(159, 138, 134)
(169, 132, 122)
(178, 133, 121)
(188, 137, 126)
(202, 147, 137)
(205, 155, 144)
(203, 169, 161)
(200, 182, 175)
(224, 220, 215)
(241, 248, 249)
(238, 250, 255)
(239, 250, 255)
(238, 249, 253)
(239, 250, 254)
(238, 249, 254)
(237, 249, 254)
(235, 248, 254)
(238, 252, 255)
(234, 249, 254)
(236, 249, 255)
(236, 248, 254)
(237, 249, 255)
(237, 247, 255)
(236, 248, 255)
(233, 247, 255)
(232, 248, 255)
(233, 249, 255)
(232, 245, 253)
(236, 248, 255)
(235, 245, 254)
(235, 246, 255)
(233, 246, 254)
(231, 245, 253)
(235, 247, 255)
(233, 246, 254)
(233, 246, 254)
(230, 244, 253)
(232, 246, 255)
(228, 242, 252)
(228, 242, 252)
(227, 241, 251)
(227, 240, 251)
(224, 236, 248)
(220, 232, 243)
(212, 223, 233)
(172, 183, 191)
(184, 197, 205)
(183, 198, 210)
(190, 205, 217)
(194, 208, 220)
(190, 204, 215)
(167, 183, 193)
(164, 182, 193)
(164, 183, 193)
(164, 183, 191)
(167, 186, 192)
(163, 182, 187)
(167, 186, 192)
(166, 185, 191)
(168, 187, 193)
(167, 188, 191)
(165, 186, 190)
(166, 187, 191)
(172, 190, 196)
(171, 187, 193)
(173, 187, 193)
(175, 191, 198)
(172, 189, 197)
(172, 189, 196)
(177, 190, 197)
(179, 190, 196)
(179, 190, 195)
(177, 190, 197)
(177, 192, 196)
(179, 193, 197)
(176, 191, 196)
(177, 192, 196)
(176, 191, 195)
(176, 189, 194)
(176, 189, 192)
(177, 192, 194)
(175, 191, 193)
(179, 195, 200)
(179, 193, 199)
(182, 194, 202)
(184, 194, 200)
(183, 194, 198)
(180, 196, 199)
(180, 197, 199)
(179, 197, 199)
(180, 196, 199)
(184, 196, 200)
(182, 196, 203)
(184, 196, 201)
(184, 197, 200)
(185, 195, 204)
(188, 196, 206)
(189, 194, 197)
(153, 141, 141)
(156, 127, 118)
(182, 139, 130)
(194, 145, 136)
(198, 143, 136)
(205, 152, 140)
(211, 167, 152)
(223, 176, 169)
(224, 184, 172)
(228, 185, 173)
(224, 174, 165)
(224, 175, 163)
(224, 178, 161)
(222, 190, 177)
(224, 219, 214)
(236, 249, 255)
(236, 249, 254)
(236, 251, 253)
(236, 251, 254)
(235, 250, 253)
(236, 251, 254)
(238, 252, 255)
(239, 250, 255)
(239, 251, 255)
(241, 252, 255)
(239, 250, 254)
(241, 252, 255)
(240, 251, 255)
(239, 250, 255)
(241, 247, 251)
(219, 212, 212)
(157, 135, 129)
(168, 133, 123)
(173, 130, 119)
(184, 141, 131)
(188, 154, 146)
(180, 165, 158)
(223, 222, 218)
(236, 245, 246)
(238, 248, 254)
(238, 248, 255)
(237, 249, 253)
(238, 250, 254)
(237, 249, 253)
(238, 249, 254)
(239, 251, 255)
(237, 249, 255)
(235, 249, 255)
(234, 249, 254)
(236, 249, 255)
(235, 248, 254)
(236, 249, 255)
(234, 247, 255)
(233, 248, 255)
(233, 248, 255)
(231, 247, 255)
(230, 246, 253)
(230, 245, 252)
(232, 246, 253)
(230, 245, 252)
(232, 246, 253)
(231, 247, 254)
(231, 246, 253)
(232, 244, 253)
(232, 243, 253)
(235, 244, 254)
(234, 244, 254)
(229, 242, 252)
(225, 240, 251)
(223, 241, 251)
(223, 240, 250)
(221, 236, 247)
(223, 236, 246)
(214, 225, 234)
(196, 207, 216)
(177, 190, 198)
(186, 199, 208)
(188, 202, 217)
(189, 204, 217)
(189, 205, 216)
(189, 207, 217)
(168, 185, 191)
(167, 184, 191)
(163, 182, 190)
(167, 186, 193)
(168, 187, 193)
(166, 185, 190)
(167, 186, 193)
(170, 187, 193)
(167, 185, 191)
(169, 188, 192)
(166, 186, 189)
(169, 188, 194)
(172, 189, 195)
(174, 190, 196)
(174, 189, 195)
(174, 190, 197)
(175, 191, 198)
(173, 189, 196)
(177, 192, 197)
(178, 190, 194)
(177, 190, 194)
(176, 192, 195)
(178, 193, 197)
(180, 194, 197)
(179, 193, 196)
(179, 192, 197)
(182, 193, 199)
(178, 192, 196)
(176, 194, 196)
(176, 194, 196)
(175, 193, 195)
(178, 196, 200)
(177, 195, 199)
(178, 196, 202)
(182, 195, 200)
(183, 195, 199)
(180, 195, 198)
(181, 197, 200)
(180, 196, 199)
(181, 195, 198)
(184, 196, 200)
(184, 196, 205)
(185, 195, 202)
(184, 197, 202)
(185, 196, 205)
(185, 195, 206)
(184, 193, 197)
(179, 171, 172)
(158, 132, 123)
(182, 140, 130)
(193, 145, 135)
(199, 146, 139)
(204, 152, 139)
(211, 168, 152)
(227, 181, 173)
(227, 187, 176)
(232, 190, 178)
(230, 180, 171)
(225, 176, 165)
(225, 182, 165)
(220, 191, 178)
(225, 224, 220)
(238, 250, 255)
(236, 249, 254)
(238, 252, 255)
(237, 252, 255)
(235, 250, 253)
(238, 252, 255)
(238, 252, 255)
(240, 251, 255)
(241, 252, 255)
(242, 253, 255)
(240, 252, 254)
(240, 251, 255)
(241, 252, 255)
(240, 251, 255)
(242, 251, 255)
(241, 242, 245)
(200, 190, 188)
(164, 146, 139)
(160, 138, 129)
(168, 146, 139)
(175, 162, 157)
(216, 215, 212)
(238, 246, 245)
(240, 251, 254)
(240, 251, 255)
(238, 251, 255)
(232, 252, 253)
(236, 251, 254)
(237, 249, 254)
(239, 250, 255)
(240, 251, 255)
(237, 249, 255)
(236, 249, 255)
(235, 249, 254)
(236, 249, 255)
(236, 249, 255)
(236, 249, 255)
(234, 247, 255)
(232, 247, 254)
(233, 248, 255)
(231, 247, 254)
(231, 247, 255)
(232, 246, 255)
(232, 246, 254)
(231, 245, 254)
(231, 245, 254)
(231, 246, 255)
(229, 245, 253)
(229, 246, 254)
(231, 246, 255)
(236, 244, 255)
(236, 243, 254)
(233, 243, 253)
(225, 241, 252)
(222, 241, 252)
(225, 241, 252)
(222, 236, 246)
(222, 234, 244)
(215, 225, 234)
(176, 186, 195)
(183, 196, 204)
(188, 201, 210)
(190, 204, 217)
(190, 205, 217)
(189, 205, 214)
(191, 208, 217)
(162, 180, 182)
(163, 181, 185)
(168, 187, 193)
(164, 183, 189)
(167, 186, 192)
(165, 184, 190)
(170, 187, 195)
(171, 186, 191)
(170, 186, 191)
(170, 186, 191)
(168, 186, 191)
(173, 191, 196)
(172, 188, 195)
(173, 189, 196)
(174, 190, 195)
(174, 190, 196)
(176, 192, 199)
(173, 189, 196)
(176, 191, 195)
(174, 191, 193)
(175, 192, 194)
(176, 193, 194)
(178, 195, 196)
(180, 194, 196)
(181, 193, 197)
(181, 191, 196)
(183, 192, 197)
(179, 192, 195)
(178, 193, 196)
(179, 194, 197)
(181, 196, 199)
(181, 196, 200)
(178, 194, 199)
(179, 195, 201)
(180, 195, 200)
(183, 196, 201)
(182, 195, 200)
(181, 194, 199)
(183, 197, 201)
(182, 195, 200)
(183, 196, 201)
(181, 194, 202)
(186, 195, 204)
(185, 197, 203)
(185, 196, 207)
(184, 196, 207)
(182, 196, 200)
(190, 187, 189)
(158, 135, 126)
(178, 141, 128)
(192, 148, 136)
(202, 150, 141)
(204, 152, 140)
(211, 168, 152)
(224, 178, 169)
(229, 188, 178)
(237, 195, 183)
(233, 185, 175)
(228, 181, 170)
(226, 183, 167)
(221, 195, 184)
(229, 233, 229)
(239, 251, 255)
(237, 249, 254)
(238, 252, 255)
(239, 253, 255)
(238, 252, 255)
(238, 252, 255)
(239, 251, 255)
(241, 252, 255)
(241, 252, 254)
(241, 252, 254)
(240, 251, 253)
(239, 250, 254)
(238, 249, 253)
(239, 251, 255)
(238, 250, 255)
(239, 248, 252)
(238, 242, 244)
(214, 214, 213)
(187, 186, 184)
(193, 193, 192)
(226, 231, 232)
(239, 249, 252)
(236, 249, 253)
(237, 250, 255)
(238, 249, 255)
(238, 250, 255)
(231, 251, 252)
(235, 250, 254)
(237, 250, 255)
(240, 251, 255)
(240, 251, 255)
(237, 249, 255)
(236, 249, 255)
(237, 250, 255)
(235, 248, 254)
(236, 249, 255)
(234, 247, 253)
(232, 246, 254)
(232, 247, 254)
(232, 247, 254)
(231, 246, 253)
(232, 248, 255)
(231, 245, 254)
(233, 247, 255)
(232, 245, 254)
(233, 246, 255)
(233, 246, 255)
(228, 243, 252)
(226, 246, 253)
(228, 245, 253)
(234, 246, 255)
(236, 244, 255)
(232, 242, 252)
(230, 243, 255)
(224, 239, 250)
(225, 239, 249)
(225, 238, 247)
(219, 230, 239)
(206, 216, 225)
(172, 185, 193)
(186, 199, 207)
(188, 202, 210)
(190, 204, 214)
(192, 206, 216)
(192, 207, 216)
(191, 206, 215)
(164, 181, 183)
(163, 181, 185)
(164, 182, 188)
(166, 185, 190)
(168, 187, 191)
(168, 187, 192)
(170, 188, 195)
(172, 185, 191)
(175, 190, 195)
(173, 188, 193)
(171, 187, 192)
(173, 190, 196)
(173, 190, 198)
(173, 190, 197)
(172, 190, 194)
(176, 192, 197)
(175, 190, 195)
(175, 190, 195)
(173, 190, 194)
(173, 193, 194)
(173, 193, 194)
(173, 191, 191)
(179, 196, 196)
(179, 194, 196)
(181, 194, 197)
(183, 195, 199)
(184, 195, 199)
(180, 192, 196)
(180, 192, 196)
(183, 194, 198)
(183, 192, 197)
(183, 194, 198)
(182, 194, 200)
(181, 196, 201)
(181, 197, 202)
(180, 196, 201)
(181, 196, 201)
(183, 196, 202)
(183, 196, 202)
(182, 195, 201)
(180, 196, 199)
(182, 197, 203)
(185, 196, 203)
(185, 198, 204)
(185, 198, 207)
(181, 196, 205)
(182, 198, 202)
(196, 196, 199)
(159, 134, 126)
(177, 139, 125)
(196, 151, 137)
(205, 154, 144)
(208, 159, 144)
(209, 166, 150)
(218, 173, 162)
(224, 185, 172)
(232, 193, 179)
(235, 188, 177)
(232, 184, 173)
(234, 190, 175)
(222, 196, 185)
(234, 238, 236)
(239, 250, 255)
(238, 250, 255)
(240, 252, 255)
(239, 251, 255)
(239, 251, 255)
(239, 253, 255)
(239, 252, 255)
(240, 251, 253)
(239, 250, 252)
(240, 253, 254)
(238, 251, 253)
(240, 251, 255)
(238, 249, 254)
(237, 250, 254)
(235, 250, 254)
(235, 250, 255)
(238, 250, 255)
(239, 247, 254)
(240, 246, 252)
(241, 248, 255)
(239, 246, 254)
(238, 248, 255)
(230, 244, 252)
(238, 252, 255)
(239, 251, 255)
(237, 248, 254)
(235, 248, 253)
(237, 250, 255)
(237, 250, 255)
(237, 249, 255)
(238, 249, 255)
(236, 247, 253)
(236, 248, 254)
(236, 248, 254)
(235, 248, 254)
(235, 248, 254)
(234, 247, 254)
(234, 249, 255)
(232, 247, 254)
(233, 246, 254)
(232, 245, 253)
(231, 247, 254)
(231, 246, 253)
(231, 245, 253)
(232, 245, 253)
(231, 244, 252)
(231, 244, 252)
(230, 243, 251)
(232, 246, 255)
(227, 243, 251)
(228, 244, 252)
(226, 242, 250)
(231, 245, 254)
(228, 239, 250)
(229, 240, 251)
(225, 238, 247)
(222, 233, 242)
(218, 229, 238)
(175, 185, 194)
(177, 190, 198)
(188, 201, 209)
(189, 204, 211)
(191, 205, 214)
(193, 207, 216)
(193, 207, 216)
(196, 210, 220)
(163, 178, 185)
(164, 180, 187)
(165, 182, 190)
(165, 184, 189)
(166, 186, 188)
(167, 186, 190)
(169, 188, 193)
(165, 182, 184)
(170, 187, 190)
(169, 186, 190)
(168, 185, 189)
(170, 187, 193)
(171, 189, 195)
(173, 192, 197)
(171, 189, 193)
(174, 190, 195)
(174, 189, 193)
(174, 188, 192)
(174, 190, 193)
(172, 192, 193)
(172, 193, 193)
(173, 190, 191)
(179, 194, 197)
(176, 191, 195)
(179, 194, 197)
(177, 193, 197)
(178, 193, 197)
(176, 192, 195)
(176, 192, 194)
(180, 194, 197)
(181, 192, 196)
(184, 196, 200)
(180, 194, 199)
(178, 196, 200)
(178, 196, 200)
(179, 197, 201)
(181, 196, 201)
(181, 194, 200)
(182, 196, 201)
(180, 195, 198)
(177, 195, 197)
(177, 194, 198)
(182, 196, 200)
(181, 196, 200)
(185, 198, 203)
(182, 197, 202)
(183, 199, 201)
(196, 196, 200)
(163, 133, 129)
(177, 134, 123)
(196, 149, 134)
(203, 151, 141)
(209, 157, 145)
(211, 166, 151)
(214, 168, 156)
(222, 184, 168)
(227, 190, 172)
(234, 187, 173)
(235, 183, 171)
(232, 184, 169)
(222, 195, 184)
(234, 238, 235)
(238, 250, 255)
(236, 247, 252)
(239, 250, 254)
(238, 249, 253)
(238, 249, 253)
(236, 249, 252)
(236, 248, 253)
(238, 249, 252)
(238, 250, 253)
(236, 249, 253)
(235, 248, 253)
(238, 249, 254)
(234, 245, 252)
(233, 246, 251)
(233, 248, 251)
(231, 246, 253)
(235, 248, 255)
(237, 248, 255)
(237, 246, 253)
(238, 246, 253)
(238, 246, 254)
(235, 245, 254)
(235, 248, 254)
(233, 248, 252)
(236, 248, 253)
(238, 248, 255)
(236, 246, 254)
(235, 247, 254)
(234, 247, 253)
(233, 246, 252)
(236, 248, 254)
(234, 246, 252)
(236, 248, 254)
(235, 246, 253)
(234, 246, 253)
(234, 247, 253)
(233, 247, 255)
(231, 246, 253)
(231, 245, 253)
(232, 245, 253)
(232, 243, 252)
(228, 244, 250)
(228, 243, 248)
(228, 243, 248)
(229, 242, 248)
(230, 243, 249)
(230, 243, 249)
(229, 242, 249)
(232, 242, 251)
(228, 241, 250)
(227, 244, 251)
(225, 244, 250)
(225, 242, 250)
(227, 239, 248)
(227, 237, 247)
(226, 237, 246)
(219, 229, 238)
(211, 221, 229)
(170, 182, 189)
(182, 195, 203)
(188, 201, 209)
(190, 205, 212)
(189, 204, 213)
(191, 207, 216)
(192, 208, 217)
(193, 208, 220)
(165, 179, 188)
(166, 180, 191)
(163, 179, 188)
(163, 180, 185)
(160, 180, 181)
(163, 183, 185)
(166, 185, 189)
(160, 179, 181)
(171, 189, 191)
(167, 185, 187)
(167, 185, 187)
(168, 186, 191)
(168, 187, 192)
(170, 189, 194)
(167, 186, 190)
(173, 190, 194)
(174, 188, 192)
(173, 187, 190)
(172, 188, 190)
(170, 190, 190)
(170, 189, 189)
(174, 189, 192)
(176, 191, 195)
(174, 190, 195)
(174, 190, 195)
(169, 187, 191)
(171, 190, 193)
(172, 189, 192)
(176, 193, 194)
(181, 196, 198)
(177, 190, 193)
(182, 195, 198)
(177, 191, 195)
(176, 194, 198)
(176, 194, 198)
(179, 194, 199)
(176, 190, 195)
(178, 191, 195)
(178, 192, 195)
(177, 194, 196)
(175, 194, 195)
(175, 195, 196)
(180, 195, 197)
(180, 195, 197)
(183, 195, 199)
(182, 195, 199)
(183, 197, 198)
(195, 193, 198)
(166, 134, 132)
(180, 136, 124)
(195, 147, 132)
(205, 152, 142)
(212, 158, 147)
(211, 164, 149)
(215, 167, 155)
(218, 179, 162)
(226, 188, 168)
(236, 186, 171)
(238, 182, 169)
(235, 182, 167)
(223, 192, 181)
(233, 235, 232)
(237, 248, 253)
(234, 244, 250)
(236, 246, 250)
(236, 246, 250)
(236, 247, 251)
(234, 247, 250)
(233, 245, 249)
(236, 247, 252)
(232, 244, 249)
(232, 245, 251)
(233, 246, 252)
(233, 245, 253)
(232, 242, 251)
(230, 241, 247)
(231, 244, 248)
(230, 244, 251)
(231, 245, 253)
(231, 244, 249)
(235, 247, 251)
(232, 244, 248)
(233, 246, 250)
(227, 240, 247)
(230, 243, 248)
(232, 245, 249)
(233, 245, 249)
(232, 245, 250)
(232, 246, 253)
(232, 245, 253)
(231, 244, 251)
(231, 244, 250)
(230, 244, 249)
(232, 246, 251)
(231, 243, 249)
(230, 242, 248)
(229, 242, 248)
(230, 243, 251)
(228, 243, 250)
(227, 242, 249)
(227, 241, 249)
(228, 241, 249)
(227, 237, 246)
(226, 240, 244)
(225, 239, 244)
(225, 239, 243)
(226, 240, 244)
(226, 239, 243)
(225, 238, 243)
(226, 239, 244)
(227, 237, 245)
(228, 240, 247)
(222, 236, 244)
(224, 239, 246)
(223, 238, 246)
(221, 234, 242)
(220, 233, 240)
(220, 230, 239)
(210, 221, 230)
(188, 200, 206)
(175, 187, 194)
(186, 199, 207)
(190, 203, 211)
(190, 205, 212)
(187, 203, 211)
(189, 206, 215)
(193, 208, 219)
(192, 207, 220)
(144, 158, 167)
(150, 164, 174)
(142, 158, 166)
(146, 164, 167)
(146, 164, 166)
(142, 162, 163)
(141, 159, 162)
(144, 164, 165)
(144, 163, 165)
(146, 164, 166)
(143, 160, 162)
(136, 153, 156)
(144, 163, 166)
(140, 159, 162)
(145, 163, 167)
(147, 163, 166)
(150, 164, 167)
(149, 163, 165)
(144, 160, 161)
(147, 164, 164)
(144, 160, 161)
(153, 167, 171)
(147, 162, 167)
(151, 166, 172)
(150, 166, 172)
(149, 167, 170)
(146, 164, 167)
(154, 169, 171)
(152, 165, 166)
(155, 166, 168)
(157, 168, 171)
(164, 175, 179)
(163, 174, 178)
(155, 167, 173)
(158, 171, 177)
(156, 168, 174)
(162, 174, 179)
(160, 172, 176)
(159, 173, 176)
(159, 175, 178)
(156, 174, 176)
(156, 175, 175)
(160, 174, 175)
(162, 174, 176)
(159, 169, 171)
(160, 171, 173)
(158, 171, 172)
(171, 168, 176)
(161, 131, 129)
(177, 134, 122)
(192, 145, 129)
(207, 153, 142)
(215, 159, 149)
(214, 162, 149)
(214, 159, 150)
(217, 173, 157)
(228, 184, 165)
(238, 183, 169)
(239, 178, 166)
(236, 178, 164)
(217, 183, 173)
(213, 213, 211)
(211, 223, 229)
(211, 221, 227)
(212, 221, 226)
(211, 220, 225)
(210, 222, 226)
(207, 221, 224)
(205, 217, 222)
(207, 218, 224)
(208, 221, 226)
(209, 222, 227)
(211, 224, 229)
(210, 223, 230)
(213, 223, 231)
(212, 222, 228)
(210, 221, 225)
(206, 221, 226)
(205, 220, 226)
(206, 221, 225)
(204, 221, 221)
(206, 224, 225)
(204, 223, 223)
(204, 223, 224)
(209, 224, 226)
(210, 222, 225)
(208, 220, 224)
(209, 225, 230)
(204, 223, 230)
(206, 220, 228)
(211, 224, 232)
(207, 221, 226)
(208, 223, 227)
(209, 224, 227)
(212, 225, 231)
(209, 222, 229)
(210, 223, 231)
(209, 222, 230)
(208, 223, 230)
(210, 225, 232)
(211, 225, 233)
(207, 219, 227)
(208, 217, 226)
(207, 221, 225)
(206, 221, 224)
(210, 224, 227)
(205, 219, 222)
(206, 220, 223)
(205, 220, 223)
(207, 222, 225)
(208, 222, 226)
(204, 217, 223)
(210, 220, 228)
(208, 217, 226)
(202, 213, 221)
(198, 212, 219)
(195, 210, 215)
(193, 204, 213)
(186, 198, 205)
(140, 153, 159)
(179, 192, 199)
(187, 200, 208)
(191, 204, 213)
(191, 205, 214)
(189, 206, 214)
(191, 207, 216)
(193, 207, 219)
(195, 208, 222)
(132, 146, 150)
(130, 145, 149)
(136, 152, 156)
(128, 146, 147)
(132, 150, 150)
(132, 150, 152)
(134, 152, 156)
(131, 151, 152)
(135, 155, 156)
(136, 153, 155)
(138, 153, 156)
(143, 158, 161)
(137, 154, 156)
(144, 161, 163)
(140, 155, 159)
(143, 158, 161)
(144, 158, 161)
(142, 156, 158)
(146, 160, 161)
(144, 157, 158)
(150, 163, 165)
(144, 158, 161)
(148, 161, 166)
(144, 157, 162)
(148, 162, 166)
(146, 160, 162)
(149, 163, 164)
(149, 161, 163)
(151, 160, 163)
(155, 164, 167)
(153, 162, 165)
(157, 166, 170)
(155, 163, 168)
(156, 162, 169)
(157, 163, 171)
(157, 163, 169)
(155, 163, 168)
(155, 164, 169)
(157, 168, 171)
(156, 169, 170)
(157, 171, 172)
(156, 169, 170)
(158, 166, 170)
(162, 170, 174)
(164, 170, 175)
(158, 168, 170)
(157, 170, 172)
(168, 167, 175)
(160, 135, 134)
(171, 132, 119)
(186, 142, 124)
(203, 150, 139)
(211, 151, 144)
(214, 156, 146)
(218, 153, 147)
(215, 160, 151)
(228, 175, 161)
(235, 173, 162)
(240, 173, 163)
(236, 174, 162)
(219, 183, 175)
(198, 200, 199)
(192, 205, 211)
(192, 202, 208)
(196, 205, 210)
(195, 204, 209)
(195, 206, 210)
(192, 206, 209)
(189, 201, 205)
(192, 203, 208)
(190, 202, 206)
(191, 205, 208)
(193, 207, 210)
(192, 205, 210)
(195, 206, 211)
(194, 206, 210)
(191, 205, 207)
(187, 202, 206)
(192, 206, 210)
(192, 204, 208)
(193, 207, 209)
(189, 206, 209)
(183, 203, 204)
(186, 206, 206)
(186, 203, 205)
(193, 208, 211)
(186, 201, 205)
(189, 203, 209)
(190, 203, 210)
(195, 208, 217)
(193, 206, 214)
(189, 204, 209)
(184, 200, 203)
(186, 202, 206)
(189, 205, 210)
(189, 204, 210)
(198, 211, 219)
(192, 205, 213)
(189, 204, 211)
(189, 204, 211)
(184, 197, 205)
(187, 198, 207)
(190, 199, 208)
(188, 201, 206)
(186, 200, 204)
(193, 207, 210)
(183, 197, 201)
(185, 200, 204)
(183, 199, 203)
(180, 197, 199)
(183, 200, 202)
(179, 194, 198)
(187, 197, 204)
(184, 191, 200)
(184, 192, 200)
(183, 192, 199)
(172, 185, 190)
(161, 174, 182)
(127, 140, 147)
(141, 154, 161)
(185, 198, 206)
(190, 203, 211)
(191, 204, 213)
(195, 208, 217)
(190, 206, 212)
(191, 205, 213)
(198, 210, 221)
(195, 207, 219)
(129, 143, 143)
(130, 144, 145)
(133, 150, 150)
(123, 141, 140)
(132, 150, 150)
(127, 145, 147)
(134, 152, 157)
(126, 146, 147)
(132, 152, 153)
(136, 153, 154)
(133, 147, 148)
(142, 156, 158)
(137, 153, 154)
(145, 160, 164)
(137, 151, 156)
(144, 158, 161)
(138, 152, 155)
(139, 153, 154)
(147, 158, 160)
(141, 153, 155)
(149, 161, 163)
(142, 157, 159)
(148, 162, 165)
(142, 156, 159)
(150, 161, 165)
(149, 160, 162)
(147, 158, 158)
(148, 160, 160)
(146, 159, 160)
(149, 162, 163)
(147, 161, 162)
(153, 166, 168)
(152, 162, 167)
(152, 160, 166)
(155, 157, 165)
(159, 162, 169)
(154, 160, 166)
(155, 163, 168)
(161, 170, 173)
(155, 166, 168)
(161, 172, 174)
(154, 164, 166)
(162, 167, 173)
(157, 162, 168)
(162, 167, 173)
(161, 171, 173)
(158, 172, 175)
(171, 171, 180)
(157, 137, 136)
(163, 130, 115)
(179, 139, 120)
(196, 144, 133)
(210, 148, 142)
(211, 149, 141)
(217, 148, 143)
(212, 152, 145)
(224, 166, 155)
(235, 168, 160)
(238, 168, 161)
(233, 169, 158)
(214, 179, 171)
(199, 203, 202)
(204, 216, 222)
(197, 208, 213)
(203, 213, 217)
(203, 212, 217)
(197, 209, 213)
(200, 213, 217)
(192, 205, 209)
(203, 214, 218)
(194, 206, 210)
(201, 215, 217)
(196, 210, 211)
(197, 210, 212)
(201, 213, 215)
(197, 209, 213)
(198, 213, 216)
(194, 208, 212)
(200, 212, 216)
(199, 208, 213)
(203, 212, 217)
(201, 212, 220)
(201, 216, 221)
(197, 213, 216)
(196, 211, 215)
(197, 214, 218)
(195, 211, 215)
(203, 215, 221)
(204, 209, 218)
(206, 214, 224)
(200, 212, 220)
(196, 212, 216)
(194, 212, 214)
(193, 211, 214)
(202, 219, 223)
(197, 213, 219)
(200, 213, 221)
(198, 211, 219)
(199, 214, 221)
(195, 210, 217)
(196, 210, 218)
(199, 210, 219)
(196, 205, 214)
(198, 210, 216)
(191, 204, 210)
(199, 212, 218)
(194, 208, 213)
(194, 209, 214)
(192, 208, 212)
(192, 210, 213)
(193, 208, 212)
(190, 205, 208)
(196, 209, 215)
(191, 200, 207)
(197, 204, 212)
(191, 197, 203)
(185, 192, 199)
(169, 182, 190)
(141, 154, 162)
(128, 143, 150)
(178, 193, 200)
(188, 201, 210)
(191, 204, 213)
(194, 207, 215)
(190, 205, 210)
(193, 205, 213)
(197, 207, 217)
(199, 209, 220)
