# Image Size: 128x128
# Format: (R, G, B) per line
(190, 207, 216)
(190, 209, 218)
(190, 210, 219)
(190, 209, 218)
(193, 211, 221)
(191, 210, 218)
(192, 214, 220)
(189, 213, 217)
(195, 212, 219)
(199, 211, 219)
(198, 212, 220)
(195, 213, 219)
(196, 215, 221)
(197, 214, 221)
(199, 215, 223)
(199, 217, 224)
(198, 219, 224)
(199, 220, 226)
(199, 218, 226)
(200, 218, 229)
(200, 218, 228)
(203, 222, 229)
(203, 220, 227)
(204, 220, 227)
(205, 221, 228)
(208, 223, 230)
(208, 223, 230)
(207, 224, 230)
(208, 224, 231)
(211, 224, 232)
(211, 222, 231)
(210, 223, 231)
(208, 224, 231)
(206, 223, 231)
(210, 225, 235)
(208, 223, 234)
(209, 225, 234)
(208, 224, 231)
(211, 226, 233)
(210, 226, 233)
(208, 227, 232)
(210, 225, 231)
(212, 225, 232)
(210, 225, 231)
(211, 226, 233)
(212, 226, 235)
(214, 227, 235)
(203, 213, 217)
(101, 104, 103)
(84, 80, 73)
(101, 89, 79)
(118, 100, 91)
(132, 112, 103)
(140, 119, 108)
(150, 126, 112)
(160, 133, 116)
(165, 139, 122)
(167, 142, 128)
(175, 152, 140)
(186, 164, 153)
(192, 170, 159)
(192, 168, 160)
(194, 169, 163)
(194, 171, 161)
(189, 168, 155)
(190, 172, 160)
(192, 174, 165)
(190, 174, 166)
(181, 165, 156)
(181, 163, 153)
(185, 169, 159)
(185, 171, 161)
(187, 170, 161)
(187, 169, 159)
(191, 173, 164)
(194, 176, 166)
(198, 179, 170)
(198, 178, 173)
(200, 178, 177)
(199, 178, 177)
(199, 180, 177)
(199, 182, 176)
(199, 180, 176)
(197, 177, 172)
(194, 176, 167)
(195, 180, 170)
(196, 180, 172)
(197, 178, 174)
(196, 173, 170)
(194, 173, 169)
(193, 176, 168)
(189, 172, 161)
(186, 168, 156)
(186, 165, 154)
(183, 162, 150)
(180, 161, 149)
(177, 158, 146)
(170, 155, 142)
(162, 150, 137)
(161, 143, 133)
(164, 137, 129)
(163, 134, 126)
(160, 132, 123)
(163, 139, 126)
(172, 150, 135)
(178, 154, 141)
(185, 161, 149)
(188, 165, 154)
(193, 173, 162)
(199, 179, 170)
(200, 178, 170)
(205, 184, 171)
(210, 192, 175)
(214, 196, 179)
(213, 196, 181)
(215, 197, 185)
(217, 201, 188)
(215, 204, 187)
(214, 202, 186)
(217, 202, 187)
(217, 198, 184)
(216, 198, 184)
(215, 198, 182)
(209, 189, 174)
(203, 180, 167)
(177, 164, 150)
(134, 138, 133)
(119, 131, 136)
(189, 207, 215)
(188, 209, 216)
(190, 211, 219)
(190, 210, 218)
(192, 211, 219)
(191, 211, 217)
(191, 213, 218)
(190, 213, 218)
(195, 213, 220)
(197, 211, 219)
(197, 212, 220)
(195, 213, 220)
(197, 215, 222)
(198, 215, 223)
(199, 217, 224)
(199, 218, 224)
(197, 217, 223)
(196, 217, 223)
(197, 216, 224)
(201, 219, 229)
(202, 219, 228)
(203, 221, 229)
(203, 220, 228)
(205, 221, 228)
(204, 221, 228)
(205, 222, 228)
(205, 222, 228)
(206, 224, 230)
(206, 223, 230)
(208, 222, 230)
(209, 222, 230)
(209, 223, 231)
(208, 224, 231)
(207, 223, 231)
(209, 225, 234)
(208, 225, 233)
(209, 226, 233)
(210, 226, 232)
(211, 227, 232)
(209, 226, 230)
(208, 226, 231)
(208, 225, 230)
(209, 226, 231)
(209, 225, 231)
(209, 226, 233)
(212, 226, 234)
(215, 226, 234)
(185, 192, 196)
(86, 87, 83)
(90, 83, 75)
(109, 97, 85)
(123, 107, 95)
(134, 115, 104)
(143, 122, 110)
(151, 127, 112)
(159, 132, 116)
(164, 137, 122)
(164, 139, 127)
(168, 145, 133)
(180, 158, 147)
(187, 165, 154)
(188, 165, 156)
(189, 165, 156)
(189, 166, 155)
(185, 163, 150)
(184, 164, 153)
(186, 168, 159)
(188, 171, 163)
(183, 166, 157)
(180, 161, 152)
(183, 166, 156)
(183, 167, 158)
(184, 165, 158)
(184, 164, 156)
(186, 168, 159)
(189, 172, 162)
(193, 175, 166)
(195, 176, 170)
(198, 177, 174)
(198, 177, 175)
(196, 177, 172)
(195, 176, 170)
(194, 173, 168)
(193, 171, 165)
(189, 170, 161)
(191, 174, 164)
(190, 173, 165)
(190, 170, 165)
(192, 168, 164)
(189, 169, 163)
(186, 169, 161)
(185, 168, 158)
(184, 165, 155)
(181, 161, 150)
(179, 158, 147)
(176, 155, 145)
(172, 152, 141)
(164, 147, 135)
(157, 142, 129)
(155, 135, 124)
(160, 134, 125)
(161, 134, 124)
(156, 132, 120)
(162, 140, 125)
(170, 148, 133)
(176, 152, 138)
(183, 159, 146)
(188, 166, 154)
(195, 175, 163)
(201, 182, 172)
(202, 182, 172)
(207, 187, 175)
(209, 191, 175)
(210, 192, 177)
(211, 194, 180)
(216, 198, 186)
(217, 201, 188)
(216, 205, 189)
(215, 202, 186)
(216, 199, 185)
(215, 197, 182)
(215, 197, 182)
(213, 196, 179)
(208, 190, 175)
(200, 180, 168)
(172, 161, 149)
(131, 135, 132)
(118, 130, 136)
(188, 209, 216)
(186, 209, 215)
(189, 212, 219)
(191, 212, 219)
(193, 212, 219)
(192, 213, 218)
(193, 215, 219)
(190, 214, 220)
(193, 213, 220)
(195, 212, 220)
(197, 214, 222)
(194, 213, 220)
(198, 215, 223)
(198, 214, 222)
(198, 217, 224)
(198, 218, 224)
(197, 218, 223)
(197, 218, 224)
(199, 218, 226)
(201, 219, 229)
(203, 220, 229)
(203, 220, 229)
(202, 219, 227)
(204, 221, 228)
(204, 222, 228)
(205, 223, 228)
(204, 223, 228)
(204, 224, 229)
(205, 223, 229)
(207, 223, 230)
(209, 223, 231)
(209, 223, 231)
(208, 224, 232)
(207, 224, 232)
(210, 225, 233)
(209, 225, 232)
(209, 227, 232)
(210, 226, 231)
(212, 227, 230)
(209, 225, 228)
(209, 227, 229)
(209, 227, 231)
(209, 228, 232)
(208, 227, 231)
(208, 226, 232)
(212, 226, 234)
(216, 225, 232)
(147, 151, 155)
(83, 80, 75)
(98, 89, 78)
(116, 103, 89)
(128, 113, 98)
(137, 119, 106)
(144, 124, 110)
(152, 128, 113)
(160, 132, 117)
(164, 136, 122)
(164, 139, 126)
(165, 141, 129)
(176, 154, 141)
(184, 162, 150)
(185, 162, 151)
(184, 161, 149)
(185, 162, 149)
(182, 160, 147)
(180, 159, 149)
(184, 164, 157)
(186, 167, 159)
(182, 163, 154)
(175, 155, 146)
(178, 160, 151)
(179, 161, 154)
(177, 157, 151)
(178, 157, 152)
(180, 160, 154)
(184, 167, 159)
(188, 171, 162)
(191, 173, 166)
(194, 174, 169)
(194, 173, 168)
(192, 172, 165)
(191, 171, 163)
(190, 168, 160)
(188, 166, 158)
(187, 167, 158)
(189, 171, 161)
(185, 168, 160)
(187, 167, 160)
(188, 166, 158)
(185, 166, 158)
(183, 166, 157)
(184, 167, 157)
(184, 165, 155)
(179, 158, 148)
(175, 153, 144)
(170, 149, 141)
(167, 145, 135)
(159, 139, 127)
(152, 134, 122)
(153, 130, 119)
(157, 131, 119)
(158, 133, 120)
(154, 133, 119)
(163, 141, 125)
(168, 146, 130)
(175, 152, 136)
(182, 158, 145)
(189, 167, 154)
(197, 177, 164)
(202, 183, 171)
(202, 184, 171)
(207, 189, 176)
(208, 190, 177)
(207, 189, 176)
(210, 192, 180)
(214, 196, 185)
(214, 200, 187)
(215, 203, 187)
(217, 203, 187)
(218, 200, 186)
(216, 198, 184)
(213, 194, 179)
(210, 192, 176)
(205, 188, 173)
(195, 179, 167)
(161, 153, 147)
(128, 132, 134)
(120, 130, 137)
(188, 210, 218)
(188, 212, 219)
(188, 213, 220)
(188, 211, 218)
(192, 212, 219)
(192, 213, 218)
(192, 214, 219)
(190, 213, 219)
(192, 215, 221)
(192, 212, 219)
(195, 215, 222)
(195, 214, 221)
(200, 215, 223)
(199, 214, 222)
(196, 215, 222)
(197, 217, 223)
(197, 218, 224)
(198, 218, 225)
(199, 219, 226)
(201, 220, 228)
(203, 220, 229)
(203, 220, 230)
(202, 220, 228)
(204, 222, 229)
(204, 223, 228)
(205, 224, 228)
(204, 223, 227)
(204, 224, 228)
(205, 224, 230)
(207, 223, 230)
(209, 224, 231)
(207, 223, 230)
(207, 224, 231)
(208, 224, 231)
(211, 227, 234)
(210, 227, 233)
(208, 227, 231)
(209, 226, 230)
(212, 227, 231)
(212, 227, 230)
(210, 227, 230)
(209, 227, 230)
(210, 228, 231)
(208, 227, 231)
(209, 227, 233)
(214, 227, 235)
(208, 216, 222)
(109, 112, 113)
(88, 82, 75)
(103, 93, 80)
(119, 107, 92)
(130, 117, 101)
(138, 123, 107)
(147, 129, 113)
(154, 131, 116)
(157, 130, 117)
(161, 134, 121)
(161, 137, 125)
(163, 140, 127)
(169, 147, 134)
(177, 156, 142)
(178, 156, 143)
(177, 156, 142)
(178, 158, 143)
(177, 157, 145)
(176, 156, 147)
(182, 163, 155)
(183, 164, 156)
(177, 157, 148)
(172, 151, 142)
(173, 153, 145)
(173, 153, 146)
(171, 151, 145)
(172, 151, 146)
(173, 152, 147)
(177, 159, 153)
(181, 165, 157)
(186, 168, 162)
(187, 168, 162)
(187, 167, 161)
(184, 164, 157)
(187, 167, 158)
(186, 164, 155)
(186, 164, 154)
(185, 165, 155)
(186, 168, 160)
(182, 165, 157)
(183, 164, 156)
(186, 166, 155)
(182, 165, 154)
(180, 163, 153)
(181, 164, 154)
(179, 160, 151)
(175, 152, 145)
(171, 147, 141)
(164, 142, 136)
(159, 137, 128)
(151, 130, 119)
(146, 124, 113)
(149, 125, 114)
(158, 131, 119)
(158, 134, 119)
(155, 134, 118)
(161, 140, 124)
(168, 146, 130)
(176, 153, 138)
(182, 159, 145)
(190, 167, 155)
(197, 176, 164)
(200, 181, 169)
(198, 184, 168)
(203, 188, 174)
(205, 188, 177)
(206, 187, 177)
(208, 190, 180)
(210, 194, 183)
(211, 197, 184)
(213, 200, 184)
(214, 200, 184)
(216, 199, 184)
(214, 196, 182)
(210, 192, 177)
(208, 189, 173)
(201, 185, 168)
(189, 177, 163)
(152, 146, 144)
(127, 131, 138)
(122, 131, 139)
(188, 211, 220)
(187, 212, 220)
(187, 213, 221)
(188, 211, 219)
(192, 213, 221)
(192, 213, 219)
(193, 215, 220)
(191, 213, 219)
(191, 214, 220)
(191, 213, 219)
(195, 215, 222)
(196, 213, 222)
(201, 214, 223)
(200, 215, 223)
(197, 216, 223)
(197, 217, 224)
(198, 218, 225)
(199, 219, 226)
(200, 220, 227)
(202, 220, 227)
(201, 220, 228)
(202, 222, 230)
(202, 222, 229)
(204, 224, 230)
(204, 223, 229)
(206, 224, 229)
(206, 223, 228)
(206, 224, 229)
(205, 224, 230)
(208, 224, 231)
(209, 225, 232)
(208, 224, 231)
(209, 226, 233)
(208, 224, 231)
(211, 227, 234)
(210, 227, 234)
(207, 226, 232)
(209, 227, 231)
(214, 229, 233)
(213, 227, 232)
(213, 228, 233)
(211, 227, 231)
(210, 227, 229)
(208, 226, 230)
(209, 226, 233)
(215, 228, 234)
(182, 189, 192)
(85, 87, 85)
(91, 84, 75)
(109, 99, 86)
(123, 111, 97)
(131, 120, 103)
(137, 126, 108)
(149, 133, 117)
(153, 133, 119)
(154, 129, 116)
(158, 133, 121)
(159, 137, 125)
(158, 138, 125)
(159, 138, 125)
(167, 147, 133)
(170, 150, 135)
(170, 151, 137)
(170, 152, 138)
(171, 152, 141)
(172, 152, 144)
(178, 159, 153)
(179, 160, 153)
(170, 151, 142)
(165, 145, 136)
(166, 147, 138)
(166, 147, 139)
(166, 146, 141)
(167, 147, 142)
(169, 150, 144)
(173, 155, 149)
(176, 160, 155)
(180, 164, 158)
(182, 163, 157)
(182, 162, 156)
(180, 159, 153)
(185, 165, 158)
(183, 163, 153)
(182, 161, 151)
(183, 163, 154)
(183, 165, 158)
(178, 160, 154)
(180, 162, 153)
(181, 163, 152)
(177, 160, 148)
(173, 156, 145)
(174, 157, 147)
(172, 152, 143)
(170, 146, 140)
(165, 141, 136)
(157, 135, 129)
(150, 128, 120)
(143, 122, 111)
(142, 119, 109)
(149, 123, 113)
(158, 130, 119)
(157, 131, 118)
(155, 133, 118)
(164, 142, 129)
(172, 150, 137)
(178, 154, 142)
(184, 160, 148)
(190, 167, 156)
(195, 173, 162)
(198, 179, 167)
(195, 182, 165)
(200, 185, 171)
(203, 186, 176)
(204, 186, 176)
(205, 187, 177)
(207, 192, 180)
(208, 194, 181)
(209, 194, 180)
(208, 193, 180)
(211, 195, 181)
(210, 192, 178)
(208, 190, 175)
(206, 187, 171)
(199, 182, 163)
(183, 172, 158)
(145, 142, 143)
(126, 129, 140)
(124, 131, 140)
(189, 212, 221)
(187, 212, 221)
(187, 212, 222)
(190, 213, 223)
(193, 214, 223)
(192, 212, 221)
(192, 214, 221)
(192, 213, 220)
(193, 215, 221)
(192, 214, 220)
(196, 216, 222)
(199, 215, 223)
(203, 216, 225)
(200, 215, 224)
(198, 218, 225)
(198, 218, 225)
(199, 219, 226)
(199, 218, 225)
(201, 220, 227)
(203, 221, 228)
(201, 221, 227)
(200, 223, 229)
(200, 223, 228)
(202, 225, 230)
(202, 223, 228)
(206, 224, 229)
(209, 224, 230)
(208, 225, 231)
(207, 225, 231)
(208, 225, 231)
(208, 224, 231)
(208, 225, 232)
(210, 227, 234)
(209, 225, 232)
(212, 227, 235)
(210, 226, 234)
(208, 227, 233)
(210, 228, 234)
(214, 229, 234)
(213, 226, 233)
(215, 228, 235)
(214, 227, 232)
(212, 227, 230)
(211, 227, 232)
(211, 227, 233)
(216, 227, 232)
(144, 149, 150)
(79, 79, 74)
(94, 87, 77)
(112, 102, 90)
(126, 114, 101)
(131, 120, 104)
(138, 127, 110)
(147, 132, 117)
(150, 131, 119)
(152, 130, 116)
(155, 132, 120)
(156, 135, 123)
(153, 134, 122)
(151, 133, 120)
(158, 139, 124)
(164, 146, 131)
(165, 147, 133)
(164, 146, 133)
(166, 147, 136)
(168, 149, 141)
(172, 153, 147)
(172, 154, 147)
(160, 141, 132)
(157, 137, 126)
(159, 141, 131)
(158, 141, 132)
(160, 141, 134)
(164, 145, 138)
(167, 148, 141)
(168, 152, 146)
(169, 153, 148)
(171, 154, 149)
(174, 155, 150)
(177, 156, 151)
(180, 159, 154)
(184, 164, 158)
(180, 160, 153)
(179, 159, 151)
(178, 159, 151)
(178, 160, 154)
(175, 158, 152)
(174, 157, 150)
(173, 157, 146)
(169, 152, 140)
(165, 148, 136)
(164, 146, 135)
(163, 142, 133)
(163, 139, 132)
(158, 132, 126)
(150, 127, 119)
(141, 120, 111)
(135, 114, 103)
(140, 116, 107)
(151, 124, 115)
(156, 127, 118)
(159, 132, 120)
(162, 136, 123)
(169, 145, 134)
(174, 151, 141)
(181, 157, 146)
(184, 160, 149)
(189, 166, 156)
(193, 169, 160)
(193, 172, 161)
(191, 177, 159)
(198, 184, 170)
(202, 185, 174)
(203, 186, 175)
(204, 187, 174)
(206, 190, 177)
(207, 191, 180)
(206, 189, 178)
(206, 189, 177)
(209, 193, 179)
(208, 192, 177)
(207, 190, 173)
(205, 186, 169)
(196, 180, 161)
(176, 168, 153)
(142, 140, 143)
(127, 130, 142)
(124, 131, 140)
(188, 211, 219)
(188, 213, 221)
(188, 214, 222)
(190, 213, 223)
(192, 214, 223)
(192, 212, 221)
(192, 214, 221)
(193, 213, 221)
(195, 216, 222)
(193, 214, 220)
(197, 214, 222)
(200, 214, 223)
(203, 217, 226)
(200, 217, 225)
(199, 218, 225)
(200, 219, 226)
(202, 220, 227)
(202, 220, 227)
(201, 220, 226)
(203, 222, 227)
(201, 221, 227)
(200, 224, 230)
(199, 224, 229)
(201, 224, 229)
(202, 224, 229)
(205, 224, 230)
(208, 224, 231)
(208, 225, 232)
(208, 224, 231)
(209, 224, 231)
(209, 225, 232)
(208, 226, 231)
(210, 227, 233)
(209, 225, 232)
(212, 227, 235)
(210, 226, 234)
(209, 228, 234)
(210, 228, 233)
(214, 228, 235)
(213, 226, 234)
(215, 228, 235)
(215, 227, 232)
(214, 228, 232)
(214, 228, 234)
(214, 228, 234)
(205, 214, 219)
(104, 105, 103)
(82, 77, 70)
(100, 93, 82)
(116, 105, 94)
(126, 113, 102)
(131, 118, 103)
(139, 125, 108)
(144, 127, 113)
(150, 131, 120)
(152, 131, 117)
(154, 132, 119)
(152, 133, 120)
(149, 131, 119)
(147, 129, 116)
(152, 133, 119)
(157, 138, 124)
(159, 139, 127)
(159, 139, 126)
(162, 141, 129)
(167, 147, 137)
(169, 150, 143)
(165, 147, 138)
(151, 132, 122)
(149, 129, 118)
(153, 134, 123)
(155, 137, 127)
(156, 137, 129)
(161, 141, 132)
(160, 141, 133)
(158, 141, 134)
(161, 143, 137)
(163, 144, 138)
(169, 149, 142)
(173, 152, 146)
(176, 156, 150)
(177, 158, 152)
(175, 156, 150)
(175, 156, 148)
(173, 154, 145)
(173, 154, 146)
(170, 152, 146)
(169, 152, 145)
(167, 151, 141)
(162, 145, 134)
(158, 140, 128)
(155, 136, 125)
(154, 132, 123)
(156, 131, 122)
(149, 123, 114)
(141, 116, 105)
(134, 111, 99)
(132, 109, 98)
(139, 114, 104)
(149, 123, 113)
(156, 129, 118)
(162, 135, 123)
(170, 143, 130)
(173, 148, 138)
(176, 152, 142)
(181, 157, 147)
(183, 159, 149)
(187, 163, 153)
(189, 165, 155)
(188, 166, 154)
(190, 173, 155)
(197, 180, 167)
(199, 182, 171)
(200, 184, 170)
(203, 187, 171)
(204, 188, 173)
(207, 189, 178)
(206, 187, 178)
(207, 188, 178)
(207, 190, 178)
(207, 190, 176)
(205, 188, 171)
(203, 184, 167)
(191, 175, 158)
(164, 158, 147)
(137, 138, 142)
(127, 131, 142)
(125, 132, 142)
(189, 210, 217)
(189, 213, 219)
(190, 215, 221)
(190, 213, 221)
(193, 214, 223)
(192, 214, 221)
(194, 215, 222)
(196, 214, 221)
(195, 215, 222)
(194, 213, 220)
(200, 215, 224)
(201, 215, 224)
(201, 216, 224)
(199, 217, 224)
(200, 219, 226)
(201, 219, 227)
(202, 219, 227)
(203, 220, 228)
(201, 219, 225)
(203, 222, 226)
(202, 222, 227)
(203, 223, 229)
(202, 224, 229)
(202, 224, 229)
(202, 224, 229)
(205, 226, 232)
(206, 225, 231)
(208, 224, 231)
(209, 224, 231)
(212, 225, 233)
(211, 226, 232)
(209, 226, 231)
(209, 226, 231)
(209, 224, 230)
(213, 227, 234)
(212, 227, 233)
(211, 229, 233)
(210, 229, 232)
(212, 229, 233)
(213, 226, 232)
(215, 229, 235)
(214, 228, 233)
(215, 228, 233)
(215, 229, 235)
(216, 228, 234)
(172, 177, 181)
(84, 79, 78)
(91, 79, 72)
(105, 97, 85)
(119, 108, 97)
(127, 112, 102)
(136, 117, 104)
(141, 123, 106)
(145, 127, 112)
(151, 131, 119)
(153, 130, 117)
(154, 132, 119)
(152, 131, 119)
(147, 128, 116)
(145, 126, 113)
(147, 126, 113)
(152, 132, 119)
(156, 133, 122)
(155, 133, 119)
(157, 135, 121)
(164, 143, 130)
(166, 145, 135)
(156, 137, 127)
(144, 123, 113)
(142, 119, 108)
(148, 127, 115)
(152, 132, 121)
(153, 132, 122)
(156, 134, 124)
(152, 132, 121)
(151, 132, 122)
(155, 136, 128)
(159, 139, 131)
(163, 143, 134)
(167, 147, 139)
(168, 150, 142)
(170, 153, 146)
(171, 153, 147)
(170, 151, 144)
(169, 149, 141)
(170, 149, 140)
(168, 148, 140)
(166, 147, 139)
(163, 145, 136)
(156, 138, 126)
(150, 131, 120)
(149, 129, 118)
(149, 126, 116)
(149, 122, 112)
(139, 112, 100)
(132, 106, 92)
(131, 104, 91)
(133, 107, 94)
(140, 113, 102)
(148, 122, 110)
(157, 133, 119)
(163, 137, 124)
(169, 142, 129)
(173, 148, 136)
(177, 153, 141)
(181, 157, 145)
(184, 160, 148)
(186, 162, 150)
(184, 160, 148)
(185, 161, 148)
(188, 167, 150)
(194, 175, 162)
(196, 178, 167)
(197, 181, 164)
(201, 186, 165)
(203, 185, 169)
(206, 186, 175)
(208, 187, 179)
(207, 187, 178)
(205, 187, 176)
(204, 188, 174)
(201, 183, 167)
(200, 180, 164)
(184, 169, 154)
(153, 152, 145)
(131, 137, 142)
(127, 133, 143)
(126, 132, 142)
(190, 210, 215)
(191, 213, 217)
(192, 214, 220)
(192, 214, 220)
(194, 215, 222)
(192, 214, 221)
(194, 215, 222)
(197, 214, 222)
(197, 215, 222)
(196, 214, 222)
(202, 216, 225)
(203, 215, 224)
(201, 216, 225)
(199, 217, 225)
(202, 219, 227)
(204, 221, 229)
(204, 221, 229)
(204, 221, 229)
(203, 220, 227)
(203, 222, 227)
(203, 221, 227)
(205, 223, 228)
(204, 223, 229)
(203, 225, 230)
(201, 224, 229)
(204, 226, 231)
(204, 225, 231)
(207, 225, 232)
(211, 225, 232)
(213, 226, 234)
(213, 227, 233)
(210, 227, 231)
(210, 227, 231)
(209, 226, 230)
(214, 228, 234)
(213, 228, 233)
(212, 230, 233)
(211, 230, 233)
(213, 230, 233)
(213, 227, 231)
(215, 230, 234)
(215, 230, 235)
(215, 230, 235)
(216, 230, 237)
(213, 224, 229)
(126, 127, 131)
(83, 74, 71)
(101, 85, 77)
(112, 102, 90)
(123, 111, 102)
(133, 115, 106)
(141, 121, 107)
(147, 127, 109)
(150, 129, 114)
(153, 130, 118)
(155, 130, 118)
(154, 131, 118)
(151, 128, 117)
(147, 126, 115)
(144, 123, 112)
(143, 122, 110)
(146, 123, 111)
(147, 122, 110)
(150, 124, 110)
(153, 128, 113)
(158, 136, 120)
(158, 138, 124)
(147, 127, 116)
(135, 113, 102)
(134, 108, 97)
(142, 118, 107)
(147, 125, 114)
(150, 127, 117)
(148, 125, 114)
(147, 126, 114)
(149, 128, 118)
(152, 131, 122)
(156, 135, 126)
(159, 139, 128)
(161, 143, 133)
(164, 147, 138)
(166, 151, 142)
(168, 151, 144)
(169, 149, 142)
(168, 147, 137)
(167, 146, 134)
(164, 142, 132)
(162, 141, 132)
(157, 138, 129)
(150, 131, 120)
(145, 125, 114)
(144, 123, 112)
(142, 119, 108)
(139, 112, 101)
(130, 103, 90)
(128, 101, 87)
(131, 102, 88)
(135, 106, 93)
(141, 113, 100)
(151, 126, 112)
(160, 137, 122)
(164, 140, 125)
(167, 142, 127)
(172, 146, 134)
(173, 149, 136)
(179, 154, 141)
(183, 159, 146)
(184, 160, 147)
(182, 156, 144)
(183, 158, 144)
(185, 162, 146)
(189, 169, 156)
(192, 175, 161)
(193, 178, 159)
(196, 181, 160)
(199, 182, 164)
(204, 183, 173)
(206, 185, 178)
(206, 186, 177)
(202, 184, 173)
(198, 183, 170)
(199, 181, 167)
(195, 176, 161)
(177, 164, 152)
(142, 144, 142)
(128, 136, 143)
(128, 136, 146)
(129, 134, 145)
(193, 212, 218)
(194, 214, 220)
(194, 214, 220)
(194, 212, 219)
(197, 214, 222)
(194, 214, 221)
(194, 216, 222)
(197, 215, 222)
(198, 215, 224)
(198, 215, 224)
(201, 217, 226)
(202, 216, 225)
(203, 218, 227)
(202, 218, 227)
(203, 220, 228)
(203, 220, 228)
(202, 221, 228)
(203, 221, 228)
(203, 221, 228)
(204, 223, 229)
(205, 223, 228)
(205, 223, 228)
(202, 223, 229)
(203, 225, 231)
(204, 226, 232)
(205, 226, 231)
(204, 226, 231)
(209, 228, 235)
(210, 226, 233)
(211, 226, 233)
(211, 226, 232)
(211, 226, 233)
(211, 227, 233)
(211, 227, 233)
(216, 229, 236)
(214, 228, 234)
(214, 230, 234)
(212, 228, 233)
(215, 230, 236)
(214, 229, 234)
(215, 230, 234)
(213, 230, 234)
(216, 229, 236)
(217, 229, 236)
(188, 199, 202)
(87, 89, 85)
(89, 79, 72)
(108, 92, 84)
(119, 106, 98)
(129, 115, 106)
(137, 120, 110)
(143, 125, 112)
(148, 128, 114)
(152, 128, 117)
(155, 128, 120)
(156, 129, 121)
(151, 128, 118)
(149, 126, 116)
(147, 124, 113)
(143, 123, 112)
(138, 118, 106)
(137, 114, 103)
(139, 114, 101)
(142, 114, 103)
(145, 118, 107)
(147, 127, 114)
(144, 129, 113)
(136, 116, 105)
(126, 101, 91)
(128, 100, 89)
(136, 110, 100)
(141, 116, 107)
(142, 118, 110)
(142, 118, 108)
(144, 124, 112)
(147, 127, 115)
(151, 128, 119)
(154, 129, 122)
(157, 135, 126)
(156, 139, 129)
(159, 145, 135)
(163, 148, 140)
(165, 149, 143)
(165, 148, 139)
(164, 145, 133)
(163, 141, 128)
(157, 135, 122)
(155, 133, 122)
(150, 129, 121)
(144, 124, 115)
(142, 122, 111)
(139, 117, 106)
(133, 109, 99)
(129, 102, 95)
(125, 97, 89)
(125, 98, 86)
(129, 100, 87)
(135, 105, 92)
(143, 115, 103)
(152, 126, 114)
(158, 134, 121)
(162, 138, 124)
(167, 141, 127)
(170, 145, 132)
(172, 145, 132)
(177, 151, 138)
(178, 156, 143)
(177, 158, 145)
(179, 156, 145)
(183, 156, 146)
(180, 159, 145)
(185, 166, 152)
(187, 170, 155)
(191, 175, 157)
(193, 177, 159)
(196, 179, 164)
(201, 182, 173)
(205, 185, 177)
(206, 184, 172)
(201, 182, 171)
(195, 180, 171)
(196, 180, 170)
(192, 175, 164)
(170, 161, 154)
(138, 141, 142)
(130, 136, 144)
(128, 135, 146)
(129, 134, 146)
(195, 213, 221)
(195, 214, 221)
(195, 214, 222)
(196, 213, 221)
(198, 214, 222)
(195, 213, 221)
(194, 216, 222)
(197, 215, 223)
(198, 215, 224)
(198, 215, 225)
(201, 217, 226)
(200, 217, 225)
(203, 219, 228)
(204, 219, 230)
(204, 221, 229)
(203, 221, 229)
(203, 222, 229)
(203, 222, 229)
(203, 222, 229)
(205, 224, 231)
(205, 223, 229)
(206, 224, 229)
(202, 223, 229)
(202, 224, 230)
(205, 226, 232)
(208, 226, 232)
(207, 226, 233)
(210, 228, 235)
(210, 227, 234)
(211, 226, 233)
(211, 226, 233)
(213, 228, 235)
(214, 229, 236)
(213, 227, 235)
(216, 229, 237)
(215, 228, 235)
(215, 229, 234)
(215, 230, 235)
(216, 231, 238)
(216, 231, 237)
(215, 231, 236)
(213, 229, 235)
(216, 229, 237)
(216, 227, 234)
(138, 148, 146)
(76, 75, 68)
(97, 86, 76)
(117, 103, 93)
(126, 112, 104)
(136, 121, 112)
(141, 124, 113)
(146, 129, 115)
(154, 134, 122)
(154, 131, 121)
(157, 129, 122)
(157, 129, 123)
(148, 124, 116)
(146, 123, 113)
(145, 121, 111)
(140, 120, 109)
(134, 116, 103)
(131, 110, 97)
(133, 110, 94)
(134, 106, 96)
(137, 109, 101)
(135, 115, 103)
(131, 115, 100)
(127, 105, 94)
(122, 94, 87)
(125, 96, 87)
(131, 104, 95)
(135, 110, 101)
(136, 113, 104)
(136, 114, 105)
(139, 120, 109)
(141, 122, 110)
(148, 124, 115)
(151, 125, 119)
(155, 132, 124)
(156, 138, 128)
(157, 142, 132)
(163, 146, 139)
(162, 146, 138)
(158, 142, 132)
(158, 139, 127)
(154, 133, 120)
(148, 125, 113)
(145, 122, 111)
(142, 119, 111)
(139, 117, 109)
(138, 116, 106)
(132, 108, 97)
(125, 99, 89)
(124, 96, 90)
(122, 94, 87)
(124, 96, 87)
(131, 104, 92)
(140, 112, 100)
(150, 123, 112)
(153, 127, 116)
(156, 131, 118)
(162, 135, 122)
(163, 137, 123)
(165, 140, 127)
(170, 144, 130)
(173, 148, 134)
(174, 155, 140)
(172, 155, 141)
(173, 152, 140)
(179, 153, 143)
(179, 159, 145)
(182, 163, 149)
(184, 167, 151)
(188, 172, 154)
(191, 174, 157)
(194, 177, 162)
(200, 183, 172)
(202, 182, 173)
(204, 182, 169)
(199, 181, 170)
(195, 182, 172)
(195, 180, 169)
(186, 171, 162)
(160, 154, 150)
(136, 139, 143)
(131, 135, 144)
(127, 134, 144)
(128, 135, 146)
(194, 211, 221)
(195, 214, 223)
(195, 214, 223)
(196, 213, 222)
(197, 214, 222)
(195, 214, 221)
(195, 215, 222)
(197, 215, 224)
(199, 217, 226)
(197, 216, 226)
(199, 218, 226)
(199, 217, 225)
(202, 219, 228)
(204, 220, 230)
(204, 221, 229)
(203, 221, 228)
(202, 222, 229)
(203, 223, 230)
(203, 223, 230)
(204, 224, 230)
(205, 223, 229)
(208, 224, 230)
(205, 224, 231)
(207, 226, 233)
(208, 226, 232)
(211, 227, 234)
(209, 226, 233)
(209, 226, 234)
(209, 226, 233)
(211, 227, 234)
(212, 226, 234)
(214, 228, 236)
(215, 228, 236)
(214, 227, 235)
(216, 229, 237)
(216, 229, 235)
(216, 231, 235)
(216, 231, 236)
(217, 231, 238)
(216, 230, 238)
(216, 231, 236)
(215, 229, 237)
(216, 230, 237)
(195, 207, 210)
(93, 97, 95)
(85, 79, 70)
(108, 97, 85)
(124, 111, 99)
(132, 116, 106)
(143, 125, 114)
(148, 129, 116)
(152, 134, 120)
(159, 141, 128)
(159, 138, 128)
(160, 135, 127)
(158, 131, 125)
(148, 124, 116)
(145, 121, 112)
(144, 120, 110)
(137, 117, 105)
(128, 111, 97)
(127, 108, 92)
(126, 105, 87)
(128, 102, 89)
(131, 104, 94)
(130, 106, 94)
(127, 105, 92)
(122, 96, 86)
(123, 94, 87)
(126, 99, 91)
(127, 102, 93)
(130, 107, 96)
(134, 111, 100)
(134, 113, 102)
(132, 113, 102)
(133, 113, 102)
(142, 117, 107)
(147, 121, 114)
(154, 130, 121)
(156, 137, 125)
(156, 139, 127)
(160, 142, 132)
(155, 137, 128)
(150, 134, 123)
(149, 129, 118)
(145, 123, 112)
(143, 119, 108)
(138, 115, 104)
(135, 112, 102)
(135, 111, 101)
(133, 109, 98)
(126, 100, 88)
(124, 95, 85)
(122, 93, 85)
(126, 97, 88)
(134, 106, 95)
(141, 115, 102)
(149, 124, 111)
(152, 126, 115)
(152, 125, 114)
(156, 128, 116)
(160, 130, 118)
(162, 133, 120)
(162, 137, 123)
(164, 141, 127)
(166, 144, 130)
(170, 152, 136)
(170, 153, 137)
(170, 149, 136)
(173, 150, 138)
(177, 156, 143)
(180, 161, 147)
(184, 165, 150)
(186, 168, 151)
(189, 170, 153)
(195, 175, 161)
(200, 181, 170)
(198, 179, 168)
(200, 180, 168)
(198, 182, 171)
(197, 182, 171)
(193, 179, 166)
(179, 170, 158)
(150, 150, 147)
(130, 137, 142)
(128, 136, 145)
(128, 137, 148)
(128, 136, 148)
(194, 212, 222)
(195, 214, 223)
(195, 215, 224)
(196, 214, 224)
(197, 214, 223)
(196, 215, 222)
(196, 216, 223)
(197, 216, 224)
(198, 217, 227)
(197, 218, 227)
(198, 219, 227)
(199, 218, 225)
(202, 220, 229)
(203, 220, 230)
(203, 221, 229)
(203, 222, 229)
(203, 223, 230)
(203, 223, 230)
(203, 223, 230)
(204, 224, 230)
(205, 223, 229)
(209, 225, 231)
(206, 224, 231)
(208, 226, 233)
(209, 225, 232)
(212, 228, 234)
(211, 226, 234)
(210, 226, 234)
(209, 226, 233)
(212, 228, 235)
(215, 229, 237)
(216, 229, 237)
(215, 228, 236)
(215, 228, 236)
(217, 230, 237)
(216, 229, 235)
(217, 231, 235)
(216, 230, 235)
(216, 231, 238)
(215, 229, 238)
(217, 231, 238)
(217, 229, 238)
(218, 231, 237)
(148, 157, 157)
(86, 83, 78)
(98, 88, 77)
(119, 108, 94)
(132, 119, 105)
(140, 124, 111)
(150, 131, 118)
(154, 135, 121)
(160, 141, 127)
(167, 148, 134)
(166, 145, 134)
(164, 140, 131)
(159, 134, 126)
(151, 128, 118)
(146, 122, 113)
(143, 118, 108)
(136, 115, 103)
(126, 108, 94)
(124, 104, 88)
(123, 102, 84)
(125, 102, 87)
(128, 102, 90)
(131, 102, 91)
(130, 100, 89)
(123, 93, 82)
(124, 95, 85)
(125, 101, 92)
(126, 103, 93)
(128, 105, 92)
(132, 107, 94)
(132, 107, 96)
(128, 104, 95)
(131, 107, 98)
(137, 111, 102)
(145, 118, 109)
(154, 128, 119)
(157, 136, 123)
(156, 137, 123)
(151, 132, 120)
(145, 127, 115)
(142, 124, 112)
(140, 119, 108)
(139, 115, 105)
(139, 115, 104)
(136, 112, 100)
(133, 109, 97)
(131, 106, 95)
(131, 103, 92)
(124, 96, 83)
(123, 93, 82)
(127, 98, 88)
(135, 107, 96)
(142, 115, 103)
(145, 119, 107)
(148, 124, 112)
(150, 125, 113)
(150, 124, 112)
(154, 125, 113)
(158, 127, 115)
(162, 129, 117)
(162, 135, 121)
(163, 140, 126)
(162, 142, 126)
(164, 145, 129)
(169, 149, 133)
(170, 149, 134)
(172, 152, 138)
(177, 156, 143)
(180, 159, 146)
(184, 163, 149)
(187, 167, 150)
(191, 170, 154)
(196, 175, 160)
(200, 179, 166)
(197, 179, 166)
(197, 179, 167)
(197, 181, 170)
(197, 181, 167)
(191, 176, 162)
(171, 166, 155)
(140, 145, 143)
(127, 137, 144)
(128, 139, 149)
(127, 138, 150)
(129, 138, 149)
(196, 214, 225)
(196, 214, 225)
(196, 215, 224)
(195, 213, 223)
(198, 215, 225)
(197, 216, 223)
(198, 216, 223)
(198, 217, 225)
(199, 217, 228)
(197, 219, 228)
(197, 219, 226)
(199, 220, 227)
(202, 221, 231)
(204, 222, 232)
(204, 222, 230)
(203, 222, 229)
(203, 222, 229)
(203, 223, 230)
(203, 223, 230)
(204, 224, 231)
(205, 223, 230)
(209, 225, 232)
(207, 225, 232)
(209, 226, 234)
(210, 226, 233)
(213, 229, 234)
(212, 228, 235)
(212, 228, 236)
(210, 226, 233)
(212, 228, 235)
(215, 228, 236)
(216, 228, 236)
(216, 229, 237)
(216, 229, 237)
(218, 230, 238)
(217, 229, 236)
(216, 230, 235)
(215, 230, 235)
(217, 231, 239)
(216, 230, 239)
(217, 232, 240)
(217, 229, 238)
(204, 214, 219)
(106, 109, 107)
(95, 88, 80)
(108, 98, 85)
(129, 119, 103)
(141, 126, 112)
(148, 132, 117)
(155, 137, 122)
(160, 140, 125)
(168, 148, 134)
(173, 152, 139)
(170, 147, 136)
(167, 142, 133)
(161, 138, 128)
(154, 133, 123)
(151, 128, 118)
(144, 118, 109)
(134, 111, 100)
(128, 106, 92)
(126, 101, 85)
(123, 101, 84)
(125, 102, 87)
(129, 102, 90)
(132, 101, 90)
(129, 95, 84)
(124, 91, 79)
(127, 96, 84)
(125, 99, 90)
(123, 98, 86)
(125, 99, 85)
(128, 100, 85)
(130, 100, 88)
(129, 99, 91)
(133, 105, 96)
(137, 110, 101)
(144, 116, 107)
(151, 125, 115)
(153, 129, 116)
(148, 126, 112)
(141, 121, 108)
(139, 119, 107)
(138, 118, 106)
(138, 115, 105)
(137, 113, 103)
(137, 112, 102)
(136, 111, 98)
(132, 107, 93)
(128, 102, 89)
(127, 99, 87)
(121, 92, 80)
(123, 94, 82)
(135, 106, 94)
(141, 113, 101)
(143, 118, 104)
(145, 120, 108)
(147, 121, 110)
(147, 122, 110)
(150, 124, 111)
(154, 126, 113)
(156, 126, 113)
(161, 129, 116)
(162, 133, 120)
(162, 138, 124)
(159, 138, 123)
(162, 140, 124)
(166, 143, 127)
(170, 147, 132)
(172, 151, 136)
(177, 155, 142)
(179, 157, 145)
(186, 163, 151)
(192, 170, 155)
(195, 173, 158)
(199, 176, 162)
(202, 178, 166)
(200, 180, 166)
(198, 180, 169)
(196, 179, 169)
(195, 177, 163)
(187, 172, 158)
(161, 158, 150)
(138, 145, 147)
(131, 140, 150)
(130, 140, 152)
(128, 138, 150)
(127, 138, 149)
(196, 214, 225)
(197, 215, 226)
(198, 216, 226)
(196, 215, 224)
(197, 216, 224)
(198, 216, 224)
(200, 217, 225)
(200, 218, 226)
(199, 218, 227)
(197, 218, 227)
(198, 221, 228)
(199, 220, 227)
(204, 222, 231)
(204, 222, 232)
(204, 223, 231)
(205, 224, 231)
(204, 223, 230)
(204, 224, 231)
(203, 223, 230)
(204, 224, 231)
(206, 224, 231)
(208, 225, 232)
(207, 225, 233)
(209, 227, 234)
(210, 227, 233)
(214, 229, 235)
(211, 227, 234)
(211, 228, 235)
(212, 228, 235)
(214, 229, 236)
(216, 229, 237)
(217, 230, 238)
(218, 231, 239)
(216, 229, 237)
(217, 230, 238)
(218, 231, 238)
(218, 231, 237)
(216, 231, 237)
(217, 231, 239)
(217, 231, 239)
(217, 232, 239)
(218, 230, 236)
(166, 172, 175)
(96, 91, 87)
(106, 95, 85)
(121, 112, 96)
(139, 130, 113)
(151, 135, 120)
(156, 140, 123)
(162, 145, 128)
(169, 148, 133)
(175, 153, 139)
(176, 154, 141)
(173, 147, 138)
(168, 142, 132)
(163, 142, 130)
(157, 139, 126)
(153, 131, 120)
(146, 118, 109)
(133, 107, 96)
(129, 103, 90)
(129, 100, 86)
(127, 101, 88)
(129, 103, 90)
(131, 103, 92)
(130, 99, 89)
(128, 95, 83)
(124, 92, 76)
(125, 91, 77)
(122, 88, 78)
(120, 89, 76)
(121, 91, 75)
(124, 93, 78)
(127, 95, 83)
(132, 102, 92)
(139, 111, 101)
(143, 116, 105)
(145, 117, 108)
(147, 120, 109)
(146, 120, 107)
(141, 117, 104)
(136, 114, 102)
(136, 116, 104)
(137, 115, 104)
(137, 113, 103)
(136, 111, 102)
(136, 110, 99)
(133, 106, 94)
(129, 103, 88)
(126, 101, 86)
(121, 95, 81)
(122, 94, 82)
(132, 104, 92)
(139, 112, 99)
(139, 115, 101)
(140, 116, 103)
(142, 115, 106)
(142, 114, 105)
(144, 117, 106)
(148, 121, 109)
(151, 124, 111)
(153, 125, 111)
(157, 128, 114)
(159, 131, 118)
(161, 135, 121)
(161, 136, 122)
(162, 136, 121)
(165, 139, 124)
(170, 147, 131)
(176, 154, 139)
(184, 159, 146)
(184, 159, 148)
(188, 164, 153)
(194, 170, 157)
(198, 175, 161)
(202, 178, 166)
(202, 178, 167)
(201, 180, 166)
(199, 182, 170)
(198, 179, 168)
(194, 174, 161)
(179, 167, 155)
(151, 151, 148)
(136, 144, 148)
(131, 142, 153)
(131, 141, 154)
(129, 140, 153)
(128, 140, 151)
(196, 214, 226)
(198, 214, 227)
(198, 215, 226)
(198, 217, 226)
(196, 217, 224)
(198, 217, 224)
(201, 218, 226)
(201, 218, 226)
(201, 220, 229)
(198, 219, 228)
(199, 222, 229)
(200, 220, 227)
(204, 222, 230)
(204, 222, 231)
(204, 223, 231)
(204, 223, 230)
(205, 224, 231)
(206, 225, 232)
(205, 223, 231)
(207, 224, 232)
(207, 224, 232)
(208, 226, 233)
(207, 226, 233)
(210, 228, 234)
(211, 228, 232)
(214, 229, 234)
(211, 227, 234)
(212, 228, 236)
(213, 228, 235)
(215, 230, 237)
(217, 230, 238)
(217, 230, 238)
(218, 231, 239)
(217, 230, 238)
(218, 231, 240)
(218, 232, 239)
(218, 233, 238)
(216, 231, 237)
(217, 231, 239)
(218, 231, 239)
(219, 232, 238)
(209, 220, 223)
(118, 120, 119)
(98, 89, 82)
(116, 103, 91)
(130, 122, 104)
(146, 136, 119)
(159, 142, 126)
(165, 147, 130)
(171, 152, 136)
(178, 156, 141)
(181, 158, 143)
(180, 156, 143)
(176, 149, 138)
(170, 143, 133)
(163, 143, 129)
(160, 143, 128)
(156, 133, 122)
(150, 121, 112)
(137, 108, 99)
(132, 103, 91)
(133, 102, 89)
(132, 103, 91)
(133, 104, 91)
(133, 102, 91)
(128, 99, 88)
(124, 94, 83)
(119, 87, 73)
(119, 81, 67)
(122, 81, 71)
(124, 86, 74)
(124, 91, 76)
(126, 94, 79)
(132, 103, 89)
(137, 112, 99)
(146, 121, 109)
(150, 124, 112)
(146, 120, 109)
(143, 117, 106)
(141, 114, 102)
(138, 113, 100)
(134, 113, 101)
(136, 113, 103)
(136, 112, 102)
(133, 108, 98)
(134, 108, 98)
(134, 106, 95)
(132, 104, 90)
(126, 99, 84)
(120, 94, 79)
(117, 93, 79)
(129, 103, 91)
(138, 111, 99)
(139, 114, 100)
(137, 113, 98)
(136, 113, 101)
(140, 113, 104)
(141, 112, 104)
(142, 116, 106)
(144, 119, 106)
(147, 121, 108)
(147, 121, 107)
(151, 123, 109)
(155, 128, 115)
(158, 130, 118)
(161, 133, 120)
(161, 134, 121)
(165, 140, 126)
(173, 150, 136)
(180, 157, 144)
(188, 162, 150)
(189, 162, 152)
(190, 164, 154)
(194, 170, 158)
(200, 176, 164)
(204, 181, 170)
(203, 179, 170)
(201, 181, 168)
(199, 182, 171)
(199, 180, 167)
(188, 171, 157)
(171, 163, 155)
(145, 148, 149)
(134, 141, 148)
(132, 141, 152)
(132, 141, 155)
(131, 141, 155)
(131, 142, 153)
(198, 215, 227)
(200, 215, 227)
(200, 216, 226)
(197, 218, 226)
(195, 217, 224)
(197, 217, 224)
(202, 218, 226)
(203, 219, 228)
(203, 220, 230)
(200, 219, 228)
(200, 221, 229)
(201, 221, 228)
(206, 222, 231)
(206, 222, 232)
(205, 223, 231)
(205, 224, 231)
(206, 225, 232)
(206, 225, 232)
(207, 223, 231)
(210, 225, 233)
(210, 225, 233)
(209, 226, 233)
(208, 226, 233)
(210, 228, 234)
(212, 228, 233)
(215, 229, 235)
(213, 228, 235)
(214, 230, 237)
(215, 230, 237)
(216, 231, 238)
(218, 231, 239)
(218, 231, 239)
(218, 231, 239)
(218, 231, 239)
(218, 232, 240)
(217, 232, 239)
(218, 233, 239)
(218, 232, 239)
(219, 232, 241)
(218, 230, 239)
(220, 231, 238)
(171, 179, 179)
(91, 89, 84)
(103, 93, 83)
(124, 113, 98)
(140, 130, 113)
(155, 142, 125)
(163, 146, 129)
(170, 151, 134)
(182, 159, 144)
(186, 161, 147)
(184, 159, 145)
(181, 157, 144)
(179, 153, 142)
(174, 147, 136)
(169, 148, 133)
(165, 146, 131)
(161, 136, 125)
(154, 123, 115)
(141, 112, 102)
(133, 105, 93)
(135, 104, 90)
(135, 104, 90)
(137, 103, 89)
(132, 100, 88)
(126, 99, 89)
(108, 84, 74)
(100, 69, 58)
(114, 76, 63)
(123, 84, 71)
(127, 92, 78)
(127, 95, 80)
(130, 100, 86)
(137, 110, 97)
(142, 119, 107)
(146, 123, 111)
(147, 122, 109)
(142, 117, 105)
(140, 114, 102)
(139, 112, 99)
(138, 112, 100)
(134, 113, 101)
(132, 110, 101)
(133, 107, 98)
(132, 106, 95)
(132, 106, 94)
(134, 106, 93)
(129, 101, 87)
(123, 96, 81)
(120, 95, 81)
(124, 99, 87)
(137, 110, 100)
(141, 114, 103)
(139, 113, 99)
(136, 111, 97)
(136, 112, 101)
(138, 112, 105)
(139, 113, 105)
(140, 115, 105)
(141, 117, 104)
(143, 118, 104)
(145, 119, 105)
(148, 121, 108)
(149, 124, 112)
(155, 126, 114)
(160, 130, 117)
(162, 135, 122)
(165, 142, 129)
(171, 149, 137)
(181, 156, 145)
(188, 160, 149)
(188, 160, 151)
(189, 163, 153)
(194, 170, 158)
(199, 177, 164)
(203, 181, 171)
(201, 180, 171)
(198, 180, 168)
(197, 182, 169)
(195, 178, 163)
(183, 169, 155)
(160, 157, 153)
(139, 144, 150)
(137, 142, 151)
(138, 141, 155)
(137, 141, 157)
(134, 141, 156)
(132, 141, 154)
(197, 214, 226)
(200, 215, 227)
(200, 216, 226)
(198, 219, 226)
(195, 218, 224)
(199, 219, 226)
(203, 220, 227)
(204, 218, 226)
(203, 220, 229)
(201, 220, 230)
(201, 221, 229)
(202, 221, 227)
(207, 223, 232)
(206, 222, 232)
(205, 223, 231)
(207, 225, 233)
(206, 225, 232)
(206, 224, 232)
(209, 224, 232)
(212, 225, 234)
(212, 225, 234)
(212, 227, 235)
(210, 227, 235)
(212, 228, 235)
(214, 228, 233)
(216, 229, 235)
(215, 229, 237)
(215, 230, 238)
(215, 230, 237)
(216, 231, 238)
(217, 230, 239)
(218, 231, 239)
(218, 231, 239)
(217, 230, 238)
(217, 231, 240)
(217, 231, 240)
(218, 233, 240)
(218, 232, 239)
(220, 232, 241)
(220, 231, 239)
(208, 217, 223)
(117, 122, 120)
(93, 88, 80)
(109, 100, 87)
(130, 120, 105)
(149, 135, 121)
(161, 144, 130)
(165, 149, 132)
(177, 156, 140)
(190, 165, 151)
(190, 162, 149)
(187, 161, 148)
(184, 160, 147)
(182, 157, 145)
(176, 151, 139)
(174, 150, 135)
(168, 146, 131)
(164, 137, 126)
(159, 126, 118)
(144, 115, 105)
(136, 107, 95)
(136, 104, 91)
(135, 101, 86)
(132, 95, 81)
(125, 92, 79)
(97, 71, 62)
(61, 38, 31)
(72, 42, 34)
(102, 66, 55)
(117, 84, 69)
(122, 92, 77)
(124, 94, 81)
(130, 101, 89)
(134, 105, 95)
(138, 112, 102)
(141, 117, 105)
(143, 118, 105)
(140, 116, 103)
(137, 111, 99)
(137, 109, 97)
(136, 110, 99)
(132, 111, 100)
(129, 107, 98)
(131, 106, 97)
(132, 105, 94)
(132, 104, 92)
(131, 103, 89)
(125, 97, 83)
(122, 94, 79)
(125, 100, 86)
(133, 107, 96)
(139, 112, 103)
(141, 113, 103)
(140, 113, 100)
(136, 110, 98)
(137, 112, 103)
(137, 113, 106)
(138, 113, 105)
(139, 115, 105)
(139, 116, 103)
(141, 116, 102)
(144, 118, 104)
(149, 121, 108)
(147, 124, 112)
(152, 124, 113)
(158, 127, 116)
(163, 135, 123)
(166, 144, 132)
(171, 150, 138)
(179, 154, 144)
(188, 159, 148)
(187, 159, 149)
(189, 163, 154)
(194, 170, 159)
(197, 175, 163)
(198, 177, 168)
(199, 180, 171)
(198, 182, 170)
(195, 180, 167)
(189, 173, 156)
(175, 164, 151)
(150, 152, 151)
(137, 144, 152)
(139, 143, 155)
(140, 143, 157)
(139, 144, 159)
(136, 143, 158)
(134, 142, 156)
(195, 215, 227)
(198, 216, 228)
(198, 214, 227)
(198, 218, 227)
(196, 218, 225)
(199, 219, 226)
(201, 219, 226)
(201, 217, 225)
(203, 220, 228)
(201, 219, 228)
(202, 222, 229)
(202, 222, 229)
(206, 224, 231)
(208, 224, 233)
(208, 225, 233)
(208, 225, 234)
(206, 224, 233)
(207, 224, 233)
(209, 225, 233)
(212, 225, 234)
(212, 225, 233)
(213, 226, 234)
(212, 227, 234)
(214, 229, 235)
(214, 228, 234)
(216, 229, 236)
(217, 230, 238)
(216, 230, 237)
(216, 231, 237)
(216, 231, 238)
(217, 231, 239)
(218, 232, 238)
(217, 232, 238)
(217, 231, 237)
(219, 231, 240)
(218, 232, 240)
(217, 233, 239)
(217, 233, 240)
(221, 232, 241)
(222, 230, 236)
(161, 169, 169)
(101, 99, 94)
(96, 87, 77)
(118, 108, 95)
(143, 130, 114)
(159, 142, 126)
(168, 147, 132)
(173, 154, 137)
(185, 164, 149)
(196, 171, 157)
(194, 167, 154)
(191, 166, 153)
(185, 164, 151)
(182, 157, 146)
(180, 152, 139)
(176, 150, 137)
(170, 143, 129)
(165, 136, 122)
(160, 128, 117)
(146, 116, 105)
(139, 108, 96)
(136, 102, 91)
(129, 93, 82)
(114, 75, 67)
(88, 50, 42)
(56, 22, 14)
(46, 14, 6)
(53, 18, 10)
(74, 35, 26)
(92, 55, 44)
(102, 65, 56)
(111, 73, 66)
(122, 85, 77)
(126, 92, 83)
(132, 103, 90)
(138, 114, 98)
(137, 116, 101)
(137, 115, 101)
(135, 110, 98)
(134, 109, 96)
(133, 108, 96)
(131, 108, 97)
(128, 107, 96)
(129, 107, 95)
(130, 105, 92)
(131, 103, 89)
(125, 98, 84)
(121, 94, 80)
(127, 101, 87)
(134, 111, 97)
(139, 116, 102)
(141, 114, 102)
(141, 113, 101)
(140, 111, 100)
(139, 110, 102)
(138, 112, 105)
(136, 112, 104)
(140, 112, 105)
(140, 112, 104)
(136, 112, 102)
(138, 113, 102)
(142, 116, 102)
(143, 119, 104)
(144, 122, 112)
(151, 125, 116)
(155, 128, 116)
(159, 136, 123)
(166, 144, 132)
(171, 147, 137)
(178, 155, 144)
(186, 160, 149)
(189, 162, 153)
(190, 164, 155)
(192, 167, 157)
(196, 172, 161)
(195, 176, 164)
(197, 180, 169)
(197, 178, 169)
(195, 175, 164)
(186, 168, 156)
(167, 160, 153)
(144, 148, 150)
(134, 144, 152)
(136, 145, 155)
(137, 145, 157)
(137, 145, 158)
(135, 143, 156)
(136, 143, 157)
(193, 216, 226)
(199, 218, 229)
(200, 217, 228)
(200, 219, 229)
(198, 220, 228)
(200, 220, 228)
(202, 219, 228)
(199, 218, 225)
(202, 220, 227)
(202, 221, 228)
(203, 223, 230)
(202, 222, 229)
(205, 223, 231)
(208, 224, 232)
(209, 224, 233)
(208, 224, 233)
(207, 224, 233)
(208, 225, 234)
(209, 225, 233)
(210, 225, 233)
(213, 226, 234)
(215, 228, 235)
(214, 228, 234)
(215, 230, 235)
(214, 229, 235)
(217, 231, 238)
(217, 230, 238)
(217, 231, 238)
(216, 231, 237)
(217, 232, 240)
(217, 232, 240)
(217, 232, 239)
(218, 233, 239)
(217, 232, 238)
(219, 232, 241)
(220, 233, 241)
(219, 234, 240)
(218, 233, 240)
(222, 233, 241)
(202, 209, 212)
(115, 118, 115)
(104, 96, 89)
(110, 98, 87)
(128, 116, 103)
(151, 136, 121)
(166, 147, 130)
(175, 153, 136)
(185, 163, 147)
(194, 173, 159)
(201, 178, 163)
(197, 172, 159)
(194, 171, 158)
(188, 167, 155)
(183, 159, 147)
(182, 153, 140)
(177, 150, 138)
(172, 144, 130)
(168, 138, 123)
(159, 129, 115)
(145, 115, 102)
(138, 105, 94)
(130, 95, 85)
(108, 71, 62)
(85, 45, 40)
(72, 29, 25)
(68, 25, 19)
(68, 24, 16)
(71, 26, 18)
(78, 32, 25)
(89, 44, 37)
(101, 57, 52)
(109, 66, 61)
(118, 76, 70)
(124, 87, 77)
(131, 101, 87)
(137, 112, 96)
(138, 116, 101)
(137, 114, 101)
(136, 111, 98)
(133, 109, 96)
(131, 108, 95)
(130, 107, 95)
(128, 108, 96)
(128, 108, 94)
(129, 104, 91)
(126, 98, 85)
(122, 95, 82)
(128, 102, 89)
(138, 113, 101)
(144, 120, 107)
(144, 120, 106)
(142, 116, 102)
(140, 113, 100)
(140, 111, 101)
(137, 109, 101)
(137, 111, 104)
(137, 114, 105)
(140, 111, 103)
(137, 108, 100)
(135, 111, 101)
(138, 114, 103)
(144, 118, 104)
(142, 119, 104)
(145, 123, 115)
(153, 127, 118)
(155, 131, 119)
(156, 136, 122)
(166, 142, 132)
(172, 146, 137)
(175, 153, 142)
(183, 160, 149)
(187, 164, 154)
(189, 164, 154)
(190, 165, 155)
(195, 172, 160)
(196, 178, 164)
(196, 180, 168)
(195, 177, 169)
(192, 172, 163)
(180, 164, 156)
(160, 156, 153)
(143, 148, 152)
(134, 145, 153)
(135, 145, 155)
(136, 147, 157)
(135, 146, 156)
(136, 146, 157)
(139, 146, 159)
(194, 217, 224)
(199, 219, 226)
(200, 219, 227)
(199, 219, 227)
(200, 220, 229)
(201, 220, 230)
(202, 220, 230)
(200, 219, 227)
(202, 221, 228)
(202, 221, 228)
(204, 224, 231)
(203, 223, 230)
(206, 224, 232)
(208, 224, 232)
(209, 224, 233)
(208, 225, 233)
(207, 225, 233)
(208, 225, 233)
(211, 227, 235)
(211, 226, 234)
(213, 226, 234)
(216, 229, 236)
(214, 228, 234)
(216, 230, 235)
(216, 230, 236)
(217, 230, 237)
(216, 229, 237)
(216, 230, 238)
(216, 230, 238)
(217, 231, 240)
(218, 231, 240)
(217, 231, 239)
(219, 233, 241)
(217, 231, 239)
(218, 232, 240)
(221, 233, 241)
(221, 233, 241)
(220, 232, 240)
(219, 229, 234)
(147, 151, 151)
(108, 105, 98)
(111, 99, 89)
(119, 105, 93)
(138, 125, 111)
(158, 142, 127)
(170, 150, 135)
(180, 157, 141)
(191, 169, 152)
(199, 180, 164)
(204, 183, 167)
(199, 176, 161)
(192, 171, 157)
(188, 168, 154)
(183, 159, 147)
(181, 153, 141)
(177, 149, 137)
(173, 146, 132)
(168, 142, 125)
(158, 131, 115)
(142, 113, 99)
(129, 97, 85)
(108, 75, 62)
(90, 56, 45)
(85, 46, 39)
(87, 42, 37)
(90, 42, 37)
(94, 44, 37)
(96, 44, 38)
(98, 48, 43)
(103, 56, 51)
(110, 65, 60)
(115, 71, 65)
(124, 83, 76)
(130, 93, 83)
(134, 104, 91)
(139, 112, 98)
(142, 116, 101)
(139, 113, 99)
(135, 109, 96)
(133, 109, 94)
(129, 107, 92)
(127, 107, 93)
(128, 108, 95)
(126, 104, 93)
(124, 98, 88)
(123, 96, 85)
(128, 103, 91)
(137, 112, 101)
(146, 121, 111)
(150, 125, 112)
(147, 121, 108)
(144, 117, 105)
(140, 113, 102)
(138, 112, 102)
(135, 111, 102)
(134, 113, 104)
(136, 115, 104)
(136, 111, 101)
(134, 107, 98)
(134, 110, 100)
(142, 118, 106)
(148, 122, 109)
(146, 122, 107)
(148, 126, 115)
(154, 128, 117)
(156, 131, 118)
(158, 137, 123)
(167, 143, 132)
(171, 145, 135)
(173, 151, 140)
(180, 159, 148)
(184, 163, 152)
(188, 166, 155)
(188, 165, 154)
(191, 169, 157)
(194, 176, 162)
(195, 182, 167)
(191, 177, 165)
(184, 169, 159)
(169, 159, 153)
(152, 151, 151)
(141, 148, 153)
(136, 145, 154)
(136, 145, 155)
(135, 146, 156)
(136, 147, 157)
(137, 147, 157)
(140, 148, 160)
(194, 217, 222)
(200, 221, 226)
(201, 220, 226)
(200, 220, 227)
(200, 220, 229)
(201, 219, 229)
(201, 219, 229)
(201, 221, 228)
(203, 222, 229)
(203, 222, 230)
(205, 225, 232)
(204, 224, 231)
(207, 224, 232)
(208, 223, 232)
(208, 224, 233)
(207, 224, 231)
(208, 225, 233)
(209, 226, 233)
(211, 227, 234)
(212, 227, 234)
(214, 228, 236)
(217, 230, 237)
(216, 229, 236)
(217, 230, 237)
(217, 230, 238)
(218, 231, 239)
(217, 230, 238)
(218, 231, 240)
(217, 230, 239)
(217, 230, 239)
(218, 232, 240)
(218, 231, 240)
(219, 232, 241)
(218, 231, 240)
(220, 233, 242)
(220, 232, 240)
(224, 234, 242)
(223, 232, 239)
(189, 197, 199)
(111, 112, 108)
(115, 106, 96)
(120, 106, 92)
(130, 116, 101)
(148, 133, 119)
(166, 148, 134)
(177, 156, 142)
(186, 163, 147)
(195, 173, 156)
(200, 183, 166)
(201, 182, 165)
(199, 177, 161)
(193, 171, 158)
(189, 168, 154)
(185, 159, 147)
(183, 153, 142)
(181, 151, 139)
(176, 148, 134)
(167, 142, 125)
(154, 129, 112)
(133, 105, 91)
(110, 79, 65)
(99, 66, 51)
(97, 63, 49)
(98, 59, 50)
(102, 58, 51)
(108, 60, 53)
(111, 64, 55)
(113, 67, 59)
(113, 68, 62)
(117, 72, 68)
(124, 81, 75)
(127, 86, 77)
(135, 95, 86)
(140, 104, 93)
(139, 110, 98)
(142, 113, 100)
(142, 113, 98)
(139, 110, 97)
(134, 106, 93)
(131, 107, 91)
(130, 108, 92)
(128, 108, 93)
(127, 104, 93)
(124, 99, 89)
(122, 96, 86)
(128, 102, 93)
(138, 114, 104)
(148, 124, 114)
(152, 126, 118)
(152, 126, 114)
(150, 122, 109)
(147, 119, 108)
(141, 115, 105)
(137, 113, 104)
(133, 112, 101)
(132, 112, 100)
(133, 114, 101)
(135, 113, 101)
(136, 112, 102)
(138, 116, 104)
(147, 123, 110)
(151, 124, 111)
(150, 123, 109)
(150, 125, 113)
(155, 129, 116)
(154, 130, 116)
(160, 136, 123)
(168, 142, 132)
(173, 147, 138)
(176, 153, 143)
(178, 159, 147)
(183, 165, 153)
(192, 172, 160)
(192, 171, 159)
(191, 170, 157)
(189, 170, 156)
(191, 177, 162)
(186, 174, 160)
(173, 162, 153)
(158, 154, 149)
(145, 149, 152)
(140, 149, 156)
(139, 147, 156)
(139, 146, 157)
(139, 147, 158)
(141, 148, 159)
(141, 147, 159)
(143, 148, 160)
(195, 218, 226)
(199, 220, 228)
(199, 220, 228)
(200, 220, 228)
(199, 219, 228)
(201, 219, 229)
(202, 221, 230)
(202, 222, 229)
(203, 223, 230)
(203, 222, 230)
(204, 224, 231)
(204, 223, 230)
(208, 225, 232)
(208, 224, 232)
(209, 225, 233)
(207, 224, 231)
(208, 226, 232)
(209, 226, 232)
(210, 227, 233)
(214, 229, 236)
(216, 230, 238)
(218, 230, 239)
(216, 229, 237)
(217, 230, 238)
(216, 229, 237)
(218, 231, 239)
(218, 231, 239)
(219, 231, 241)
(218, 230, 239)
(219, 232, 239)
(219, 232, 239)
(219, 232, 240)
(219, 232, 240)
(219, 232, 241)
(222, 235, 243)
(220, 233, 241)
(223, 233, 241)
(215, 222, 227)
(136, 138, 137)
(115, 110, 102)
(124, 112, 98)
(132, 116, 99)
(143, 127, 110)
(157, 141, 125)
(173, 154, 141)
(184, 161, 148)
(191, 168, 152)
(201, 179, 162)
(202, 185, 168)
(202, 182, 165)
(199, 177, 161)
(197, 173, 160)
(192, 167, 155)
(187, 158, 147)
(185, 153, 141)
(185, 154, 142)
(176, 149, 133)
(166, 141, 124)
(149, 123, 107)
(114, 84, 70)
(100, 66, 51)
(105, 68, 52)
(112, 73, 59)
(118, 76, 65)
(118, 74, 64)
(121, 75, 65)
(123, 80, 69)
(124, 86, 74)
(124, 87, 79)
(130, 91, 84)
(134, 96, 86)
(135, 98, 85)
(141, 104, 91)
(144, 110, 98)
(143, 113, 101)
(142, 112, 99)
(140, 111, 95)
(138, 109, 96)
(135, 108, 95)
(134, 109, 94)
(131, 107, 92)
(129, 106, 92)
(125, 101, 89)
(124, 98, 87)
(128, 101, 90)
(139, 115, 104)
(149, 127, 116)
(156, 133, 123)
(156, 131, 122)
(153, 126, 114)
(150, 122, 110)
(146, 119, 108)
(139, 113, 104)
(138, 113, 105)
(135, 112, 102)
(135, 113, 101)
(137, 118, 104)
(139, 118, 105)
(139, 116, 104)
(142, 120, 107)
(145, 122, 109)
(147, 121, 107)
(149, 120, 107)
(152, 126, 114)
(155, 129, 115)
(156, 131, 115)
(163, 136, 123)
(170, 143, 133)
(176, 150, 141)
(181, 157, 147)
(181, 162, 150)
(184, 166, 154)
(193, 173, 161)
(194, 173, 160)
(193, 171, 158)
(187, 167, 154)
(187, 170, 155)
(181, 166, 153)
(166, 156, 148)
(152, 151, 149)
(142, 149, 154)
(141, 150, 159)
(142, 150, 159)
(143, 149, 160)
(144, 150, 162)
(145, 149, 161)
(146, 149, 161)
(146, 149, 160)
(199, 219, 231)
(199, 220, 231)
(198, 220, 230)
(199, 220, 230)
(201, 220, 229)
(202, 221, 229)
(202, 222, 229)
(203, 222, 229)
(205, 224, 231)
(204, 223, 230)
(205, 225, 232)
(205, 224, 231)
(208, 225, 232)
(208, 224, 231)
(208, 225, 232)
(208, 225, 231)
(211, 227, 233)
(211, 227, 232)
(211, 227, 233)
(214, 230, 236)
(216, 229, 237)
(217, 230, 238)
(217, 230, 238)
(218, 231, 239)
(217, 230, 238)
(218, 232, 239)
(218, 231, 240)
(220, 232, 240)
(220, 231, 239)
(219, 232, 238)
(219, 232, 238)
(219, 232, 238)
(220, 232, 239)
(220, 233, 240)
(222, 235, 242)
(220, 234, 240)
(222, 234, 239)
(173, 178, 179)
(116, 112, 108)
(122, 111, 99)
(132, 120, 102)
(143, 126, 108)
(153, 135, 118)
(166, 148, 133)
(179, 158, 145)
(186, 164, 150)
(193, 171, 155)
(201, 181, 163)
(203, 185, 169)
(201, 181, 165)
(200, 178, 162)
(198, 172, 160)
(193, 166, 155)
(190, 159, 148)
(189, 155, 143)
(184, 152, 139)
(175, 147, 131)
(165, 138, 122)
(135, 105, 92)
(96, 61, 50)
(99, 61, 47)
(110, 71, 55)
(123, 79, 66)
(127, 84, 72)
(126, 83, 72)
(130, 86, 74)
(132, 90, 78)
(133, 95, 84)
(134, 101, 90)
(138, 105, 94)
(136, 105, 91)
(138, 106, 89)
(143, 108, 93)
(145, 112, 97)
(144, 113, 100)
(139, 110, 95)
(136, 108, 92)
(137, 110, 96)
(136, 110, 97)
(134, 108, 94)
(132, 107, 92)
(130, 105, 91)
(127, 102, 88)
(128, 102, 89)
(139, 113, 100)
(151, 128, 115)
(157, 136, 123)
(159, 138, 125)
(160, 136, 123)
(154, 128, 114)
(147, 120, 107)
(142, 115, 104)
(139, 112, 103)
(140, 114, 105)
(142, 116, 106)
(142, 117, 105)
(141, 121, 108)
(139, 120, 107)
(141, 120, 107)
(144, 122, 109)
(144, 120, 107)
(143, 118, 105)
(147, 117, 105)
(152, 123, 111)
(156, 129, 114)
(159, 133, 117)
(166, 138, 125)
(173, 146, 135)
(178, 152, 142)
(183, 158, 147)
(185, 163, 152)
(187, 167, 155)
(192, 171, 158)
(193, 170, 158)
(191, 167, 155)
(187, 164, 152)
(183, 164, 150)
(176, 159, 147)
(165, 155, 150)
(151, 151, 153)
(141, 149, 156)
(140, 152, 160)
(143, 153, 161)
(143, 151, 160)
(144, 151, 162)
(146, 152, 164)
(146, 152, 162)
(145, 151, 161)
(202, 220, 235)
(199, 220, 232)
(198, 220, 231)
(201, 221, 231)
(203, 220, 229)
(203, 221, 229)
(204, 222, 229)
(204, 223, 230)
(206, 223, 231)
(206, 224, 232)
(206, 225, 232)
(205, 224, 231)
(207, 224, 231)
(208, 224, 231)
(208, 225, 233)
(209, 225, 232)
(212, 227, 233)
(212, 228, 233)
(213, 229, 234)
(215, 230, 237)
(216, 230, 237)
(217, 230, 238)
(217, 230, 238)
(218, 231, 239)
(218, 231, 239)
(219, 232, 240)
(218, 231, 240)
(221, 232, 241)
(221, 232, 239)
(220, 232, 238)
(219, 232, 237)
(218, 232, 237)
(220, 233, 239)
(220, 234, 241)
(221, 235, 241)
(221, 235, 241)
(216, 225, 229)
(132, 133, 131)
(120, 111, 102)
(129, 115, 101)
(139, 125, 108)
(151, 134, 117)
(164, 145, 128)
(174, 155, 139)
(185, 164, 149)
(193, 170, 155)
(197, 175, 160)
(201, 181, 165)
(205, 187, 172)
(202, 183, 168)
(201, 179, 164)
(200, 173, 161)
(195, 165, 154)
(193, 160, 149)
(189, 156, 143)
(183, 151, 136)
(173, 145, 129)
(154, 126, 110)
(112, 79, 67)
(93, 54, 43)
(97, 56, 43)
(110, 71, 55)
(123, 84, 69)
(127, 92, 78)
(129, 94, 80)
(133, 96, 82)
(136, 98, 84)
(138, 102, 89)
(140, 109, 96)
(140, 111, 97)
(138, 109, 94)
(140, 110, 94)
(143, 110, 94)
(143, 110, 95)
(140, 109, 95)
(135, 107, 91)
(134, 108, 91)
(134, 109, 95)
(131, 107, 93)
(129, 105, 91)
(130, 105, 90)
(129, 104, 90)
(129, 105, 90)
(138, 113, 98)
(155, 129, 115)
(161, 138, 124)
(161, 140, 126)
(162, 141, 126)
(162, 139, 124)
(153, 128, 114)
(144, 119, 105)
(140, 115, 103)
(141, 116, 105)
(146, 119, 109)
(149, 121, 110)
(148, 119, 109)
(143, 120, 108)
(141, 122, 108)
(145, 124, 111)
(145, 122, 109)
(142, 119, 106)
(140, 115, 103)
(146, 116, 106)
(152, 123, 110)
(156, 130, 114)
(159, 132, 116)
(167, 137, 124)
(172, 145, 133)
(177, 152, 141)
(184, 158, 146)
(186, 164, 152)
(187, 168, 154)
(191, 170, 157)
(194, 170, 158)
(190, 165, 154)
(187, 163, 152)
(183, 164, 150)
(176, 159, 148)
(166, 157, 153)
(150, 152, 156)
(141, 150, 158)
(140, 151, 159)
(142, 152, 160)
(142, 152, 159)
(142, 153, 162)
(142, 152, 162)
(141, 151, 160)
(140, 151, 160)
(202, 219, 232)
(199, 219, 230)
(197, 220, 229)
(202, 222, 231)
(204, 221, 231)
(204, 221, 230)
(204, 222, 230)
(204, 222, 229)
(207, 224, 232)
(207, 223, 231)
(206, 224, 231)
(205, 224, 230)
(209, 226, 232)
(209, 225, 231)
(210, 226, 234)
(210, 226, 233)
(213, 228, 234)
(213, 228, 234)
(215, 230, 235)
(215, 230, 237)
(216, 229, 237)
(217, 230, 238)
(216, 230, 238)
(217, 231, 239)
(216, 230, 238)
(218, 232, 240)
(219, 232, 241)
(220, 232, 241)
(222, 233, 241)
(220, 233, 240)
(219, 232, 238)
(220, 233, 239)
(219, 233, 241)
(219, 233, 242)
(220, 234, 241)
(223, 234, 239)
(175, 178, 181)
(114, 108, 105)
(123, 110, 98)
(138, 121, 106)
(150, 134, 118)
(164, 145, 129)
(172, 151, 136)
(180, 159, 144)
(191, 169, 153)
(196, 173, 158)
(200, 178, 163)
(203, 183, 168)
(204, 188, 174)
(204, 187, 173)
(201, 180, 165)
(197, 171, 159)
(195, 165, 154)
(192, 160, 147)
(187, 156, 141)
(179, 150, 134)
(164, 138, 120)
(130, 101, 85)
(103, 67, 56)
(101, 59, 51)
(102, 60, 48)
(110, 72, 56)
(118, 84, 69)
(123, 93, 78)
(127, 100, 84)
(132, 102, 85)
(136, 101, 85)
(142, 107, 93)
(143, 110, 98)
(141, 110, 97)
(139, 109, 95)
(139, 109, 94)
(142, 109, 95)
(142, 109, 96)
(138, 108, 94)
(135, 108, 91)
(133, 107, 90)
(130, 106, 92)
(128, 106, 92)
(130, 108, 93)
(128, 106, 91)
(130, 107, 92)
(136, 114, 99)
(150, 127, 112)
(161, 137, 123)
(164, 139, 126)
(163, 141, 125)
(161, 140, 124)
(159, 137, 120)
(152, 128, 114)
(147, 121, 109)
(145, 121, 108)
(146, 124, 110)
(149, 126, 112)
(150, 124, 112)
(146, 118, 108)
(143, 119, 107)
(143, 123, 109)
(145, 124, 111)
(144, 120, 108)
(139, 116, 104)
(139, 115, 103)
(144, 114, 104)
(151, 120, 108)
(153, 126, 111)
(155, 127, 112)
(165, 134, 122)
(169, 141, 130)
(174, 149, 137)
(182, 155, 143)
(185, 163, 149)
(190, 170, 155)
(191, 171, 157)
(194, 171, 159)
(193, 169, 158)
(188, 165, 154)
(185, 165, 154)
(178, 165, 155)
(162, 157, 154)
(148, 153, 157)
(142, 153, 160)
(141, 152, 159)
(141, 150, 157)
(144, 153, 161)
(142, 152, 161)
(142, 152, 161)
(142, 153, 162)
(140, 152, 161)
(202, 219, 228)
(201, 221, 228)
(200, 222, 229)
(202, 222, 231)
(204, 220, 230)
(205, 221, 231)
(205, 221, 231)
(206, 222, 231)
(209, 224, 232)
(207, 223, 232)
(207, 225, 232)
(207, 226, 232)
(210, 227, 233)
(210, 226, 232)
(212, 228, 235)
(212, 227, 234)
(213, 228, 234)
(214, 228, 233)
(215, 229, 234)
(214, 229, 236)
(215, 229, 237)
(217, 230, 238)
(217, 231, 239)
(217, 232, 239)
(216, 231, 238)
(218, 232, 240)
(219, 232, 241)
(220, 232, 241)
(220, 232, 241)
(219, 232, 240)
(219, 232, 239)
(220, 233, 241)
(220, 234, 243)
(220, 234, 244)
(221, 235, 242)
(210, 218, 223)
(128, 123, 126)
(120, 107, 103)
(131, 114, 101)
(151, 133, 116)
(164, 144, 130)
(174, 152, 139)
(180, 158, 144)
(185, 163, 147)
(193, 170, 154)
(200, 177, 161)
(205, 183, 167)
(204, 184, 170)
(204, 189, 176)
(205, 190, 176)
(201, 182, 168)
(197, 172, 160)
(197, 168, 156)
(189, 158, 145)
(181, 151, 135)
(168, 141, 123)
(140, 116, 98)
(106, 78, 62)
(106, 69, 59)
(111, 67, 60)
(110, 69, 57)
(114, 76, 61)
(120, 82, 68)
(122, 90, 76)
(127, 99, 83)
(134, 104, 87)
(140, 104, 89)
(142, 106, 93)
(142, 106, 94)
(142, 106, 94)
(141, 107, 95)
(141, 109, 96)
(143, 109, 98)
(140, 108, 96)
(134, 104, 91)
(132, 105, 89)
(131, 106, 89)
(131, 106, 92)
(129, 107, 94)
(128, 107, 93)
(129, 109, 93)
(137, 117, 102)
(149, 128, 113)
(159, 136, 122)
(164, 139, 126)
(163, 138, 126)
(161, 138, 123)
(161, 140, 124)
(161, 139, 121)
(158, 133, 119)
(152, 127, 115)
(150, 128, 114)
(150, 130, 114)
(151, 130, 115)
(149, 127, 113)
(143, 119, 107)
(140, 116, 105)
(142, 122, 108)
(145, 124, 112)
(145, 120, 108)
(139, 118, 105)
(139, 118, 105)
(144, 114, 105)
(150, 118, 107)
(150, 122, 107)
(154, 124, 110)
(163, 130, 119)
(168, 139, 128)
(173, 147, 135)
(179, 153, 140)
(185, 163, 147)
(189, 170, 154)
(190, 171, 156)
(192, 171, 157)
(193, 171, 160)
(191, 170, 159)
(185, 168, 157)
(178, 169, 159)
(158, 157, 155)
(146, 154, 158)
(142, 154, 160)
(142, 153, 160)
(144, 152, 160)
(147, 154, 163)
(147, 152, 161)
(145, 152, 161)
(145, 153, 162)
(144, 153, 163)
(200, 221, 226)
(201, 222, 228)
(200, 222, 228)
(202, 222, 230)
(203, 221, 229)
(205, 222, 230)
(206, 223, 231)
(206, 223, 231)
(207, 223, 231)
(206, 222, 231)
(207, 225, 232)
(207, 226, 233)
(209, 227, 234)
(211, 227, 234)
(214, 227, 235)
(213, 227, 234)
(214, 229, 234)
(215, 229, 234)
(215, 230, 236)
(215, 229, 236)
(215, 229, 237)
(217, 231, 237)
(217, 231, 237)
(218, 233, 239)
(216, 231, 238)
(218, 233, 240)
(219, 233, 241)
(219, 233, 241)
(218, 232, 240)
(218, 233, 241)
(220, 233, 241)
(222, 235, 241)
(220, 234, 241)
(220, 232, 241)
(221, 234, 238)
(175, 181, 182)
(114, 104, 103)
(128, 110, 103)
(143, 123, 110)
(158, 139, 121)
(169, 148, 131)
(177, 156, 140)
(182, 163, 147)
(188, 167, 150)
(194, 173, 157)
(202, 182, 165)
(205, 184, 169)
(205, 185, 170)
(204, 187, 174)
(203, 186, 174)
(201, 180, 168)
(198, 171, 159)
(197, 167, 152)
(188, 158, 142)
(177, 147, 131)
(152, 126, 110)
(113, 87, 70)
(102, 72, 58)
(109, 71, 60)
(115, 74, 64)
(117, 78, 66)
(118, 81, 68)
(122, 83, 71)
(122, 87, 73)
(125, 93, 77)
(130, 98, 83)
(137, 103, 89)
(140, 104, 93)
(142, 104, 93)
(145, 107, 93)
(143, 109, 94)
(140, 109, 95)
(137, 109, 95)
(133, 106, 92)
(130, 102, 88)
(129, 102, 87)
(130, 104, 89)
(129, 105, 92)
(126, 104, 91)
(129, 109, 95)
(136, 117, 102)
(149, 129, 114)
(159, 138, 123)
(164, 141, 127)
(165, 141, 128)
(164, 140, 128)
(165, 143, 129)
(168, 144, 130)
(166, 141, 127)
(160, 135, 121)
(153, 129, 117)
(151, 130, 117)
(151, 132, 117)
(151, 131, 116)
(147, 124, 111)
(143, 118, 105)
(144, 116, 106)
(144, 120, 110)
(145, 124, 112)
(144, 120, 109)
(140, 120, 107)
(141, 120, 105)
(145, 117, 105)
(147, 119, 106)
(148, 121, 107)
(152, 124, 110)
(159, 130, 116)
(164, 138, 125)
(171, 147, 134)
(177, 152, 138)
(184, 161, 146)
(188, 168, 153)
(189, 171, 155)
(187, 169, 152)
(189, 172, 155)
(191, 176, 160)
(186, 174, 161)
(175, 169, 162)
(156, 157, 157)
(146, 154, 159)
(142, 154, 160)
(144, 154, 161)
(146, 154, 161)
(149, 155, 163)
(149, 154, 162)
(147, 154, 162)
(147, 155, 164)
(147, 155, 166)
(199, 222, 227)
(199, 222, 228)
(201, 223, 230)
(203, 223, 231)
(204, 222, 230)
(206, 223, 230)
(206, 224, 230)
(205, 223, 230)
(207, 224, 231)
(208, 224, 232)
(208, 226, 234)
(207, 226, 233)
(208, 227, 234)
(210, 227, 234)
(215, 228, 235)
(213, 227, 233)
(213, 228, 233)
(215, 230, 235)
(215, 230, 237)
(216, 230, 238)
(217, 231, 238)
(217, 232, 238)
(217, 231, 237)
(218, 233, 239)
(216, 231, 238)
(218, 232, 240)
(217, 233, 240)
(218, 233, 240)
(218, 233, 240)
(217, 234, 241)
(220, 233, 241)
(222, 235, 241)
(222, 236, 241)
(222, 233, 240)
(211, 221, 223)
(127, 130, 126)
(119, 107, 98)
(139, 118, 105)
(154, 133, 116)
(164, 143, 126)
(173, 151, 133)
(181, 160, 143)
(184, 166, 149)
(189, 168, 152)
(197, 177, 160)
(202, 185, 168)
(208, 187, 171)
(209, 187, 172)
(207, 188, 174)
(203, 184, 172)
(201, 178, 168)
(197, 171, 157)
(192, 162, 144)
(182, 152, 135)
(169, 140, 124)
(133, 105, 91)
(109, 80, 66)
(111, 78, 64)
(115, 79, 65)
(118, 81, 69)
(121, 86, 74)
(122, 87, 76)
(124, 88, 77)
(124, 89, 75)
(126, 92, 77)
(126, 94, 79)
(130, 100, 86)
(136, 103, 91)
(141, 105, 92)
(144, 108, 91)
(141, 109, 92)
(137, 109, 93)
(133, 108, 93)
(129, 105, 90)
(129, 105, 89)
(130, 105, 89)
(130, 104, 90)
(128, 104, 90)
(128, 107, 94)
(136, 116, 102)
(147, 127, 112)
(161, 140, 124)
(163, 143, 127)
(164, 143, 128)
(165, 143, 130)
(168, 146, 134)
(171, 150, 137)
(171, 148, 135)
(168, 143, 129)
(163, 138, 125)
(157, 135, 122)
(154, 134, 120)
(153, 134, 120)
(151, 130, 116)
(148, 124, 110)
(147, 120, 106)
(147, 117, 106)
(144, 119, 109)
(145, 123, 112)
(146, 124, 112)
(145, 125, 111)
(144, 124, 108)
(146, 120, 105)
(144, 117, 104)
(147, 119, 106)
(152, 124, 110)
(155, 130, 115)
(162, 139, 124)
(172, 149, 134)
(178, 155, 139)
(185, 160, 146)
(189, 166, 152)
(191, 170, 155)
(187, 169, 151)
(189, 173, 154)
(188, 174, 156)
(184, 171, 158)
(169, 164, 161)
(153, 155, 156)
(145, 154, 159)
(144, 154, 160)
(145, 154, 161)
(146, 154, 161)
(150, 156, 163)
(151, 158, 165)
(148, 157, 165)
(150, 160, 169)
(153, 161, 172)
(199, 222, 227)
(199, 222, 228)
(200, 222, 230)
(203, 223, 231)
(204, 223, 230)
(206, 224, 230)
(205, 224, 229)
(204, 225, 230)
(206, 225, 231)
(207, 224, 231)
(209, 227, 234)
(207, 226, 232)
(210, 228, 234)
(211, 227, 234)
(216, 229, 236)
(214, 228, 233)
(214, 229, 234)
(215, 230, 235)
(216, 230, 237)
(217, 230, 237)
(217, 231, 237)
(217, 232, 237)
(217, 231, 238)
(218, 232, 240)
(217, 231, 239)
(218, 233, 240)
(217, 233, 240)
(218, 233, 239)
(217, 232, 238)
(218, 233, 240)
(222, 234, 242)
(222, 234, 242)
(221, 235, 241)
(223, 234, 240)
(173, 179, 179)
(108, 106, 98)
(126, 113, 97)
(147, 126, 107)
(160, 139, 119)
(169, 148, 131)
(176, 152, 139)
(185, 162, 147)
(190, 170, 153)
(195, 171, 155)
(200, 178, 161)
(205, 187, 169)
(211, 189, 172)
(210, 188, 171)
(207, 188, 172)
(201, 182, 169)
(199, 177, 165)
(192, 167, 152)
(183, 156, 138)
(174, 146, 128)
(151, 124, 108)
(119, 91, 77)
(114, 84, 71)
(116, 83, 70)
(119, 84, 71)
(121, 86, 73)
(123, 90, 78)
(127, 94, 82)
(129, 94, 85)
(128, 94, 81)
(129, 96, 82)
(128, 98, 83)
(129, 102, 86)
(133, 104, 89)
(136, 107, 90)
(137, 107, 89)
(135, 106, 90)
(133, 105, 90)
(132, 106, 91)
(130, 108, 92)
(130, 110, 93)
(129, 108, 91)
(129, 104, 90)
(131, 108, 93)
(136, 114, 99)
(146, 124, 109)
(158, 135, 120)
(169, 146, 131)
(166, 146, 130)
(164, 145, 130)
(166, 146, 132)
(171, 150, 137)
(171, 153, 138)
(170, 150, 136)
(168, 145, 130)
(166, 143, 128)
(161, 139, 125)
(155, 135, 121)
(155, 135, 122)
(152, 131, 118)
(148, 125, 111)
(147, 122, 107)
(147, 119, 106)
(145, 120, 107)
(146, 125, 111)
(151, 129, 116)
(152, 132, 118)
(149, 128, 113)
(150, 122, 109)
(146, 116, 103)
(147, 117, 103)
(153, 124, 109)
(155, 129, 113)
(162, 140, 123)
(172, 150, 134)
(178, 155, 140)
(187, 160, 148)
(190, 165, 153)
(190, 167, 154)
(191, 171, 155)
(193, 174, 158)
(191, 173, 159)
(181, 167, 157)
(163, 158, 157)
(151, 154, 157)
(147, 156, 161)
(145, 155, 161)
(146, 155, 161)
(148, 155, 161)
(150, 156, 164)
(152, 160, 167)
(151, 162, 170)
(155, 166, 176)
(162, 172, 182)
(198, 223, 229)
(199, 222, 230)
(199, 221, 229)
(203, 223, 231)
(204, 223, 230)
(205, 223, 229)
(204, 223, 227)
(203, 224, 229)
(206, 225, 231)
(208, 225, 232)
(209, 228, 234)
(207, 226, 232)
(209, 228, 234)
(211, 227, 234)
(216, 229, 237)
(213, 228, 234)
(214, 229, 234)
(215, 230, 235)
(216, 230, 236)
(216, 229, 236)
(216, 230, 237)
(218, 232, 238)
(219, 232, 240)
(220, 233, 241)
(219, 232, 240)
(219, 234, 241)
(218, 233, 240)
(219, 234, 239)
(218, 233, 238)
(219, 234, 240)
(223, 233, 242)
(221, 233, 241)
(220, 235, 241)
(214, 225, 229)
(129, 132, 126)
(119, 110, 96)
(134, 120, 100)
(153, 132, 110)
(166, 145, 125)
(175, 152, 136)
(180, 155, 142)
(189, 164, 150)
(192, 169, 153)
(196, 170, 155)
(200, 175, 159)
(205, 185, 167)
(212, 188, 171)
(210, 186, 168)
(205, 184, 167)
(199, 179, 163)
(196, 175, 160)
(186, 161, 145)
(174, 147, 130)
(160, 134, 117)
(126, 101, 85)
(112, 83, 71)
(115, 85, 72)
(119, 87, 74)
(120, 87, 74)
(120, 89, 76)
(123, 94, 80)
(129, 101, 88)
(133, 101, 92)
(131, 100, 88)
(129, 100, 84)
(128, 102, 84)
(129, 104, 87)
(129, 103, 86)
(131, 104, 87)
(129, 102, 85)
(130, 102, 87)
(130, 103, 89)
(131, 106, 91)
(128, 106, 90)
(126, 108, 90)
(128, 108, 91)
(132, 108, 94)
(137, 114, 99)
(145, 122, 106)
(157, 134, 118)
(165, 141, 126)
(171, 146, 132)
(169, 147, 133)
(168, 147, 132)
(170, 148, 134)
(171, 149, 136)
(170, 151, 135)
(170, 150, 134)
(170, 147, 132)
(167, 145, 130)
(163, 141, 126)
(157, 138, 123)
(154, 135, 121)
(152, 131, 118)
(149, 127, 113)
(147, 124, 109)
(147, 122, 106)
(145, 123, 106)
(147, 128, 112)
(155, 133, 119)
(159, 138, 125)
(159, 136, 122)
(155, 127, 114)
(152, 121, 107)
(151, 120, 106)
(156, 125, 111)
(156, 129, 113)
(162, 139, 122)
(170, 148, 132)
(178, 155, 140)
(186, 162, 149)
(188, 164, 152)
(188, 166, 153)
(192, 172, 157)
(192, 174, 159)
(189, 173, 160)
(173, 162, 155)
(158, 157, 158)
(151, 155, 160)
(146, 155, 162)
(146, 155, 161)
(148, 156, 161)
(151, 158, 164)
(152, 159, 167)
(153, 162, 170)
(155, 167, 175)
(162, 174, 183)
(172, 182, 192)
(199, 223, 231)
(199, 222, 230)
(199, 221, 229)
(202, 223, 229)
(203, 222, 228)
(206, 224, 229)
(205, 224, 228)
(204, 225, 230)
(205, 225, 230)
(207, 226, 232)
(209, 228, 233)
(208, 227, 232)
(209, 228, 233)
(212, 228, 234)
(214, 228, 236)
(214, 229, 235)
(215, 230, 235)
(215, 229, 235)
(217, 230, 236)
(217, 231, 237)
(217, 231, 237)
(217, 231, 238)
(218, 231, 239)
(220, 233, 241)
(220, 233, 241)
(220, 233, 241)
(218, 232, 239)
(218, 233, 238)
(219, 234, 237)
(222, 235, 241)
(225, 234, 243)
(223, 234, 243)
(220, 235, 240)
(188, 198, 200)
(115, 112, 102)
(126, 113, 95)
(144, 126, 107)
(161, 139, 121)
(173, 152, 134)
(181, 157, 140)
(188, 161, 145)
(192, 165, 150)
(193, 167, 152)
(194, 165, 151)
(196, 169, 154)
(201, 178, 161)
(209, 183, 166)
(209, 183, 164)
(204, 180, 162)
(197, 174, 158)
(190, 167, 151)
(178, 152, 136)
(165, 138, 122)
(139, 112, 96)
(105, 79, 64)
(105, 76, 63)
(112, 82, 69)
(116, 85, 72)
(119, 89, 75)
(119, 91, 76)
(121, 95, 79)
(124, 100, 85)
(130, 102, 90)
(130, 102, 88)
(127, 100, 83)
(125, 100, 83)
(125, 100, 84)
(124, 97, 82)
(127, 97, 82)
(126, 96, 82)
(124, 95, 82)
(124, 97, 84)
(124, 100, 85)
(122, 99, 83)
(124, 103, 86)
(130, 108, 92)
(136, 113, 99)
(143, 120, 104)
(152, 129, 112)
(161, 137, 119)
(164, 139, 124)
(167, 141, 128)
(167, 142, 130)
(169, 145, 132)
(171, 145, 132)
(170, 145, 132)
(169, 146, 131)
(170, 146, 130)
(171, 145, 130)
(165, 142, 126)
(162, 140, 124)
(160, 140, 125)
(158, 139, 125)
(157, 138, 123)
(158, 137, 123)
(158, 136, 120)
(156, 133, 115)
(156, 135, 116)
(157, 137, 120)
(162, 141, 126)
(166, 144, 130)
(167, 142, 129)
(163, 135, 122)
(159, 129, 114)
(158, 127, 112)
(160, 130, 114)
(161, 134, 118)
(165, 141, 124)
(173, 148, 133)
(180, 156, 141)
(184, 163, 149)
(186, 166, 152)
(188, 170, 155)
(191, 174, 158)
(189, 175, 160)
(180, 170, 157)
(167, 161, 155)
(156, 158, 162)
(149, 156, 163)
(147, 156, 164)
(147, 156, 163)
(149, 157, 163)
(152, 159, 166)
(154, 162, 169)
(156, 166, 174)
(161, 174, 182)
(170, 183, 192)
(179, 191, 201)
(199, 222, 230)
(199, 222, 229)
(200, 222, 229)
(204, 224, 230)
(203, 222, 228)
(206, 224, 228)
(206, 225, 229)
(204, 226, 229)
(205, 226, 229)
(207, 226, 230)
(208, 227, 231)
(208, 228, 231)
(209, 228, 232)
(210, 227, 233)
(214, 229, 236)
(214, 229, 235)
(215, 229, 235)
(217, 230, 236)
(217, 230, 236)
(218, 231, 237)
(217, 231, 237)
(219, 232, 240)
(218, 231, 239)
(219, 232, 240)
(220, 233, 241)
(219, 233, 241)
(218, 232, 239)
(219, 234, 239)
(219, 234, 238)
(223, 235, 240)
(224, 232, 242)
(224, 235, 244)
(221, 234, 238)
(154, 160, 159)
(109, 101, 90)
(130, 114, 97)
(151, 130, 113)
(167, 145, 128)
(180, 155, 139)
(187, 160, 144)
(193, 165, 148)
(195, 164, 150)
(196, 167, 153)
(193, 162, 149)
(192, 163, 149)
(196, 170, 154)
(206, 177, 160)
(207, 178, 159)
(198, 171, 154)
(193, 167, 149)
(183, 158, 140)
(170, 142, 126)
(154, 123, 109)
(115, 85, 71)
(95, 67, 53)
(98, 70, 56)
(105, 76, 63)
(110, 80, 67)
(115, 86, 72)
(115, 89, 74)
(115, 92, 74)
(117, 95, 78)
(120, 95, 80)
(121, 95, 77)
(120, 93, 75)
(119, 92, 76)
(118, 90, 77)
(120, 88, 76)
(123, 88, 76)
(119, 85, 74)
(114, 81, 70)
(112, 82, 70)
(114, 86, 73)
(114, 88, 73)
(121, 96, 80)
(129, 106, 90)
(141, 119, 104)
(153, 130, 114)
(159, 134, 117)
(163, 137, 121)
(161, 135, 120)
(160, 134, 121)
(160, 136, 122)
(163, 140, 125)
(167, 141, 128)
(169, 143, 129)
(168, 143, 128)
(171, 146, 131)
(172, 144, 130)
(167, 143, 127)
(164, 142, 125)
(167, 145, 130)
(167, 147, 132)
(167, 147, 133)
(167, 146, 132)
(166, 144, 129)
(163, 142, 122)
(163, 142, 122)
(166, 145, 127)
(167, 146, 130)
(169, 146, 132)
(171, 144, 131)
(167, 140, 126)
(163, 135, 120)
(164, 135, 119)
(166, 137, 122)
(169, 142, 127)
(172, 146, 131)
(180, 153, 138)
(182, 155, 141)
(183, 162, 147)
(186, 167, 152)
(189, 171, 154)
(188, 173, 156)
(182, 171, 155)
(173, 165, 154)
(162, 159, 155)
(153, 157, 162)
(148, 156, 164)
(146, 156, 164)
(148, 157, 164)
(151, 159, 165)
(153, 161, 168)
(156, 165, 172)
(162, 173, 181)
(169, 183, 191)
(178, 192, 200)
(188, 200, 210)
(200, 222, 229)
(202, 223, 230)
(201, 223, 229)
(204, 224, 229)
(204, 223, 228)
(205, 224, 228)
(205, 225, 228)
(203, 225, 228)
(205, 226, 229)
(207, 227, 230)
(207, 228, 231)
(207, 228, 231)
(210, 230, 234)
(210, 228, 233)
(213, 229, 234)
(214, 229, 234)
(215, 230, 235)
(217, 230, 236)
(217, 230, 236)
(218, 232, 238)
(217, 232, 238)
(218, 231, 239)
(218, 231, 239)
(219, 232, 240)
(218, 231, 239)
(219, 233, 240)
(218, 233, 239)
(219, 234, 239)
(219, 234, 238)
(220, 233, 239)
(223, 232, 241)
(222, 235, 242)
(213, 225, 226)
(121, 123, 117)
(109, 95, 87)
(135, 117, 103)
(157, 135, 117)
(170, 149, 127)
(183, 157, 138)
(192, 164, 148)
(195, 166, 150)
(196, 165, 150)
(200, 170, 156)
(197, 164, 152)
(194, 163, 150)
(195, 167, 151)
(199, 167, 151)
(199, 167, 149)
(189, 160, 143)
(184, 155, 137)
(175, 146, 127)
(167, 136, 120)
(138, 104, 91)
(107, 72, 60)
(99, 67, 53)
(96, 66, 53)
(100, 71, 58)
(107, 77, 64)
(110, 80, 67)
(110, 84, 69)
(108, 85, 67)
(109, 87, 68)
(110, 85, 68)
(110, 82, 64)
(112, 81, 63)
(111, 79, 64)
(112, 79, 67)
(115, 78, 68)
(114, 76, 66)
(108, 74, 62)
(104, 70, 59)
(105, 71, 60)
(110, 79, 67)
(112, 84, 70)
(124, 100, 83)
(138, 117, 100)
(159, 138, 123)
(171, 148, 132)
(172, 147, 131)
(174, 148, 133)
(169, 143, 128)
(165, 140, 125)
(166, 146, 131)
(167, 148, 131)
(175, 153, 137)
(182, 159, 143)
(183, 160, 144)
(184, 161, 145)
(182, 157, 142)
(180, 156, 139)
(178, 156, 139)
(175, 152, 137)
(174, 153, 139)
(173, 151, 138)
(170, 148, 135)
(170, 148, 132)
(169, 148, 129)
(167, 145, 126)
(170, 147, 130)
(171, 149, 132)
(172, 146, 132)
(174, 145, 132)
(171, 144, 130)
(164, 140, 123)
(166, 140, 124)
(168, 142, 126)
(174, 148, 134)
(177, 151, 137)
(183, 155, 142)
(184, 155, 142)
(183, 159, 144)
(188, 165, 149)
(189, 168, 152)
(185, 168, 152)
(178, 166, 153)
(167, 160, 153)
(159, 158, 157)
(151, 158, 163)
(148, 157, 164)
(149, 158, 166)
(150, 158, 164)
(154, 161, 167)
(155, 164, 171)
(161, 171, 178)
(170, 182, 189)
(177, 190, 198)
(184, 198, 207)
(194, 207, 216)
(202, 222, 228)
(204, 223, 229)
(203, 222, 228)
(205, 224, 228)
(205, 223, 228)
(205, 225, 228)
(204, 225, 228)
(203, 225, 228)
(206, 227, 230)
(206, 226, 229)
(205, 226, 229)
(206, 228, 231)
(209, 229, 232)
(210, 229, 233)
(213, 230, 235)
(214, 230, 235)
(214, 230, 235)
(217, 231, 236)
(218, 232, 237)
(217, 232, 238)
(217, 232, 238)
(218, 232, 240)
(217, 231, 239)
(219, 232, 240)
(218, 232, 239)
(219, 233, 240)
(218, 233, 238)
(218, 234, 239)
(219, 234, 239)
(221, 234, 240)
(222, 233, 241)
(221, 234, 240)
(191, 200, 199)
(100, 95, 86)
(113, 96, 84)
(142, 122, 107)
(164, 141, 121)
(174, 151, 129)
(186, 158, 139)
(196, 166, 150)
(196, 167, 152)
(198, 167, 151)
(201, 171, 156)
(202, 169, 156)
(201, 168, 157)
(195, 165, 151)
(194, 160, 145)
(189, 154, 138)
(181, 149, 132)
(174, 146, 126)
(168, 138, 119)
(156, 123, 108)
(120, 83, 72)
(109, 71, 60)
(106, 71, 57)
(101, 70, 58)
(105, 73, 62)
(109, 76, 65)
(110, 77, 65)
(109, 78, 64)
(105, 79, 62)
(104, 78, 61)
(106, 75, 60)
(105, 71, 55)
(104, 68, 53)
(104, 69, 55)
(107, 70, 59)
(110, 69, 59)
(109, 69, 58)
(104, 71, 57)
(107, 74, 61)
(113, 81, 68)
(124, 94, 81)
(133, 107, 92)
(150, 127, 111)
(170, 151, 132)
(184, 166, 148)
(192, 169, 154)
(190, 165, 150)
(188, 162, 148)
(186, 160, 146)
(184, 161, 146)
(184, 166, 149)
(183, 168, 149)
(188, 168, 151)
(192, 171, 154)
(194, 172, 155)
(192, 169, 154)
(188, 162, 149)
(186, 160, 145)
(186, 162, 145)
(182, 159, 143)
(179, 156, 142)
(177, 154, 142)
(174, 152, 139)
(173, 151, 136)
(172, 151, 133)
(170, 146, 129)
(172, 147, 131)
(176, 153, 137)
(175, 149, 134)
(173, 143, 130)
(174, 147, 132)
(170, 145, 129)
(169, 143, 128)
(170, 144, 130)
(175, 150, 136)
(180, 155, 142)
(184, 157, 144)
(187, 158, 145)
(186, 160, 145)
(189, 164, 149)
(189, 166, 151)
(184, 166, 152)
(175, 165, 154)
(164, 160, 157)
(157, 158, 162)
(151, 159, 165)
(148, 158, 166)
(149, 158, 166)
(152, 160, 165)
(158, 166, 172)
(161, 171, 178)
(169, 181, 187)
(178, 190, 196)
(185, 199, 206)
(191, 207, 214)
(200, 213, 222)
(204, 222, 227)
(205, 223, 228)
(204, 222, 227)
(205, 224, 228)
(204, 223, 227)
(205, 224, 228)
(204, 224, 228)
(205, 227, 230)
(207, 228, 231)
(207, 227, 230)
(207, 228, 231)
(206, 229, 231)
(207, 229, 232)
(209, 229, 232)
(213, 231, 235)
(213, 230, 233)
(214, 230, 234)
(215, 230, 234)
(217, 232, 237)
(216, 231, 238)
(216, 231, 238)
(217, 232, 239)
(217, 232, 239)
(218, 232, 240)
(218, 232, 239)
(219, 234, 239)
(217, 233, 238)
(218, 233, 240)
(219, 234, 240)
(221, 235, 241)
(221, 233, 241)
(218, 232, 237)
(140, 148, 145)
(90, 81, 69)
(119, 100, 83)
(147, 127, 107)
(167, 146, 124)
(178, 153, 133)
(189, 159, 143)
(199, 167, 152)
(200, 170, 153)
(199, 169, 152)
(202, 173, 157)
(206, 172, 160)
(204, 171, 160)
(194, 163, 150)
(187, 151, 138)
(177, 141, 126)
(168, 136, 120)
(162, 133, 113)
(156, 127, 107)
(138, 104, 89)
(113, 75, 65)
(110, 70, 60)
(107, 69, 56)
(106, 72, 60)
(107, 73, 62)
(109, 73, 63)
(111, 75, 64)
(108, 74, 62)
(106, 75, 59)
(105, 74, 58)
(109, 71, 60)
(110, 69, 57)
(106, 66, 52)
(105, 67, 53)
(109, 70, 57)
(112, 70, 58)
(116, 75, 61)
(114, 80, 65)
(118, 88, 72)
(127, 102, 86)
(144, 122, 106)
(158, 137, 121)
(171, 149, 132)
(183, 164, 145)
(190, 171, 153)
(193, 171, 156)
(192, 167, 154)
(191, 165, 153)
(190, 166, 151)
(188, 167, 149)
(186, 169, 150)
(186, 170, 151)
(191, 171, 153)
(196, 172, 155)
(197, 172, 157)
(194, 168, 154)
(191, 163, 151)
(188, 161, 146)
(187, 161, 144)
(185, 161, 144)
(181, 157, 144)
(180, 156, 144)
(178, 155, 142)
(175, 153, 138)
(173, 151, 134)
(174, 148, 132)
(175, 148, 133)
(177, 154, 139)
(175, 147, 133)
(173, 143, 128)
(175, 147, 131)
(174, 148, 132)
(172, 145, 130)
(173, 147, 134)
(175, 151, 138)
(180, 157, 144)
(183, 158, 146)
(186, 160, 147)
(183, 159, 145)
(185, 162, 148)
(185, 164, 150)
(179, 163, 151)
(169, 162, 153)
(159, 160, 159)
(154, 160, 166)
(151, 161, 168)
(150, 161, 168)
(151, 161, 168)
(157, 165, 171)
(163, 171, 176)
(168, 179, 186)
(176, 188, 195)
(187, 199, 204)
(194, 209, 215)
(199, 215, 222)
(206, 221, 229)
(203, 221, 227)
(205, 223, 229)
(203, 224, 228)
(203, 225, 228)
(203, 224, 227)
(206, 226, 230)
(205, 225, 229)
(207, 227, 232)
(209, 227, 233)
(209, 227, 232)
(210, 228, 233)
(209, 229, 233)
(209, 230, 233)
(210, 229, 233)
(213, 230, 235)
(213, 230, 234)
(215, 231, 235)
(216, 231, 236)
(216, 231, 237)
(216, 232, 237)
(216, 232, 238)
(216, 232, 239)
(218, 232, 240)
(218, 231, 238)
(218, 232, 238)
(219, 234, 239)
(218, 233, 239)
(218, 233, 239)
(218, 234, 239)
(220, 234, 240)
(220, 233, 239)
(196, 208, 209)
(99, 101, 94)
(103, 88, 73)
(131, 110, 90)
(156, 135, 114)
(169, 150, 129)
(179, 154, 137)
(190, 159, 144)
(202, 168, 154)
(202, 169, 152)
(198, 166, 149)
(203, 171, 157)
(206, 173, 162)
(204, 170, 160)
(194, 162, 149)
(182, 148, 134)
(168, 133, 118)
(158, 123, 107)
(154, 121, 104)
(147, 117, 100)
(121, 87, 73)
(113, 72, 62)
(111, 69, 57)
(111, 70, 57)
(111, 73, 63)
(111, 73, 63)
(114, 76, 66)
(113, 75, 64)
(110, 74, 62)
(109, 74, 62)
(108, 74, 62)
(113, 72, 64)
(116, 71, 61)
(114, 69, 56)
(112, 73, 58)
(112, 76, 62)
(115, 79, 65)
(124, 88, 73)
(126, 96, 80)
(133, 107, 90)
(147, 126, 109)
(163, 145, 128)
(175, 154, 139)
(181, 158, 141)
(185, 163, 145)
(190, 168, 153)
(193, 168, 155)
(192, 165, 153)
(193, 168, 156)
(193, 171, 156)
(188, 168, 151)
(186, 167, 150)
(187, 167, 149)
(191, 169, 152)
(196, 172, 157)
(199, 175, 161)
(197, 171, 158)
(196, 167, 156)
(192, 167, 152)
(186, 163, 147)
(183, 160, 145)
(181, 158, 146)
(180, 157, 145)
(178, 156, 142)
(176, 152, 137)
(175, 149, 134)
(178, 149, 134)
(177, 148, 134)
(177, 151, 138)
(176, 148, 134)
(174, 145, 130)
(174, 147, 130)
(174, 149, 134)
(173, 149, 135)
(174, 150, 138)
(176, 153, 141)
(181, 158, 146)
(186, 162, 150)
(187, 164, 151)
(181, 159, 146)
(182, 160, 146)
(181, 162, 147)
(172, 160, 149)
(162, 161, 156)
(155, 162, 163)
(153, 163, 168)
(154, 165, 170)
(155, 166, 171)
(159, 167, 174)
(162, 171, 177)
(168, 178, 184)
(177, 189, 196)
(185, 197, 205)
(195, 206, 213)
(202, 215, 222)
(207, 222, 230)
(214, 228, 237)
(203, 222, 229)
(204, 224, 231)
(201, 224, 229)
(201, 225, 229)
(202, 225, 229)
(205, 227, 231)
(204, 225, 229)
(208, 227, 234)
(212, 228, 236)
(211, 226, 233)
(212, 228, 234)
(213, 228, 234)
(212, 229, 234)
(212, 229, 234)
(215, 230, 237)
(214, 229, 236)
(215, 230, 237)
(215, 230, 237)
(215, 230, 235)
(214, 231, 235)
(215, 231, 238)
(218, 232, 240)
(220, 232, 240)
(220, 231, 238)
(218, 232, 238)
(219, 233, 240)
(218, 232, 239)
(218, 234, 239)
(218, 233, 238)
(220, 234, 240)
(220, 232, 235)
(141, 148, 144)
(86, 80, 69)
(113, 94, 77)
(146, 122, 103)
(165, 143, 125)
(175, 157, 138)
(182, 159, 142)
(190, 160, 144)
(199, 165, 150)
(203, 168, 153)
(200, 165, 150)
(202, 167, 155)
(203, 169, 159)
(200, 167, 156)
(188, 156, 143)
(174, 142, 127)
(163, 130, 115)
(152, 116, 100)
(149, 113, 98)
(131, 100, 87)
(114, 79, 67)
(114, 72, 63)
(111, 70, 58)
(114, 72, 59)
(117, 75, 66)
(119, 76, 68)
(120, 78, 68)
(117, 76, 65)
(115, 75, 65)
(112, 75, 65)
(111, 75, 65)
(113, 73, 63)
(119, 73, 61)
(120, 74, 62)
(118, 79, 66)
(117, 85, 72)
(123, 93, 79)
(132, 103, 88)
(138, 113, 96)
(147, 123, 105)
(162, 139, 123)
(175, 151, 138)
(184, 159, 146)
(186, 160, 145)
(187, 161, 145)
(188, 161, 149)
(191, 162, 152)
(191, 164, 154)
(192, 170, 157)
(190, 170, 154)
(186, 163, 148)
(185, 162, 147)
(186, 164, 148)
(187, 167, 149)
(193, 173, 159)
(198, 178, 166)
(198, 176, 164)
(195, 172, 159)
(190, 167, 152)
(183, 162, 146)
(181, 160, 146)
(179, 157, 145)
(180, 158, 145)
(179, 155, 140)
(176, 150, 134)
(178, 148, 132)
(179, 148, 132)
(179, 148, 134)
(176, 147, 134)
(175, 146, 133)
(173, 145, 130)
(174, 147, 130)
(174, 150, 135)
(174, 152, 140)
(175, 153, 142)
(178, 155, 144)
(183, 158, 145)
(188, 164, 152)
(189, 166, 155)
(182, 161, 149)
(179, 158, 143)
(175, 157, 141)
(167, 159, 149)
(160, 162, 161)
(157, 167, 170)
(156, 169, 172)
(158, 171, 174)
(163, 173, 178)
(167, 175, 182)
(169, 180, 187)
(176, 188, 196)
(184, 197, 204)
(193, 205, 213)
(201, 212, 220)
(209, 221, 229)
(215, 228, 237)
(219, 233, 242)
(202, 222, 229)
(203, 225, 231)
(203, 225, 230)
(202, 225, 230)
(202, 225, 230)
(204, 226, 231)
(205, 226, 231)
(209, 227, 234)
(211, 227, 234)
(211, 227, 234)
(213, 228, 235)
(212, 228, 234)
(211, 229, 233)
(211, 228, 233)
(214, 231, 237)
(214, 229, 236)
(215, 231, 238)
(216, 231, 237)
(215, 231, 236)
(214, 232, 236)
(216, 232, 239)
(220, 232, 241)
(221, 232, 240)
(220, 232, 238)
(218, 233, 238)
(218, 235, 239)
(217, 234, 238)
(218, 234, 239)
(219, 234, 239)
(221, 236, 239)
(202, 210, 211)
(104, 103, 98)
(104, 92, 80)
(131, 112, 94)
(161, 139, 120)
(175, 153, 136)
(181, 160, 143)
(184, 160, 144)
(190, 161, 147)
(195, 162, 149)
(199, 164, 151)
(200, 163, 149)
(199, 163, 150)
(200, 166, 154)
(196, 164, 152)
(182, 150, 136)
(164, 132, 116)
(154, 121, 105)
(147, 114, 98)
(140, 104, 91)
(119, 85, 73)
(114, 78, 66)
(114, 75, 64)
(111, 75, 62)
(115, 77, 64)
(122, 78, 69)
(125, 80, 72)
(124, 78, 70)
(123, 78, 70)
(121, 76, 69)
(118, 75, 67)
(117, 77, 67)
(118, 79, 66)
(123, 80, 65)
(125, 82, 68)
(125, 88, 75)
(127, 95, 83)
(134, 105, 93)
(144, 115, 103)
(149, 123, 107)
(159, 133, 115)
(170, 141, 124)
(179, 149, 135)
(186, 157, 144)
(185, 159, 143)
(185, 158, 143)
(186, 157, 144)
(188, 161, 148)
(186, 162, 149)
(187, 164, 150)
(184, 161, 146)
(181, 156, 140)
(183, 156, 141)
(183, 160, 142)
(184, 164, 146)
(191, 171, 155)
(196, 177, 164)
(196, 177, 163)
(192, 172, 157)
(185, 166, 149)
(181, 162, 145)
(181, 160, 145)
(179, 157, 144)
(180, 156, 142)
(177, 150, 135)
(178, 149, 132)
(179, 149, 130)
(178, 148, 129)
(178, 148, 133)
(176, 146, 133)
(175, 145, 134)
(174, 144, 133)
(174, 145, 133)
(174, 149, 134)
(175, 153, 140)
(178, 156, 144)
(181, 158, 146)
(184, 159, 146)
(187, 162, 150)
(187, 164, 153)
(183, 162, 150)
(179, 159, 144)
(171, 156, 142)
(164, 161, 153)
(163, 169, 169)
(162, 173, 177)
(164, 177, 181)
(167, 180, 184)
(174, 185, 190)
(178, 188, 195)
(180, 192, 199)
(185, 198, 206)
(192, 205, 213)
(200, 212, 220)
(209, 219, 228)
(214, 226, 234)
(220, 233, 242)
(223, 237, 246)
(201, 224, 229)
(202, 224, 229)
(204, 225, 230)
(205, 226, 231)
(203, 225, 230)
(204, 227, 232)
(205, 226, 232)
(209, 228, 234)
(210, 227, 234)
(211, 227, 233)
(211, 228, 233)
(211, 228, 232)
(212, 230, 234)
(211, 229, 234)
(214, 231, 237)
(214, 230, 237)
(216, 231, 238)
(215, 231, 238)
(215, 231, 238)
(214, 231, 238)
(216, 232, 240)
(218, 233, 241)
(218, 231, 239)
(219, 232, 238)
(216, 233, 237)
(217, 234, 238)
(217, 233, 237)
(219, 234, 239)
(218, 233, 238)
(217, 231, 232)
(161, 164, 162)
(110, 100, 93)
(128, 109, 97)
(149, 129, 109)
(169, 148, 129)
(179, 156, 140)
(183, 157, 143)
(188, 160, 146)
(192, 162, 150)
(194, 161, 150)
(197, 159, 148)
(198, 159, 145)
(197, 160, 146)
(196, 163, 150)
(190, 160, 145)
(173, 143, 126)
(155, 123, 106)
(146, 111, 95)
(143, 109, 95)
(128, 88, 78)
(114, 74, 63)
(116, 75, 64)
(114, 75, 64)
(113, 77, 66)
(120, 81, 71)
(125, 83, 73)
(127, 83, 75)
(127, 82, 76)
(129, 83, 77)
(126, 80, 73)
(124, 79, 71)
(122, 81, 70)
(123, 85, 68)
(128, 87, 70)
(134, 92, 77)
(137, 100, 88)
(139, 108, 97)
(145, 114, 106)
(152, 122, 111)
(157, 129, 114)
(163, 135, 118)
(169, 137, 120)
(175, 144, 128)
(181, 150, 135)
(182, 153, 138)
(182, 153, 138)
(181, 153, 139)
(179, 154, 139)
(179, 154, 140)
(180, 153, 139)
(177, 150, 134)
(175, 149, 132)
(176, 149, 132)
(178, 151, 133)
(180, 157, 137)
(185, 163, 145)
(190, 169, 154)
(192, 170, 156)
(184, 163, 147)
(174, 155, 136)
(175, 155, 137)
(178, 155, 139)
(179, 154, 140)
(179, 151, 136)
(177, 147, 130)
(177, 146, 128)
(177, 148, 127)
(178, 150, 129)
(177, 148, 131)
(174, 145, 132)
(174, 144, 135)
(176, 146, 138)
(175, 145, 136)
(173, 146, 133)
(176, 152, 138)
(179, 157, 144)
(182, 158, 145)
(184, 159, 145)
(185, 160, 149)
(184, 162, 151)
(183, 163, 149)
(181, 164, 150)
(172, 163, 151)
(167, 168, 164)
(168, 176, 179)
(170, 182, 188)
(175, 187, 192)
(178, 190, 195)
(182, 193, 200)
(185, 198, 205)
(188, 202, 210)
(194, 208, 216)
(202, 214, 223)
(208, 219, 228)
(215, 226, 235)
(219, 231, 240)
(223, 236, 245)
(227, 240, 249)
(201, 225, 229)
(202, 225, 229)
(203, 224, 229)
(205, 224, 230)
(204, 225, 230)
(205, 227, 233)
(204, 227, 233)
(208, 227, 233)
(209, 227, 232)
(210, 227, 232)
(211, 229, 233)
(211, 230, 234)
(211, 230, 234)
(211, 229, 234)
(213, 230, 237)
(214, 230, 237)
(215, 231, 238)
(215, 231, 238)
(215, 232, 239)
(215, 232, 239)
(214, 232, 238)
(215, 234, 239)
(216, 232, 239)
(216, 232, 239)
(215, 232, 239)
(218, 233, 239)
(219, 232, 237)
(221, 233, 238)
(219, 232, 234)
(188, 195, 195)
(129, 125, 121)
(129, 112, 103)
(145, 122, 108)
(163, 140, 120)
(176, 154, 135)
(183, 157, 141)
(184, 154, 141)
(189, 157, 144)
(191, 159, 146)
(193, 159, 146)
(196, 157, 145)
(199, 159, 144)
(197, 160, 144)
(191, 158, 143)
(185, 156, 138)
(171, 142, 122)
(156, 123, 104)
(147, 111, 95)
(137, 98, 88)
(122, 77, 68)
(117, 72, 61)
(118, 76, 64)
(118, 79, 67)
(120, 82, 72)
(128, 86, 79)
(130, 92, 81)
(132, 93, 84)
(130, 90, 83)
(130, 89, 82)
(128, 87, 79)
(128, 87, 77)
(129, 90, 77)
(134, 97, 80)
(140, 101, 84)
(146, 106, 91)
(150, 114, 101)
(153, 120, 110)
(154, 121, 113)
(157, 125, 115)
(161, 129, 116)
(164, 134, 118)
(167, 138, 119)
(170, 140, 121)
(173, 142, 125)
(176, 144, 130)
(176, 146, 132)
(173, 148, 132)
(170, 147, 131)
(174, 150, 135)
(177, 148, 134)
(174, 145, 129)
(170, 144, 125)
(170, 143, 125)
(174, 144, 126)
(175, 147, 128)
(178, 152, 133)
(181, 156, 140)
(183, 156, 141)
(174, 147, 132)
(166, 141, 124)
(168, 143, 126)
(173, 146, 129)
(174, 145, 129)
(176, 145, 129)
(176, 144, 126)
(175, 143, 124)
(175, 146, 125)
(177, 149, 129)
(178, 149, 133)
(174, 145, 132)
(175, 147, 137)
(176, 147, 139)
(175, 146, 136)
(174, 147, 134)
(177, 152, 139)
(179, 155, 143)
(182, 157, 144)
(184, 158, 145)
(182, 159, 147)
(184, 163, 152)
(184, 166, 152)
(180, 168, 155)
(172, 170, 162)
(172, 179, 178)
(176, 188, 193)
(179, 192, 200)
(184, 196, 203)
(188, 199, 207)
(193, 204, 211)
(195, 208, 216)
(196, 212, 220)
(200, 216, 224)
(209, 221, 231)
(215, 225, 235)
(220, 232, 241)
(223, 236, 245)
(228, 241, 250)
(231, 243, 252)
(200, 225, 229)
(202, 225, 230)
(204, 224, 229)
(206, 225, 231)
(205, 225, 231)
(206, 227, 233)
(205, 227, 233)
(209, 228, 232)
(209, 227, 231)
(210, 228, 232)
(211, 230, 234)
(211, 230, 234)
(212, 231, 235)
(212, 230, 235)
(214, 231, 238)
(213, 230, 237)
(214, 231, 238)
(215, 231, 238)
(215, 232, 239)
(216, 233, 239)
(215, 233, 238)
(214, 234, 237)
(216, 233, 239)
(215, 233, 240)
(215, 233, 240)
(218, 234, 241)
(221, 232, 239)
(219, 229, 233)
(179, 186, 186)
(135, 132, 129)
(131, 117, 111)
(145, 124, 112)
(158, 133, 118)
(171, 144, 127)
(178, 153, 136)
(183, 154, 139)
(187, 152, 139)
(190, 152, 140)
(189, 153, 140)
(192, 154, 141)
(194, 153, 140)
(196, 156, 140)
(192, 157, 139)
(185, 153, 135)
(180, 150, 130)
(171, 141, 120)
(159, 125, 106)
(151, 114, 99)
(134, 92, 81)
(124, 76, 68)
(122, 78, 66)
(122, 83, 70)
(123, 86, 74)
(129, 90, 80)
(137, 92, 85)
(137, 100, 89)
(138, 103, 91)
(136, 100, 90)
(132, 95, 87)
(133, 94, 85)
(135, 96, 84)
(139, 101, 87)
(147, 109, 95)
(152, 113, 98)
(157, 119, 105)
(160, 125, 112)
(163, 129, 118)
(163, 129, 118)
(165, 132, 120)
(167, 136, 123)
(169, 140, 124)
(174, 145, 127)
(174, 145, 126)
(177, 147, 129)
(181, 149, 134)
(185, 153, 139)
(184, 159, 143)
(184, 165, 147)
(185, 167, 149)
(187, 163, 146)
(186, 158, 141)
(181, 154, 135)
(180, 151, 132)
(176, 147, 128)
(174, 147, 126)
(176, 150, 130)
(175, 148, 132)
(172, 144, 128)
(167, 137, 121)
(160, 131, 115)
(157, 127, 111)
(161, 129, 114)
(164, 130, 115)
(169, 134, 118)
(172, 137, 119)
(172, 139, 120)
(172, 143, 124)
(172, 145, 127)
(174, 146, 131)
(174, 147, 134)
(175, 148, 136)
(177, 150, 137)
(175, 148, 136)
(175, 148, 134)
(177, 151, 138)
(180, 155, 143)
(182, 158, 145)
(184, 159, 145)
(182, 160, 148)
(185, 165, 154)
(186, 170, 156)
(180, 172, 162)
(173, 177, 172)
(179, 190, 193)
(183, 197, 204)
(187, 201, 208)
(192, 205, 211)
(198, 208, 217)
(202, 213, 222)
(204, 218, 227)
(204, 220, 229)
(208, 223, 232)
(215, 227, 237)
(221, 231, 241)
(225, 237, 247)
(227, 240, 249)
(230, 242, 252)
(233, 245, 255)
(200, 224, 228)
(203, 226, 231)
(206, 226, 231)
(207, 226, 232)
(207, 226, 232)
(207, 226, 233)
(208, 227, 233)
(210, 228, 232)
(211, 229, 233)
(210, 229, 233)
(211, 231, 234)
(211, 230, 234)
(212, 231, 235)
(212, 231, 236)
(214, 231, 237)
(213, 230, 237)
(216, 232, 239)
(216, 231, 238)
(216, 232, 239)
(216, 232, 239)
(216, 233, 238)
(217, 233, 237)
(218, 233, 239)
(217, 233, 240)
(216, 233, 239)
(219, 234, 239)
(211, 221, 223)
(162, 168, 167)
(128, 127, 123)
(129, 117, 111)
(145, 124, 115)
(158, 135, 121)
(164, 138, 122)
(175, 144, 128)
(179, 150, 135)
(181, 151, 137)
(187, 151, 138)
(189, 149, 136)
(188, 148, 134)
(190, 150, 136)
(190, 149, 134)
(188, 151, 133)
(185, 151, 132)
(180, 148, 129)
(173, 143, 122)
(162, 131, 110)
(155, 121, 103)
(144, 107, 93)
(124, 83, 71)
(124, 81, 70)
(124, 88, 72)
(126, 94, 78)
(131, 98, 84)
(139, 102, 92)
(147, 103, 96)
(149, 110, 99)
(147, 110, 98)
(146, 109, 98)
(144, 106, 96)
(142, 104, 92)
(144, 106, 91)
(149, 111, 96)
(156, 118, 105)
(160, 124, 110)
(167, 131, 117)
(170, 137, 123)
(173, 141, 128)
(174, 142, 127)
(176, 146, 130)
(180, 153, 138)
(186, 157, 143)
(189, 157, 142)
(191, 159, 141)
(195, 165, 147)
(198, 169, 153)
(202, 173, 159)
(202, 176, 161)
(202, 182, 165)
(201, 183, 165)
(201, 179, 161)
(200, 173, 155)
(195, 167, 148)
(195, 167, 148)
(190, 164, 145)
(191, 168, 146)
(191, 168, 147)
(184, 161, 143)
(179, 153, 137)
(168, 140, 124)
(159, 129, 114)
(149, 117, 102)
(147, 113, 99)
(151, 114, 100)
(155, 119, 102)
(159, 124, 105)
(163, 129, 109)
(167, 137, 119)
(168, 139, 124)
(169, 140, 126)
(170, 142, 128)
(172, 145, 131)
(177, 151, 136)
(178, 152, 138)
(177, 151, 137)
(177, 153, 141)
(181, 158, 146)
(184, 160, 148)
(185, 161, 148)
(186, 164, 152)
(188, 168, 159)
(186, 173, 162)
(177, 175, 167)
(179, 188, 186)
(185, 200, 205)
(190, 206, 214)
(195, 209, 217)
(201, 215, 222)
(207, 219, 228)
(210, 222, 231)
(213, 226, 236)
(213, 227, 236)
(216, 230, 239)
(221, 233, 243)
(225, 236, 245)
(227, 240, 249)
(229, 242, 251)
(232, 245, 253)
(234, 246, 255)
(204, 225, 231)
(205, 225, 232)
(205, 225, 232)
(206, 225, 231)
(208, 227, 233)
(210, 227, 234)
(211, 228, 234)
(212, 229, 233)
(212, 230, 234)
(211, 229, 233)
(211, 230, 234)
(211, 229, 233)
(212, 231, 235)
(212, 230, 235)
(213, 231, 237)
(214, 230, 237)
(216, 232, 239)
(216, 231, 238)
(216, 231, 239)
(217, 232, 240)
(218, 232, 239)
(219, 232, 239)
(220, 232, 239)
(221, 233, 240)
(220, 233, 237)
(205, 213, 214)
(155, 158, 155)
(134, 129, 124)
(135, 123, 115)
(139, 120, 112)
(159, 135, 124)
(167, 140, 126)
(169, 139, 125)
(175, 142, 129)
(177, 147, 134)
(179, 149, 136)
(185, 150, 137)
(186, 146, 133)
(186, 144, 130)
(186, 145, 130)
(184, 146, 128)
(179, 145, 125)
(177, 144, 125)
(173, 140, 121)
(163, 131, 110)
(154, 122, 101)
(149, 116, 98)
(132, 97, 82)
(123, 86, 71)
(130, 92, 76)
(131, 100, 83)
(136, 107, 89)
(141, 108, 94)
(147, 111, 100)
(154, 114, 104)
(159, 118, 108)
(157, 117, 106)
(156, 118, 105)
(155, 117, 104)
(152, 115, 100)
(156, 118, 102)
(161, 123, 107)
(167, 130, 117)
(173, 139, 124)
(178, 147, 133)
(181, 151, 138)
(185, 155, 142)
(187, 158, 143)
(189, 163, 146)
(193, 167, 152)
(198, 168, 156)
(199, 165, 153)
(200, 165, 150)
(203, 172, 154)
(204, 176, 159)
(204, 179, 163)
(205, 180, 164)
(204, 180, 165)
(206, 182, 166)
(205, 180, 163)
(201, 174, 156)
(197, 169, 150)
(194, 166, 148)
(194, 169, 150)
(199, 176, 155)
(203, 183, 162)
(206, 185, 166)
(205, 184, 167)
(196, 175, 158)
(185, 160, 145)
(171, 142, 129)
(154, 121, 108)
(149, 113, 98)
(145, 108, 92)
(147, 110, 92)
(151, 116, 97)
(160, 127, 110)
(165, 133, 118)
(166, 134, 120)
(166, 136, 122)
(167, 139, 125)
(173, 146, 133)
(179, 153, 139)
(180, 155, 142)
(177, 155, 144)
(180, 158, 146)
(182, 159, 146)
(186, 162, 148)
(189, 167, 155)
(188, 170, 161)
(182, 172, 164)
(178, 180, 176)
(188, 200, 202)
(193, 209, 215)
(197, 214, 222)
(205, 220, 228)
(210, 225, 232)
(213, 226, 236)
(217, 229, 239)
(221, 232, 242)
(222, 234, 243)
(222, 236, 245)
(227, 239, 248)
(229, 240, 249)
(230, 243, 252)
(233, 246, 254)
(234, 247, 255)
(235, 248, 255)
(207, 225, 232)
(206, 226, 233)
(206, 225, 232)
(207, 226, 232)
(209, 226, 233)
(211, 227, 233)
(213, 227, 233)
(213, 228, 233)
(212, 229, 233)
(213, 231, 235)
(212, 231, 235)
(212, 230, 235)
(213, 232, 237)
(212, 230, 235)
(214, 231, 237)
(214, 230, 237)
(217, 232, 239)
(217, 232, 239)
(218, 232, 241)
(219, 233, 242)
(218, 233, 241)
(217, 233, 240)
(220, 233, 240)
(223, 233, 239)
(200, 205, 207)
(152, 151, 147)
(142, 132, 124)
(145, 127, 118)
(142, 121, 110)
(155, 133, 121)
(169, 143, 131)
(173, 142, 130)
(174, 141, 128)
(173, 139, 127)
(170, 139, 129)
(173, 144, 133)
(178, 146, 133)
(180, 141, 128)
(181, 138, 125)
(181, 140, 124)
(177, 143, 124)
(171, 140, 120)
(169, 137, 118)
(165, 132, 113)
(157, 124, 104)
(151, 118, 98)
(139, 106, 89)
(127, 93, 79)
(130, 95, 78)
(137, 101, 84)
(140, 110, 93)
(147, 114, 99)
(155, 116, 103)
(158, 121, 108)
(162, 123, 112)
(167, 127, 117)
(166, 127, 115)
(162, 126, 111)
(162, 127, 109)
(161, 126, 108)
(166, 131, 113)
(172, 137, 120)
(178, 144, 128)
(183, 153, 136)
(186, 160, 143)
(189, 163, 149)
(193, 166, 153)
(194, 168, 153)
(194, 169, 153)
(195, 167, 153)
(197, 167, 156)
(198, 165, 155)
(199, 165, 152)
(202, 171, 153)
(204, 175, 158)
(204, 177, 161)
(205, 178, 163)
(206, 178, 164)
(207, 179, 165)
(201, 176, 159)
(198, 171, 153)
(198, 166, 149)
(195, 162, 145)
(196, 166, 150)
(201, 175, 156)
(207, 185, 165)
(211, 191, 172)
(211, 191, 175)
(211, 191, 175)
(208, 188, 173)
(201, 178, 164)
(188, 159, 145)
(174, 140, 126)
(162, 126, 110)
(149, 112, 96)
(143, 106, 88)
(150, 113, 97)
(157, 122, 107)
(161, 125, 111)
(164, 131, 117)
(166, 135, 122)
(168, 140, 128)
(173, 146, 134)
(176, 153, 141)
(175, 154, 143)
(178, 157, 146)
(181, 159, 145)
(184, 161, 146)
(186, 164, 152)
(186, 168, 160)
(179, 173, 167)
(186, 191, 190)
(194, 209, 213)
(199, 216, 224)
(207, 223, 231)
(212, 227, 234)
(216, 231, 239)
(220, 234, 242)
(224, 235, 245)
(227, 238, 248)
(228, 238, 248)
(227, 241, 250)
(230, 243, 251)
(232, 244, 253)
(233, 246, 255)
(235, 248, 255)
(235, 248, 255)
(235, 248, 255)
(207, 224, 231)
(207, 226, 233)
(206, 226, 232)
(209, 229, 235)
(209, 227, 233)
(211, 227, 232)
(212, 228, 233)
(213, 229, 234)
(212, 229, 234)
(213, 231, 235)
(212, 231, 235)
(213, 231, 237)
(215, 233, 239)
(214, 231, 238)
(216, 233, 240)
(216, 231, 238)
(217, 231, 239)
(217, 232, 239)
(216, 232, 241)
(217, 233, 241)
(216, 233, 240)
(215, 234, 239)
(219, 232, 236)
(198, 203, 207)
(148, 144, 143)
(146, 132, 124)
(153, 131, 120)
(154, 126, 114)
(158, 129, 115)
(165, 139, 125)
(174, 146, 133)
(177, 144, 133)
(174, 139, 128)
(171, 135, 126)
(167, 135, 124)
(168, 138, 127)
(170, 137, 125)
(171, 133, 119)
(173, 131, 116)
(173, 134, 117)
(170, 138, 119)
(165, 135, 115)
(162, 130, 110)
(158, 124, 105)
(154, 119, 100)
(145, 112, 93)
(134, 102, 86)
(131, 100, 85)
(137, 104, 87)
(145, 109, 92)
(149, 115, 98)
(159, 122, 105)
(165, 124, 109)
(166, 127, 112)
(170, 131, 117)
(174, 134, 123)
(173, 134, 123)
(169, 134, 119)
(169, 136, 118)
(169, 137, 118)
(172, 140, 120)
(178, 147, 127)
(185, 153, 136)
(190, 162, 144)
(193, 168, 149)
(194, 170, 155)
(196, 170, 158)
(196, 171, 157)
(196, 170, 154)
(195, 165, 151)
(194, 164, 152)
(195, 164, 153)
(198, 166, 153)
(201, 170, 153)
(203, 173, 156)
(206, 176, 160)
(207, 178, 163)
(208, 179, 165)
(204, 177, 162)
(196, 173, 156)
(193, 167, 149)
(196, 161, 145)
(196, 158, 143)
(195, 160, 145)
(200, 169, 150)
(206, 180, 160)
(208, 187, 167)
(208, 189, 171)
(211, 192, 174)
(210, 193, 175)
(207, 187, 169)
(206, 179, 163)
(203, 173, 158)
(193, 161, 146)
(175, 141, 126)
(149, 113, 99)
(143, 104, 89)
(147, 108, 93)
(152, 114, 100)
(160, 124, 110)
(163, 129, 117)
(166, 134, 123)
(172, 142, 132)
(173, 148, 136)
(172, 151, 139)
(175, 156, 145)
(178, 158, 145)
(181, 161, 147)
(184, 165, 153)
(183, 170, 160)
(181, 180, 177)
(196, 204, 206)
(202, 217, 222)
(208, 223, 232)
(216, 229, 238)
(221, 234, 242)
(224, 236, 245)
(227, 240, 249)
(230, 241, 250)
(233, 243, 253)
(232, 243, 252)
(233, 244, 253)
(233, 246, 253)
(233, 246, 252)
(235, 248, 255)
(234, 248, 254)
(235, 248, 254)
(236, 248, 255)
(207, 226, 233)
(208, 227, 234)
(206, 226, 233)
(208, 228, 235)
(208, 227, 233)
(210, 229, 233)
(211, 229, 233)
(212, 229, 235)
(212, 230, 236)
(213, 230, 237)
(214, 231, 238)
(214, 231, 238)
(217, 232, 239)
(215, 231, 238)
(216, 232, 240)
(217, 231, 238)
(218, 232, 240)
(216, 232, 240)
(216, 233, 241)
(216, 234, 239)
(218, 234, 239)
(219, 233, 235)
(194, 200, 198)
(147, 141, 138)
(150, 132, 126)
(159, 133, 121)
(157, 129, 117)
(161, 129, 115)
(169, 136, 120)
(174, 141, 127)
(177, 145, 133)
(178, 145, 133)
(172, 138, 128)
(169, 132, 125)
(164, 130, 119)
(165, 131, 118)
(166, 131, 117)
(165, 127, 112)
(165, 125, 110)
(164, 127, 110)
(164, 132, 115)
(160, 128, 109)
(157, 122, 103)
(153, 117, 99)
(148, 113, 95)
(136, 104, 87)
(133, 104, 87)
(137, 108, 94)
(147, 114, 99)
(152, 116, 100)
(158, 121, 103)
(167, 129, 109)
(172, 133, 114)
(172, 134, 115)
(175, 137, 120)
(178, 138, 126)
(178, 140, 129)
(176, 142, 130)
(178, 144, 130)
(179, 145, 129)
(181, 148, 130)
(186, 154, 134)
(193, 161, 142)
(197, 167, 149)
(198, 171, 153)
(197, 171, 156)
(197, 171, 158)
(197, 170, 156)
(197, 169, 153)
(195, 164, 149)
(193, 163, 148)
(195, 163, 149)
(198, 166, 152)
(202, 170, 155)
(203, 173, 155)
(205, 177, 159)
(208, 179, 162)
(208, 178, 163)
(203, 175, 161)
(196, 170, 155)
(192, 165, 147)
(193, 160, 144)
(194, 156, 141)
(193, 156, 140)
(192, 158, 138)
(197, 168, 147)
(202, 179, 156)
(205, 186, 163)
(208, 190, 169)
(208, 189, 168)
(208, 185, 165)
(209, 181, 163)
(210, 184, 165)
(210, 186, 168)
(206, 179, 165)
(189, 156, 146)
(163, 126, 114)
(144, 106, 92)
(143, 104, 91)
(148, 110, 97)
(155, 119, 107)
(161, 128, 117)
(167, 138, 126)
(171, 144, 131)
(169, 148, 136)
(171, 153, 143)
(176, 158, 147)
(179, 161, 148)
(181, 165, 153)
(178, 170, 162)
(188, 192, 194)
(203, 213, 218)
(209, 222, 229)
(216, 229, 238)
(222, 233, 243)
(228, 238, 248)
(231, 240, 250)
(233, 244, 253)
(234, 245, 254)
(236, 247, 255)
(235, 246, 254)
(235, 247, 254)
(236, 248, 254)
(236, 249, 254)
(235, 250, 254)
(234, 249, 254)
(235, 249, 255)
(237, 249, 255)
(208, 227, 233)
(208, 227, 234)
(207, 227, 234)
(208, 228, 235)
(210, 229, 235)
(212, 230, 234)
(212, 229, 234)
(213, 229, 235)
(213, 229, 236)
(214, 230, 237)
(215, 232, 239)
(214, 231, 238)
(216, 232, 239)
(216, 231, 238)
(216, 231, 239)
(217, 231, 237)
(218, 232, 239)
(216, 232, 240)
(216, 233, 241)
(217, 233, 239)
(221, 233, 239)
(198, 205, 205)
(143, 142, 132)
(144, 130, 118)
(157, 130, 119)
(162, 128, 116)
(163, 128, 116)
(167, 133, 118)
(171, 138, 122)
(174, 140, 127)
(173, 141, 128)
(174, 141, 128)
(171, 137, 125)
(166, 132, 121)
(160, 126, 114)
(159, 128, 114)
(162, 130, 115)
(161, 126, 112)
(159, 121, 107)
(158, 120, 106)
(157, 122, 107)
(151, 117, 99)
(149, 113, 95)
(145, 108, 91)
(138, 102, 87)
(134, 103, 87)
(141, 112, 96)
(149, 118, 104)
(155, 122, 108)
(157, 123, 108)
(162, 126, 109)
(169, 132, 113)
(172, 136, 117)
(173, 137, 119)
(176, 141, 124)
(177, 141, 127)
(179, 144, 131)
(181, 147, 134)
(184, 149, 137)
(186, 150, 137)
(186, 152, 136)
(191, 158, 140)
(197, 165, 148)
(201, 171, 153)
(200, 172, 155)
(199, 171, 157)
(199, 171, 158)
(198, 169, 153)
(198, 167, 151)
(195, 162, 148)
(192, 160, 147)
(193, 161, 148)
(197, 165, 151)
(199, 168, 153)
(204, 174, 158)
(208, 180, 162)
(209, 181, 164)
(209, 178, 163)
(203, 173, 158)
(194, 166, 152)
(191, 163, 146)
(192, 160, 144)
(191, 157, 140)
(188, 153, 136)
(188, 152, 134)
(193, 160, 140)
(198, 171, 149)
(202, 181, 159)
(206, 187, 165)
(208, 185, 164)
(208, 180, 161)
(208, 177, 158)
(212, 183, 164)
(215, 190, 172)
(219, 195, 179)
(221, 191, 180)
(207, 178, 166)
(179, 148, 136)
(148, 114, 103)
(134, 98, 87)
(140, 106, 94)
(147, 118, 104)
(155, 130, 115)
(162, 137, 124)
(164, 142, 130)
(168, 148, 138)
(174, 155, 144)
(176, 159, 148)
(178, 167, 156)
(181, 178, 172)
(201, 208, 212)
(211, 221, 229)
(216, 228, 237)
(222, 233, 243)
(227, 238, 248)
(231, 242, 251)
(233, 244, 253)
(235, 247, 255)
(235, 248, 255)
(236, 249, 255)
(235, 248, 254)
(235, 248, 254)
(236, 249, 255)
(236, 250, 254)
(235, 251, 254)
(234, 249, 254)
(234, 249, 255)
(235, 248, 255)
(207, 226, 233)
(209, 228, 235)
(208, 228, 235)
(209, 230, 236)
(210, 229, 235)
(212, 230, 234)
(213, 230, 235)
(213, 229, 236)
(213, 229, 236)
(215, 231, 238)
(214, 231, 238)
(214, 231, 238)
(215, 232, 239)
(215, 230, 238)
(217, 231, 239)
(217, 232, 238)
(217, 232, 239)
(216, 232, 240)
(217, 233, 241)
(221, 234, 241)
(212, 220, 224)
(145, 146, 142)
(135, 126, 109)
(152, 129, 110)
(159, 125, 109)
(164, 125, 110)
(168, 128, 115)
(169, 134, 118)
(171, 138, 121)
(170, 137, 123)
(169, 135, 122)
(169, 136, 121)
(168, 135, 120)
(164, 132, 118)
(158, 127, 113)
(156, 127, 113)
(156, 127, 112)
(154, 121, 107)
(154, 117, 103)
(152, 113, 100)
(147, 109, 95)
(142, 105, 87)
(141, 103, 86)
(138, 102, 86)
(133, 99, 85)
(137, 106, 92)
(146, 115, 101)
(158, 125, 112)
(158, 126, 112)
(158, 125, 110)
(163, 128, 111)
(170, 134, 116)
(176, 141, 123)
(177, 142, 125)
(178, 144, 127)
(177, 145, 129)
(180, 147, 132)
(181, 148, 135)
(187, 152, 139)
(191, 154, 142)
(192, 157, 144)
(194, 162, 146)
(197, 166, 151)
(201, 171, 156)
(201, 171, 156)
(199, 169, 156)
(198, 167, 154)
(195, 163, 148)
(193, 160, 144)
(193, 157, 144)
(192, 158, 145)
(195, 162, 149)
(198, 166, 153)
(200, 171, 157)
(208, 180, 165)
(214, 186, 169)
(211, 184, 165)
(210, 179, 163)
(205, 174, 160)
(198, 169, 155)
(194, 164, 149)
(191, 160, 145)
(188, 157, 141)
(187, 154, 137)
(190, 153, 136)
(194, 157, 139)
(197, 165, 146)
(202, 177, 155)
(205, 183, 162)
(206, 180, 160)
(205, 172, 153)
(206, 169, 151)
(208, 176, 157)
(215, 188, 168)
(221, 198, 180)
(227, 202, 188)
(225, 200, 189)
(215, 189, 179)
(195, 166, 156)
(157, 125, 115)
(133, 103, 91)
(134, 105, 92)
(142, 115, 101)
(150, 125, 111)
(158, 135, 122)
(165, 143, 131)
(174, 153, 142)
(175, 160, 150)
(173, 167, 160)
(186, 189, 187)
(211, 220, 225)
(218, 228, 237)
(222, 233, 242)
(227, 237, 247)
(230, 242, 250)
(233, 245, 253)
(233, 246, 253)
(235, 249, 255)
(234, 249, 254)
(236, 251, 255)
(235, 250, 254)
(236, 251, 255)
(236, 250, 255)
(236, 250, 255)
(236, 251, 255)
(234, 249, 254)
(234, 249, 255)
(233, 248, 255)
(208, 227, 234)
(209, 228, 235)
(207, 227, 233)
(209, 230, 235)
(210, 229, 234)
(212, 230, 234)
(213, 230, 235)
(216, 230, 238)
(216, 230, 238)
(215, 230, 239)
(216, 231, 240)
(215, 231, 239)
(214, 231, 239)
(215, 231, 238)
(218, 232, 240)
(217, 232, 238)
(218, 234, 241)
(217, 233, 241)
(219, 234, 242)
(222, 233, 240)
(191, 195, 198)
(127, 123, 114)
(138, 122, 102)
(155, 127, 105)
(161, 124, 105)
(163, 125, 106)
(166, 129, 111)
(170, 135, 119)
(171, 137, 122)
(169, 133, 120)
(165, 129, 116)
(164, 130, 114)
(162, 129, 113)
(158, 127, 111)
(155, 124, 109)
(155, 126, 109)
(152, 123, 106)
(149, 118, 102)
(148, 113, 97)
(145, 106, 91)
(140, 101, 85)
(135, 97, 79)
(138, 101, 84)
(139, 104, 90)
(139, 108, 95)
(144, 115, 103)
(153, 121, 108)
(162, 128, 114)
(161, 128, 114)
(160, 126, 111)
(163, 128, 111)
(171, 135, 117)
(177, 142, 125)
(176, 141, 125)
(178, 145, 128)
(178, 147, 129)
(178, 146, 130)
(179, 146, 132)
(185, 149, 136)
(192, 156, 144)
(194, 161, 148)
(194, 165, 151)
(196, 166, 154)
(200, 170, 156)
(200, 169, 155)
(197, 166, 153)
(195, 163, 149)
(194, 159, 143)
(191, 155, 139)
(193, 155, 143)
(196, 160, 147)
(200, 166, 153)
(200, 169, 156)
(203, 176, 161)
(211, 185, 169)
(216, 189, 172)
(213, 185, 167)
(212, 181, 165)
(209, 177, 164)
(205, 174, 160)
(199, 169, 155)
(194, 164, 150)
(189, 160, 144)
(190, 158, 142)
(191, 155, 138)
(193, 156, 139)
(197, 164, 145)
(202, 174, 154)
(206, 181, 160)
(205, 175, 155)
(204, 168, 149)
(204, 165, 147)
(204, 167, 149)
(211, 181, 162)
(219, 194, 175)
(226, 201, 185)
(230, 204, 192)
(229, 203, 192)
(221, 196, 185)
(205, 179, 167)
(169, 141, 129)
(142, 110, 98)
(141, 107, 95)
(144, 117, 103)
(151, 126, 112)
(164, 138, 124)
(173, 150, 138)
(174, 160, 151)
(175, 173, 169)
(199, 206, 207)
(217, 228, 235)
(222, 233, 241)
(227, 238, 247)
(231, 241, 250)
(233, 245, 253)
(233, 248, 254)
(234, 249, 254)
(237, 251, 255)
(236, 250, 254)
(237, 252, 255)
(236, 251, 255)
(235, 250, 255)
(235, 249, 254)
(236, 249, 254)
(237, 250, 255)
(236, 249, 254)
(234, 249, 255)
(233, 248, 254)
(209, 227, 234)
(208, 227, 234)
(209, 228, 234)
(209, 228, 233)
(208, 227, 232)
(213, 231, 235)
(213, 230, 236)
(216, 230, 239)
(218, 231, 240)
(217, 231, 239)
(218, 232, 240)
(215, 231, 240)
(215, 232, 240)
(215, 232, 240)
(218, 233, 241)
(218, 233, 238)
(219, 236, 241)
(218, 235, 242)
(221, 235, 243)
(223, 232, 239)
(169, 170, 170)
(124, 114, 102)
(138, 115, 97)
(152, 118, 101)
(158, 118, 100)
(159, 121, 100)
(160, 125, 106)
(168, 133, 117)
(169, 133, 119)
(167, 129, 117)
(162, 124, 111)
(159, 122, 107)
(157, 123, 106)
(151, 119, 102)
(149, 117, 99)
(152, 120, 101)
(147, 118, 99)
(142, 113, 93)
(140, 106, 87)
(138, 100, 81)
(136, 97, 77)
(133, 96, 77)
(139, 103, 87)
(147, 115, 101)
(156, 127, 115)
(164, 136, 125)
(162, 131, 118)
(164, 130, 116)
(164, 129, 113)
(162, 127, 110)
(164, 127, 110)
(168, 130, 113)
(174, 135, 119)
(174, 137, 121)
(175, 140, 124)
(176, 143, 125)
(177, 143, 126)
(178, 143, 128)
(181, 145, 132)
(188, 154, 141)
(188, 158, 144)
(191, 163, 149)
(194, 164, 151)
(196, 164, 150)
(195, 163, 148)
(195, 161, 147)
(192, 157, 143)
(192, 156, 140)
(191, 154, 137)
(193, 155, 141)
(198, 160, 146)
(201, 167, 152)
(202, 173, 157)
(207, 181, 164)
(214, 188, 171)
(217, 190, 173)
(213, 186, 168)
(211, 182, 166)
(209, 179, 164)
(207, 176, 163)
(202, 173, 159)
(196, 168, 154)
(195, 166, 151)
(196, 163, 148)
(195, 161, 145)
(197, 163, 146)
(198, 167, 150)
(201, 172, 154)
(205, 175, 157)
(202, 170, 152)
(200, 165, 147)
(201, 162, 144)
(202, 164, 146)
(207, 173, 154)
(215, 187, 168)
(221, 195, 177)
(228, 202, 187)
(231, 207, 192)
(229, 207, 192)
(226, 203, 189)
(217, 190, 178)
(193, 161, 150)
(164, 129, 118)
(146, 117, 103)
(150, 122, 106)
(161, 132, 115)
(170, 146, 133)
(173, 161, 153)
(184, 186, 184)
(211, 222, 225)
(220, 233, 241)
(225, 238, 246)
(230, 242, 250)
(234, 245, 253)
(235, 247, 254)
(234, 250, 255)
(235, 250, 254)
(239, 251, 254)
(237, 250, 253)
(238, 252, 255)
(238, 251, 255)
(237, 250, 255)
(237, 248, 254)
(237, 248, 253)
(239, 249, 254)
(238, 249, 255)
(236, 250, 255)
(235, 248, 255)
(210, 227, 235)
(210, 228, 235)
(208, 227, 233)
(211, 230, 234)
(209, 228, 232)
(213, 230, 235)
(213, 230, 235)
(216, 230, 238)
(218, 231, 239)
(218, 231, 240)
(218, 231, 239)
(217, 232, 240)
(217, 233, 241)
(216, 232, 239)
(218, 233, 240)
(218, 233, 238)
(219, 234, 240)
(219, 235, 241)
(222, 236, 243)
(224, 232, 239)
(170, 169, 169)
(131, 117, 105)
(141, 112, 100)
(152, 112, 102)
(153, 112, 97)
(155, 118, 96)
(160, 125, 105)
(166, 128, 114)
(165, 126, 114)
(161, 122, 111)
(158, 118, 107)
(153, 116, 101)
(150, 115, 99)
(144, 111, 95)
(143, 111, 92)
(146, 115, 94)
(141, 112, 91)
(135, 106, 85)
(135, 101, 81)
(133, 97, 76)
(133, 96, 75)
(136, 99, 81)
(145, 111, 96)
(160, 129, 115)
(169, 140, 128)
(174, 147, 135)
(172, 142, 128)
(163, 129, 115)
(164, 128, 112)
(163, 125, 108)
(163, 123, 106)
(165, 125, 108)
(168, 128, 112)
(171, 133, 117)
(171, 133, 118)
(173, 137, 120)
(174, 138, 122)
(173, 137, 121)
(176, 140, 126)
(182, 148, 134)
(184, 155, 139)
(185, 158, 143)
(189, 157, 144)
(188, 155, 140)
(188, 153, 138)
(189, 153, 139)
(190, 153, 140)
(192, 155, 139)
(193, 156, 139)
(196, 158, 143)
(200, 162, 147)
(200, 167, 151)
(204, 177, 159)
(212, 188, 170)
(217, 192, 175)
(217, 189, 173)
(213, 185, 170)
(210, 183, 167)
(208, 180, 166)
(207, 177, 164)
(202, 174, 161)
(197, 171, 158)
(200, 172, 157)
(202, 170, 155)
(201, 168, 153)
(204, 173, 156)
(204, 175, 158)
(206, 177, 160)
(208, 175, 160)
(204, 172, 156)
(200, 167, 149)
(199, 163, 145)
(201, 163, 145)
(204, 168, 150)
(213, 181, 163)
(218, 190, 173)
(221, 198, 180)
(226, 206, 187)
(228, 207, 190)
(229, 206, 192)
(230, 204, 190)
(225, 196, 184)
(209, 180, 167)
(181, 154, 139)
(168, 140, 122)
(164, 136, 118)
(165, 144, 130)
(170, 161, 154)
(197, 202, 201)
(220, 232, 236)
(225, 238, 246)
(228, 241, 249)
(233, 245, 253)
(235, 247, 254)
(235, 248, 254)
(236, 251, 255)
(237, 250, 254)
(241, 251, 254)
(239, 251, 254)
(240, 251, 255)
(239, 252, 255)
(239, 250, 255)
(239, 249, 255)
(238, 248, 254)
(240, 249, 255)
(239, 249, 255)
(237, 249, 255)
(235, 248, 255)
(211, 227, 235)
(210, 228, 236)
(209, 229, 234)
(212, 231, 235)
(210, 229, 234)
(213, 231, 236)
(215, 231, 236)
(217, 231, 239)
(218, 231, 239)
(220, 233, 241)
(219, 232, 240)
(218, 232, 239)
(216, 232, 239)
(216, 233, 240)
(219, 234, 240)
(219, 233, 239)
(221, 235, 240)
(220, 235, 241)
(222, 236, 242)
(225, 236, 241)
(189, 190, 190)
(137, 123, 114)
(142, 113, 103)
(149, 110, 100)
(150, 110, 95)
(151, 114, 93)
(157, 119, 103)
(161, 121, 109)
(159, 119, 108)
(154, 114, 104)
(151, 113, 103)
(146, 111, 97)
(142, 109, 94)
(139, 107, 92)
(137, 107, 89)
(138, 110, 90)
(135, 108, 88)
(133, 104, 85)
(130, 97, 79)
(128, 93, 74)
(133, 98, 77)
(143, 108, 91)
(157, 122, 108)
(171, 139, 125)
(179, 150, 136)
(184, 155, 142)
(184, 153, 139)
(172, 137, 123)
(168, 131, 114)
(161, 122, 105)
(157, 116, 100)
(159, 117, 103)
(162, 120, 106)
(167, 127, 113)
(167, 129, 115)
(169, 130, 116)
(169, 132, 117)
(168, 132, 116)
(172, 136, 121)
(177, 141, 126)
(179, 147, 131)
(180, 149, 133)
(182, 147, 133)
(181, 146, 130)
(184, 147, 131)
(189, 152, 137)
(193, 155, 142)
(197, 159, 144)
(198, 161, 145)
(197, 162, 147)
(199, 163, 148)
(202, 169, 153)
(206, 180, 163)
(214, 191, 175)
(218, 193, 178)
(218, 189, 176)
(216, 187, 173)
(212, 186, 172)
(208, 183, 168)
(205, 178, 164)
(202, 175, 162)
(200, 174, 161)
(204, 178, 163)
(207, 178, 162)
(207, 177, 162)
(210, 181, 165)
(210, 183, 167)
(211, 183, 167)
(212, 181, 166)
(209, 178, 163)
(207, 175, 159)
(202, 169, 151)
(202, 166, 148)
(204, 169, 151)
(208, 175, 158)
(215, 186, 169)
(214, 194, 175)
(219, 201, 182)
(221, 198, 183)
(228, 202, 190)
(232, 206, 193)
(230, 204, 191)
(223, 199, 184)
(214, 189, 174)
(203, 177, 159)
(189, 164, 146)
(177, 160, 148)
(182, 178, 173)
(214, 221, 223)
(225, 237, 243)
(230, 243, 250)
(232, 245, 252)
(234, 248, 254)
(235, 249, 254)
(237, 251, 255)
(239, 251, 255)
(239, 250, 254)
(241, 251, 254)
(239, 250, 253)
(240, 251, 255)
(240, 252, 255)
(239, 250, 255)
(239, 248, 255)
(239, 248, 255)
(240, 250, 255)
(238, 248, 255)
(237, 248, 255)
(235, 248, 255)
(211, 228, 236)
(209, 227, 234)
(209, 228, 233)
(211, 230, 234)
(210, 229, 233)
(215, 232, 236)
(215, 231, 237)
(217, 232, 239)
(218, 232, 240)
(220, 233, 241)
(219, 232, 240)
(219, 233, 241)
(218, 233, 241)
(216, 232, 239)
(219, 236, 241)
(221, 235, 241)
(223, 236, 242)
(221, 235, 242)
(221, 236, 242)
(222, 235, 240)
(212, 218, 220)
(150, 142, 138)
(141, 119, 107)
(144, 112, 98)
(147, 112, 96)
(146, 111, 94)
(150, 112, 98)
(153, 112, 101)
(151, 111, 100)
(147, 109, 99)
(145, 110, 99)
(140, 107, 94)
(136, 105, 90)
(135, 104, 90)
(132, 106, 89)
(130, 109, 90)
(133, 110, 92)
(130, 102, 87)
(125, 92, 77)
(129, 93, 78)
(139, 104, 86)
(152, 117, 102)
(166, 131, 117)
(180, 146, 131)
(186, 155, 139)
(190, 160, 144)
(195, 162, 147)
(187, 150, 136)
(174, 136, 120)
(163, 123, 107)
(153, 112, 98)
(152, 110, 97)
(154, 112, 100)
(157, 117, 105)
(158, 120, 108)
(160, 121, 108)
(159, 123, 109)
(160, 125, 109)
(164, 129, 113)
(169, 132, 116)
(170, 133, 118)
(169, 132, 117)
(170, 132, 117)
(176, 138, 122)
(186, 148, 131)
(193, 155, 140)
(196, 158, 145)
(200, 162, 148)
(200, 164, 149)
(196, 162, 148)
(197, 162, 148)
(200, 168, 153)
(204, 178, 162)
(212, 189, 174)
(218, 191, 179)
(220, 189, 178)
(217, 188, 176)
(214, 190, 177)
(209, 188, 173)
(202, 178, 164)
(202, 177, 163)
(204, 179, 166)
(206, 183, 168)
(208, 183, 166)
(211, 182, 167)
(214, 183, 170)
(214, 186, 171)
(214, 187, 173)
(214, 187, 172)
(216, 185, 172)
(215, 183, 169)
(208, 177, 159)
(205, 172, 154)
(207, 173, 155)
(208, 176, 159)
(212, 183, 167)
(214, 190, 175)
(215, 192, 177)
(220, 193, 182)
(226, 198, 188)
(232, 205, 193)
(232, 206, 192)
(227, 202, 187)
(221, 196, 182)
(214, 189, 174)
(203, 182, 167)
(190, 180, 169)
(202, 204, 201)
(224, 235, 238)
(228, 242, 249)
(232, 245, 252)
(233, 247, 253)
(234, 249, 253)
(235, 250, 253)
(238, 251, 254)
(239, 250, 255)
(239, 249, 255)
(241, 250, 255)
(239, 249, 253)
(239, 251, 255)
(238, 250, 254)
(238, 249, 254)
(239, 249, 255)
(238, 249, 254)
(238, 250, 255)
(236, 248, 254)
(236, 249, 255)
(235, 248, 255)
(211, 229, 236)
(210, 228, 235)
(209, 228, 233)
(211, 230, 234)
(211, 229, 233)
(216, 233, 237)
(215, 231, 237)
(215, 231, 237)
(216, 231, 238)
(219, 232, 239)
(219, 232, 240)
(219, 233, 240)
(218, 233, 241)
(218, 234, 241)
(220, 236, 242)
(222, 236, 241)
(222, 236, 242)
(222, 236, 242)
(222, 237, 243)
(222, 236, 241)
(224, 233, 238)
(190, 189, 189)
(143, 131, 119)
(141, 119, 103)
(143, 116, 99)
(144, 113, 98)
(147, 110, 99)
(148, 108, 98)
(146, 108, 96)
(143, 109, 98)
(140, 110, 98)
(138, 110, 97)
(132, 107, 94)
(129, 106, 94)
(133, 116, 104)
(151, 138, 126)
(146, 128, 116)
(125, 98, 87)
(124, 91, 79)
(132, 99, 84)
(145, 112, 96)
(159, 126, 110)
(174, 139, 125)
(185, 151, 135)
(192, 160, 143)
(194, 164, 146)
(200, 167, 151)
(196, 159, 146)
(183, 146, 130)
(171, 133, 118)
(156, 117, 103)
(149, 106, 93)
(146, 104, 93)
(145, 108, 98)
(145, 111, 100)
(147, 112, 99)
(149, 115, 100)
(151, 117, 101)
(155, 119, 104)
(158, 119, 104)
(159, 119, 105)
(165, 124, 111)
(171, 131, 116)
(180, 141, 124)
(190, 150, 134)
(196, 156, 142)
(200, 161, 148)
(201, 163, 148)
(199, 164, 149)
(194, 162, 148)
(197, 162, 149)
(200, 168, 153)
(203, 176, 161)
(210, 187, 172)
(217, 191, 179)
(221, 190, 181)
(218, 190, 179)
(213, 191, 178)
(212, 191, 175)
(209, 184, 169)
(207, 181, 167)
(206, 182, 169)
(207, 185, 169)
(208, 185, 167)
(211, 183, 168)
(215, 184, 171)
(216, 186, 172)
(214, 188, 173)
(216, 189, 174)
(220, 189, 177)
(221, 190, 177)
(213, 184, 168)
(208, 177, 160)
(209, 177, 161)
(211, 180, 164)
(211, 182, 166)
(216, 187, 174)
(218, 188, 177)
(220, 190, 179)
(224, 194, 184)
(226, 198, 185)
(226, 199, 185)
(226, 200, 185)
(221, 196, 183)
(213, 191, 177)
(204, 187, 174)
(195, 190, 183)
(217, 222, 224)
(229, 242, 248)
(231, 245, 252)
(236, 248, 254)
(236, 249, 254)
(235, 250, 253)
(236, 251, 254)
(238, 251, 254)
(240, 252, 255)
(240, 250, 255)
(241, 252, 255)
(240, 251, 255)
(238, 251, 255)
(237, 250, 254)
(237, 249, 254)
(238, 250, 255)
(237, 249, 254)
(236, 249, 254)
(235, 248, 254)
(234, 248, 255)
(234, 248, 255)
(209, 229, 235)
(209, 229, 234)
(209, 229, 234)
(212, 230, 235)
(213, 231, 235)
(215, 231, 236)
(215, 231, 236)
(215, 233, 237)
(216, 232, 237)
(217, 233, 238)
(217, 233, 239)
(217, 233, 240)
(218, 233, 240)
(219, 233, 241)
(222, 236, 243)
(222, 235, 241)
(222, 237, 242)
(221, 236, 241)
(223, 238, 243)
(222, 237, 242)
(223, 235, 242)
(222, 228, 231)
(180, 179, 175)
(144, 134, 124)
(142, 123, 110)
(144, 119, 107)
(142, 113, 103)
(142, 111, 101)
(140, 111, 97)
(137, 113, 99)
(132, 111, 99)
(130, 111, 101)
(135, 122, 114)
(156, 151, 143)
(187, 187, 183)
(201, 199, 197)
(149, 137, 135)
(125, 99, 93)
(128, 98, 85)
(137, 111, 92)
(153, 126, 107)
(167, 138, 120)
(179, 146, 128)
(188, 154, 137)
(194, 162, 145)
(196, 167, 150)
(201, 172, 155)
(203, 170, 156)
(191, 157, 140)
(173, 139, 124)
(158, 123, 109)
(148, 104, 91)
(141, 98, 89)
(132, 102, 93)
(133, 107, 96)
(134, 105, 93)
(139, 107, 95)
(144, 109, 96)
(146, 109, 97)
(149, 111, 98)
(159, 118, 107)
(171, 129, 118)
(176, 136, 121)
(182, 144, 127)
(190, 150, 136)
(195, 154, 142)
(199, 158, 146)
(198, 162, 146)
(196, 164, 146)
(196, 162, 148)
(199, 162, 148)
(201, 166, 151)
(207, 176, 160)
(213, 187, 172)
(217, 193, 180)
(219, 193, 182)
(215, 192, 179)
(213, 190, 176)
(216, 190, 174)
(216, 186, 171)
(214, 183, 170)
(208, 182, 169)
(210, 185, 169)
(211, 185, 169)
(211, 183, 170)
(213, 185, 172)
(213, 187, 172)
(215, 189, 172)
(218, 189, 173)
(222, 190, 177)
(223, 192, 179)
(217, 188, 173)
(214, 184, 168)
(216, 185, 169)
(219, 188, 172)
(219, 188, 173)
(220, 192, 177)
(220, 190, 177)
(223, 190, 178)
(224, 192, 179)
(221, 194, 177)
(220, 196, 179)
(219, 196, 180)
(217, 194, 180)
(209, 190, 175)
(199, 188, 177)
(205, 204, 202)
(228, 236, 243)
(234, 246, 254)
(236, 248, 254)
(239, 249, 254)
(238, 249, 254)
(238, 250, 254)
(238, 251, 254)
(238, 252, 254)
(239, 253, 255)
(239, 252, 254)
(241, 252, 255)
(239, 250, 254)
(238, 250, 255)
(237, 250, 255)
(236, 249, 255)
(237, 250, 255)
(235, 248, 255)
(235, 248, 255)
(235, 249, 255)
(235, 249, 255)
(235, 248, 255)
(209, 230, 234)
(208, 228, 233)
(210, 229, 235)
(212, 231, 235)
(213, 231, 235)
(215, 232, 237)
(215, 232, 237)
(217, 233, 238)
(217, 232, 237)
(218, 233, 239)
(216, 233, 239)
(216, 233, 240)
(217, 234, 241)
(219, 234, 242)
(222, 235, 242)
(221, 235, 241)
(221, 236, 241)
(220, 235, 240)
(223, 238, 243)
(221, 236, 243)
(222, 237, 243)
(223, 236, 241)
(221, 229, 230)
(197, 197, 194)
(168, 162, 156)
(153, 142, 136)
(141, 128, 122)
(139, 126, 118)
(137, 125, 114)
(141, 133, 122)
(154, 147, 139)
(175, 170, 164)
(199, 200, 195)
(208, 216, 212)
(211, 219, 218)
(194, 196, 196)
(134, 122, 120)
(124, 100, 93)
(130, 104, 90)
(144, 119, 101)
(157, 132, 113)
(169, 141, 122)
(181, 147, 130)
(191, 155, 139)
(196, 162, 146)
(200, 171, 153)
(203, 175, 157)
(204, 173, 157)
(195, 164, 146)
(177, 147, 133)
(159, 129, 115)
(144, 108, 95)
(131, 99, 90)
(131, 111, 104)
(143, 125, 117)
(123, 100, 89)
(124, 96, 83)
(133, 101, 87)
(135, 102, 87)
(144, 111, 96)
(161, 127, 113)
(173, 136, 123)
(178, 139, 124)
(181, 144, 127)
(186, 147, 131)
(192, 151, 138)
(197, 155, 143)
(197, 158, 143)
(195, 159, 143)
(195, 158, 145)
(199, 160, 147)
(201, 164, 150)
(205, 173, 158)
(211, 185, 170)
(215, 192, 178)
(215, 193, 180)
(214, 191, 177)
(212, 189, 173)
(215, 189, 172)
(219, 188, 172)
(217, 185, 172)
(212, 185, 172)
(211, 185, 170)
(212, 185, 169)
(212, 183, 170)
(213, 185, 171)
(214, 186, 171)
(216, 188, 171)
(218, 187, 173)
(221, 189, 175)
(223, 191, 177)
(220, 190, 174)
(221, 191, 174)
(226, 193, 178)
(227, 194, 179)
(228, 196, 181)
(224, 195, 181)
(221, 191, 178)
(221, 189, 177)
(220, 190, 175)
(216, 189, 172)
(213, 189, 172)
(214, 191, 175)
(210, 189, 174)
(199, 185, 172)
(194, 190, 181)
(219, 222, 222)
(234, 243, 250)
(236, 248, 255)
(236, 249, 254)
(239, 250, 255)
(239, 251, 255)
(238, 251, 255)
(238, 252, 254)
(238, 251, 254)
(240, 252, 255)
(239, 251, 254)
(240, 251, 255)
(238, 249, 253)
(237, 250, 254)
(236, 249, 255)
(236, 249, 255)
(235, 248, 254)
(236, 248, 254)
(238, 248, 255)
(237, 248, 255)
(236, 248, 255)
(233, 246, 254)
(209, 229, 233)
(210, 229, 233)
(212, 230, 234)
(214, 232, 237)
(214, 231, 237)
(216, 233, 239)
(214, 230, 236)
(218, 232, 239)
(219, 232, 239)
(219, 233, 240)
(216, 233, 239)
(215, 234, 240)
(216, 235, 241)
(218, 236, 242)
(221, 236, 243)
(221, 236, 242)
(221, 237, 242)
(221, 236, 241)
(222, 237, 243)
(222, 237, 243)
(221, 237, 244)
(222, 238, 244)
(224, 236, 241)
(225, 233, 236)
(221, 227, 228)
(211, 216, 215)
(201, 205, 204)
(199, 203, 200)
(202, 206, 201)
(209, 215, 211)
(214, 220, 218)
(217, 224, 224)
(215, 225, 225)
(209, 223, 224)
(207, 220, 221)
(171, 173, 171)
(122, 109, 102)
(125, 104, 92)
(135, 111, 97)
(150, 126, 109)
(161, 135, 117)
(173, 145, 127)
(183, 149, 133)
(193, 155, 140)
(198, 162, 146)
(200, 169, 151)
(203, 174, 155)
(205, 175, 156)
(198, 169, 150)
(184, 155, 141)
(161, 134, 120)
(143, 117, 105)
(135, 117, 110)
(157, 149, 146)
(161, 150, 146)
(110, 88, 80)
(96, 67, 55)
(110, 77, 63)
(125, 92, 75)
(139, 107, 89)
(156, 125, 109)
(168, 135, 121)
(176, 139, 123)
(180, 143, 125)
(182, 143, 125)
(187, 145, 130)
(192, 150, 136)
(193, 152, 138)
(192, 153, 140)
(193, 153, 143)
(196, 155, 144)
(200, 161, 149)
(202, 169, 154)
(207, 181, 166)
(212, 189, 174)
(212, 190, 176)
(210, 187, 173)
(211, 186, 171)
(216, 187, 172)
(219, 188, 172)
(217, 186, 172)
(215, 187, 173)
(213, 187, 172)
(211, 183, 167)
(212, 182, 170)
(215, 186, 173)
(215, 187, 172)
(217, 187, 171)
(219, 187, 173)
(221, 188, 175)
(222, 190, 175)
(222, 192, 175)
(224, 193, 175)
(228, 194, 177)
(229, 195, 180)
(230, 198, 183)
(227, 198, 184)
(222, 193, 180)
(216, 187, 175)
(213, 185, 170)
(213, 186, 169)
(209, 184, 167)
(206, 182, 167)
(201, 182, 168)
(190, 182, 172)
(200, 202, 198)
(229, 237, 239)
(235, 246, 252)
(237, 250, 255)
(236, 250, 255)
(237, 251, 254)
(238, 251, 254)
(237, 250, 254)
(238, 252, 255)
(238, 252, 255)
(240, 252, 255)
(239, 250, 253)
(239, 250, 254)
(239, 249, 254)
(237, 249, 254)
(236, 249, 254)
(236, 249, 254)
(235, 248, 254)
(235, 247, 254)
(237, 248, 255)
(236, 246, 254)
(235, 247, 255)
(234, 246, 254)
(212, 231, 235)
(212, 231, 235)
(213, 231, 235)
(214, 231, 237)
(214, 231, 238)
(215, 232, 239)
(215, 231, 238)
(218, 232, 240)
(218, 232, 240)
(219, 233, 240)
(217, 233, 240)
(216, 234, 240)
(216, 234, 240)
(218, 235, 242)
(222, 237, 244)
(221, 237, 243)
(223, 238, 243)
(222, 237, 242)
(222, 237, 243)
(222, 237, 243)
(222, 237, 244)
(222, 237, 244)
(225, 237, 245)
(225, 236, 244)
(226, 236, 243)
(223, 234, 241)
(220, 232, 238)
(221, 232, 236)
(221, 231, 234)
(219, 231, 233)
(217, 230, 233)
(215, 228, 233)
(210, 224, 229)
(207, 224, 228)
(196, 211, 212)
(145, 145, 141)
(124, 109, 97)
(129, 109, 93)
(141, 119, 105)
(158, 132, 118)
(169, 140, 124)
(177, 148, 131)
(188, 155, 140)
(196, 157, 143)
(200, 162, 147)
(200, 168, 150)
(202, 173, 152)
(204, 175, 153)
(200, 171, 151)
(190, 162, 147)
(168, 145, 131)
(147, 132, 120)
(155, 150, 144)
(170, 170, 170)
(156, 147, 147)
(95, 70, 65)
(84, 51, 41)
(95, 56, 43)
(110, 71, 54)
(128, 91, 73)
(146, 113, 96)
(164, 129, 115)
(172, 134, 119)
(176, 138, 120)
(178, 139, 119)
(183, 140, 123)
(187, 144, 130)
(186, 145, 132)
(185, 146, 134)
(187, 147, 137)
(191, 150, 139)
(196, 156, 144)
(197, 163, 149)
(203, 174, 160)
(210, 184, 170)
(211, 186, 171)
(206, 181, 166)
(208, 182, 166)
(214, 184, 168)
(217, 185, 170)
(215, 184, 169)
(215, 186, 171)
(215, 187, 171)
(211, 182, 167)
(210, 181, 168)
(213, 184, 170)
(215, 186, 170)
(217, 188, 172)
(216, 185, 170)
(219, 187, 173)
(220, 190, 174)
(221, 191, 174)
(223, 191, 174)
(226, 192, 175)
(228, 193, 179)
(229, 196, 183)
(228, 198, 185)
(224, 197, 184)
(217, 190, 178)
(212, 186, 171)
(209, 183, 167)
(205, 179, 163)
(197, 172, 158)
(187, 172, 159)
(188, 186, 180)
(215, 223, 225)
(234, 246, 251)
(238, 249, 253)
(239, 251, 254)
(237, 251, 255)
(237, 252, 255)
(237, 252, 254)
(237, 252, 255)
(238, 252, 254)
(237, 251, 254)
(240, 252, 255)
(239, 250, 253)
(239, 250, 254)
(239, 250, 254)
(237, 249, 255)
(236, 249, 255)
(235, 248, 254)
(235, 248, 255)
(234, 248, 255)
(234, 249, 255)
(233, 247, 254)
(234, 247, 255)
(234, 246, 254)
(215, 231, 236)
(213, 230, 234)
(213, 231, 235)
(214, 231, 236)
(214, 231, 238)
(215, 232, 239)
(215, 232, 239)
(216, 234, 240)
(215, 231, 238)
(218, 232, 239)
(217, 233, 240)
(217, 233, 240)
(220, 235, 242)
(220, 235, 242)
(222, 237, 243)
(221, 236, 242)
(222, 237, 243)
(221, 236, 241)
(223, 237, 243)
(222, 237, 244)
(223, 237, 243)
(224, 238, 243)
(225, 237, 246)
(227, 237, 247)
(226, 236, 247)
(224, 235, 245)
(221, 234, 242)
(220, 233, 239)
(219, 232, 237)
(219, 231, 238)
(213, 227, 233)
(211, 226, 232)
(207, 223, 228)
(204, 219, 222)
(179, 190, 190)
(127, 123, 117)
(128, 108, 95)
(137, 115, 97)
(149, 126, 111)
(164, 136, 123)
(175, 144, 129)
(181, 151, 135)
(191, 157, 143)
(196, 157, 143)
(198, 160, 145)
(200, 167, 148)
(202, 173, 152)
(202, 173, 151)
(200, 169, 149)
(194, 163, 148)
(171, 151, 137)
(158, 150, 140)
(168, 170, 167)
(171, 174, 176)
(145, 134, 136)
(89, 59, 56)
(84, 46, 39)
(97, 54, 42)
(114, 70, 54)
(125, 84, 67)
(137, 99, 84)
(156, 118, 105)
(165, 125, 111)
(169, 129, 111)
(173, 132, 112)
(176, 134, 116)
(182, 140, 125)
(181, 142, 128)
(180, 144, 131)
(181, 143, 132)
(183, 143, 132)
(190, 150, 138)
(193, 157, 144)
(198, 166, 151)
(205, 175, 162)
(206, 178, 164)
(205, 177, 161)
(208, 179, 163)
(212, 180, 164)
(215, 182, 166)
(215, 182, 167)
(214, 182, 168)
(212, 183, 167)
(207, 178, 163)
(207, 177, 164)
(210, 180, 166)
(213, 185, 169)
(215, 187, 170)
(215, 185, 170)
(218, 188, 173)
(218, 190, 173)
(219, 191, 174)
(221, 191, 174)
(224, 190, 176)
(224, 190, 178)
(224, 192, 179)
(224, 194, 182)
(225, 198, 185)
(221, 196, 183)
(217, 192, 178)
(213, 187, 172)
(208, 182, 167)
(194, 172, 159)
(181, 169, 160)
(201, 203, 202)
(228, 239, 245)
(236, 249, 254)
(240, 250, 252)
(240, 251, 253)
(237, 251, 255)
(236, 250, 254)
(237, 252, 255)
(236, 251, 254)
(238, 252, 254)
(237, 251, 254)
(239, 251, 255)
(239, 250, 254)
(239, 251, 255)
(238, 250, 254)
(236, 249, 255)
(236, 249, 255)
(236, 249, 255)
(236, 249, 255)
(234, 248, 255)
(232, 249, 255)
(232, 247, 255)
(234, 247, 255)
(236, 246, 255)
(216, 231, 236)
(214, 230, 235)
(214, 231, 235)
(215, 232, 237)
(215, 231, 238)
(215, 232, 239)
(214, 232, 239)
(213, 234, 239)
(213, 231, 237)
(216, 232, 239)
(218, 234, 240)
(218, 233, 239)
(222, 234, 241)
(222, 234, 242)
(221, 236, 242)
(219, 234, 240)
(222, 237, 242)
(221, 236, 241)
(222, 237, 243)
(222, 237, 243)
(223, 238, 243)
(222, 238, 241)
(223, 237, 243)
(225, 236, 245)
(224, 236, 246)
(225, 236, 246)
(222, 234, 241)
(220, 233, 239)
(218, 231, 235)
(217, 229, 236)
(211, 226, 231)
(206, 223, 227)
(203, 219, 221)
(198, 212, 211)
(150, 155, 152)
(122, 112, 104)
(135, 112, 97)
(145, 119, 102)
(156, 130, 115)
(168, 139, 125)
(178, 146, 130)
(184, 153, 136)
(192, 157, 142)
(196, 158, 142)
(196, 160, 143)
(199, 167, 147)
(204, 175, 154)
(204, 174, 152)
(202, 167, 149)
(192, 161, 148)
(171, 154, 143)
(168, 165, 157)
(172, 177, 176)
(171, 174, 177)
(131, 117, 117)
(86, 55, 51)
(91, 53, 45)
(110, 66, 55)
(129, 86, 71)
(140, 100, 84)
(138, 100, 86)
(145, 107, 95)
(155, 114, 101)
(159, 118, 101)
(164, 123, 104)
(169, 127, 110)
(173, 132, 118)
(173, 136, 122)
(171, 137, 123)
(172, 136, 125)
(175, 137, 124)
(183, 143, 130)
(189, 152, 138)
(191, 156, 142)
(198, 162, 150)
(200, 167, 154)
(202, 171, 155)
(206, 173, 158)
(210, 175, 159)
(213, 178, 162)
(213, 179, 164)
(212, 177, 163)
(207, 175, 160)
(203, 172, 158)
(204, 172, 159)
(206, 176, 161)
(206, 178, 161)
(210, 183, 166)
(215, 186, 172)
(216, 187, 173)
(216, 188, 172)
(217, 190, 174)
(219, 189, 173)
(220, 188, 174)
(222, 189, 176)
(220, 190, 177)
(221, 192, 178)
(224, 197, 183)
(222, 198, 184)
(220, 196, 181)
(217, 192, 177)
(212, 190, 175)
(202, 184, 172)
(193, 187, 181)
(220, 225, 227)
(233, 246, 253)
(236, 249, 255)
(240, 249, 252)
(240, 250, 253)
(238, 250, 255)
(237, 251, 255)
(237, 252, 255)
(237, 252, 255)
(237, 251, 254)
(238, 251, 254)
(240, 251, 255)
(238, 249, 253)
(238, 250, 254)
(237, 249, 254)
(236, 249, 255)
(236, 249, 255)
(235, 249, 255)
(235, 249, 255)
(234, 248, 255)
(233, 247, 254)
(233, 246, 254)
(234, 247, 255)
(235, 246, 255)
(213, 229, 234)
(214, 230, 236)
(215, 231, 237)
(216, 232, 238)
(215, 231, 237)
(216, 232, 238)
(214, 232, 238)
(214, 234, 239)
(215, 233, 238)
(217, 233, 238)
(217, 233, 238)
(218, 234, 239)
(222, 235, 241)
(223, 234, 241)
(221, 236, 242)
(221, 236, 241)
(223, 238, 242)
(222, 237, 242)
(224, 239, 243)
(223, 238, 243)
(223, 239, 244)
(221, 239, 242)
(222, 238, 243)
(223, 238, 244)
(222, 236, 243)
(221, 235, 242)
(219, 232, 237)
(218, 232, 235)
(215, 228, 231)
(213, 227, 231)
(207, 224, 227)
(202, 221, 222)
(199, 216, 214)
(180, 192, 188)
(126, 124, 117)
(122, 107, 96)
(139, 114, 100)
(149, 120, 105)
(160, 131, 116)
(171, 141, 126)
(179, 148, 132)
(185, 152, 135)
(189, 153, 137)
(193, 155, 139)
(194, 159, 141)
(200, 170, 149)
(206, 178, 156)
(204, 172, 152)
(200, 165, 148)
(184, 157, 144)
(168, 157, 148)
(173, 174, 170)
(173, 179, 182)
(166, 166, 170)
(120, 102, 100)
(92, 64, 55)
(110, 75, 65)
(131, 93, 80)
(146, 107, 92)
(159, 123, 107)
(160, 125, 111)
(151, 115, 103)
(148, 108, 94)
(146, 106, 90)
(152, 112, 94)
(159, 117, 102)
(163, 123, 110)
(166, 130, 117)
(165, 132, 117)
(164, 128, 115)
(165, 127, 114)
(173, 135, 120)
(182, 145, 130)
(186, 150, 136)
(190, 153, 142)
(194, 159, 146)
(198, 164, 148)
(203, 166, 151)
(207, 169, 153)
(209, 173, 157)
(209, 173, 158)
(208, 170, 157)
(202, 167, 153)
(198, 165, 150)
(199, 164, 150)
(199, 166, 152)
(200, 170, 153)
(205, 177, 160)
(210, 181, 168)
(213, 185, 171)
(213, 186, 170)
(214, 186, 169)
(214, 184, 167)
(215, 183, 168)
(217, 185, 171)
(217, 187, 173)
(219, 189, 174)
(221, 194, 179)
(220, 197, 182)
(220, 197, 182)
(218, 194, 179)
(213, 193, 180)
(205, 192, 180)
(202, 204, 199)
(230, 238, 241)
(235, 248, 254)
(237, 250, 255)
(239, 251, 253)
(240, 251, 253)
(240, 251, 255)
(238, 252, 254)
(238, 253, 255)
(238, 252, 255)
(238, 253, 255)
(238, 251, 254)
(239, 251, 255)
(237, 249, 253)
(237, 250, 254)
(236, 249, 254)
(236, 249, 255)
(235, 249, 254)
(233, 248, 254)
(233, 248, 255)
(234, 247, 255)
(236, 247, 255)
(235, 246, 254)
(235, 245, 254)
(234, 244, 254)
(213, 230, 237)
(213, 230, 237)
(215, 231, 238)
(216, 232, 237)
(216, 231, 236)
(217, 232, 237)
(216, 232, 237)
(215, 234, 238)
(215, 232, 237)
(219, 234, 239)
(218, 234, 239)
(218, 235, 240)
(221, 235, 239)
(222, 235, 240)
(221, 236, 241)
(220, 235, 240)
(222, 237, 240)
(222, 237, 240)
(223, 238, 242)
(223, 238, 243)
(223, 238, 244)
(220, 237, 244)
(221, 237, 244)
(221, 237, 243)
(218, 235, 240)
(218, 234, 238)
(216, 232, 235)
(214, 230, 231)
(211, 227, 227)
(209, 224, 227)
(203, 220, 222)
(197, 215, 216)
(194, 209, 207)
(152, 159, 156)
(117, 108, 99)
(128, 110, 98)
(143, 119, 107)
(154, 122, 109)
(165, 133, 118)
(174, 145, 128)
(180, 149, 133)
(184, 151, 134)
(188, 151, 133)
(189, 153, 135)
(190, 157, 138)
(197, 169, 148)
(203, 174, 153)
(203, 170, 151)
(196, 162, 147)
(177, 155, 145)
(168, 165, 159)
(172, 178, 179)
(170, 176, 183)
(156, 155, 159)
(108, 89, 83)
(112, 85, 74)
(136, 105, 92)
(152, 119, 105)
(162, 128, 113)
(174, 142, 127)
(182, 149, 136)
(179, 144, 132)
(167, 130, 116)
(145, 108, 92)
(138, 100, 84)
(146, 105, 92)
(154, 114, 103)
(158, 122, 109)
(157, 122, 108)
(155, 118, 104)
(158, 118, 104)
(167, 127, 113)
(175, 137, 122)
(180, 144, 130)
(183, 147, 135)
(188, 152, 139)
(192, 155, 140)
(197, 157, 143)
(200, 159, 145)
(200, 162, 146)
(202, 164, 149)
(204, 163, 149)
(199, 160, 147)
(194, 156, 142)
(189, 151, 138)
(189, 152, 138)
(191, 158, 141)
(196, 166, 150)
(202, 172, 159)
(206, 177, 163)
(208, 181, 165)
(208, 180, 162)
(208, 177, 160)
(211, 177, 161)
(211, 178, 162)
(213, 182, 165)
(217, 187, 170)
(218, 192, 175)
(219, 196, 180)
(219, 195, 181)
(216, 192, 178)
(211, 193, 179)
(203, 195, 184)
(213, 220, 217)
(235, 246, 249)
(237, 249, 254)
(238, 250, 255)
(238, 252, 254)
(239, 252, 254)
(240, 252, 255)
(238, 252, 254)
(239, 253, 255)
(239, 253, 255)
(237, 251, 254)
(237, 250, 254)
(239, 251, 255)
(237, 249, 253)
(236, 249, 254)
(235, 248, 254)
(235, 249, 254)
(233, 248, 254)
(232, 248, 254)
(233, 248, 255)
(233, 247, 255)
(235, 246, 255)
(234, 245, 253)
(233, 244, 253)
(234, 245, 255)
(213, 232, 238)
(213, 231, 237)
(214, 231, 237)
(215, 231, 236)
(216, 231, 235)
(217, 232, 236)
(216, 232, 237)
(217, 234, 238)
(216, 232, 237)
(219, 234, 239)
(218, 234, 239)
(219, 236, 240)
(219, 236, 239)
(220, 235, 239)
(221, 236, 241)
(221, 236, 240)
(222, 237, 241)
(222, 237, 241)
(223, 237, 241)
(224, 237, 242)
(223, 236, 244)
(221, 235, 244)
(220, 235, 243)
(219, 235, 241)
(217, 232, 237)
(217, 232, 235)
(213, 228, 231)
(211, 227, 228)
(208, 224, 225)
(206, 220, 223)
(200, 215, 218)
(194, 210, 212)
(184, 195, 194)
(132, 132, 127)
(120, 105, 94)
(132, 112, 98)
(145, 122, 110)
(153, 123, 111)
(164, 132, 117)
(173, 145, 128)
(181, 153, 136)
(184, 152, 133)
(186, 151, 132)
(187, 152, 134)
(187, 155, 136)
(193, 164, 143)
(199, 168, 149)
(198, 166, 147)
(190, 160, 145)
(173, 158, 149)
(170, 173, 169)
(170, 179, 182)
(168, 175, 183)
(146, 143, 145)
(107, 85, 78)
(130, 102, 88)
(158, 126, 112)
(174, 140, 127)
(180, 147, 133)
(188, 156, 142)
(197, 163, 151)
(199, 165, 153)
(192, 158, 143)
(172, 137, 122)
(147, 111, 96)
(138, 99, 88)
(145, 102, 94)
(148, 110, 100)
(148, 112, 99)
(147, 108, 96)
(149, 109, 96)
(156, 116, 102)
(164, 127, 112)
(170, 135, 120)
(174, 137, 125)
(179, 143, 130)
(184, 145, 129)
(188, 145, 130)
(189, 144, 129)
(188, 147, 131)
(188, 149, 133)
(191, 150, 135)
(190, 149, 135)
(185, 144, 132)
(179, 139, 126)
(179, 140, 126)
(180, 146, 129)
(184, 153, 136)
(192, 160, 145)
(194, 164, 148)
(199, 170, 152)
(200, 170, 153)
(200, 167, 149)
(202, 166, 148)
(200, 165, 147)
(204, 171, 153)
(211, 180, 162)
(214, 186, 169)
(216, 190, 175)
(215, 190, 175)
(212, 189, 175)
(209, 194, 180)
(206, 202, 192)
(222, 232, 231)
(236, 249, 253)
(237, 249, 254)
(238, 251, 254)
(237, 253, 254)
(238, 253, 255)
(240, 253, 255)
(238, 252, 254)
(237, 251, 253)
(237, 251, 254)
(237, 251, 254)
(237, 251, 254)
(237, 251, 254)
(237, 249, 254)
(236, 249, 254)
(237, 250, 254)
(235, 248, 254)
(234, 249, 254)
(231, 247, 253)
(232, 247, 254)
(232, 247, 254)
(232, 247, 254)
(232, 246, 253)
(233, 245, 254)
(235, 245, 255)
(209, 232, 237)
(209, 231, 235)
(212, 232, 235)
(213, 232, 235)
(216, 232, 235)
(216, 232, 236)
(216, 232, 236)
(216, 234, 238)
(215, 233, 237)
(217, 233, 238)
(218, 234, 239)
(220, 235, 240)
(219, 236, 240)
(221, 237, 241)
(222, 237, 242)
(220, 235, 242)
(221, 236, 242)
(222, 236, 241)
(223, 237, 241)
(224, 237, 242)
(223, 236, 241)
(220, 235, 240)
(220, 234, 238)
(218, 232, 236)
(217, 231, 236)
(215, 229, 234)
(211, 226, 231)
(209, 225, 230)
(204, 220, 225)
(201, 216, 219)
(197, 211, 213)
(192, 206, 208)
(164, 171, 170)
(121, 112, 102)
(128, 107, 92)
(139, 115, 101)
(145, 122, 107)
(150, 122, 108)
(161, 130, 116)
(173, 144, 129)
(182, 156, 141)
(183, 154, 136)
(182, 151, 133)
(184, 152, 134)
(187, 154, 133)
(192, 157, 140)
(194, 160, 146)
(191, 160, 142)
(178, 156, 140)
(170, 165, 157)
(171, 178, 177)
(171, 179, 183)
(166, 173, 177)
(130, 122, 123)
(111, 80, 74)
(138, 106, 92)
(167, 133, 118)
(183, 148, 133)
(193, 158, 143)
(201, 166, 152)
(203, 169, 156)
(204, 171, 158)
(201, 167, 153)
(191, 157, 142)
(169, 137, 124)
(152, 115, 105)
(142, 97, 91)
(139, 100, 93)
(138, 106, 97)
(137, 103, 95)
(135, 97, 88)
(141, 97, 87)
(145, 107, 93)
(152, 116, 101)
(162, 120, 110)
(168, 126, 115)
(171, 128, 113)
(174, 126, 112)
(175, 126, 110)
(174, 130, 111)
(175, 133, 114)
(176, 134, 115)
(177, 134, 120)
(169, 129, 116)
(166, 127, 112)
(168, 128, 113)
(167, 133, 115)
(171, 142, 122)
(178, 146, 126)
(179, 147, 129)
(180, 148, 131)
(182, 148, 132)
(180, 142, 125)
(184, 143, 126)
(184, 144, 127)
(188, 152, 134)
(195, 162, 144)
(205, 170, 154)
(209, 177, 164)
(206, 180, 165)
(206, 186, 171)
(206, 192, 181)
(208, 208, 202)
(228, 240, 240)
(237, 251, 254)
(238, 250, 254)
(237, 251, 254)
(237, 251, 254)
(238, 252, 255)
(239, 252, 255)
(238, 252, 255)
(237, 251, 254)
(236, 251, 254)
(237, 251, 254)
(236, 251, 254)
(237, 251, 255)
(236, 249, 254)
(237, 249, 255)
(238, 249, 255)
(238, 248, 254)
(235, 248, 254)
(232, 247, 254)
(232, 247, 254)
(232, 247, 255)
(233, 246, 254)
(232, 245, 253)
(235, 245, 254)
(236, 245, 254)
(207, 232, 236)
(207, 231, 234)
(211, 233, 236)
(213, 233, 236)
(214, 232, 236)
(215, 234, 237)
(215, 233, 237)
(216, 233, 239)
(215, 233, 239)
(217, 233, 239)
(219, 235, 240)
(221, 236, 241)
(218, 236, 240)
(219, 236, 240)
(222, 237, 242)
(221, 236, 242)
(222, 237, 244)
(222, 237, 242)
(222, 236, 241)
(221, 234, 240)
(221, 235, 240)
(218, 233, 236)
(218, 233, 236)
(217, 232, 235)
(215, 228, 234)
(213, 227, 232)
(209, 224, 230)
(206, 222, 228)
(199, 216, 221)
(196, 212, 215)
(193, 207, 208)
(185, 195, 196)
(137, 138, 136)
(122, 107, 96)
(135, 110, 96)
(143, 118, 103)
(146, 122, 106)
(152, 124, 109)
(162, 130, 115)
(175, 144, 129)
(185, 156, 140)
(185, 156, 138)
(183, 153, 134)
(183, 152, 133)
(184, 151, 131)
(188, 153, 137)
(190, 157, 142)
(184, 156, 140)
(174, 157, 144)
(171, 171, 166)
(169, 179, 180)
(169, 179, 181)
(160, 165, 166)
(117, 104, 101)
(117, 83, 74)
(142, 108, 93)
(168, 133, 118)
(184, 148, 133)
(199, 163, 147)
(207, 171, 157)
(209, 175, 161)
(203, 170, 156)
(201, 168, 152)
(198, 165, 149)
(180, 150, 136)
(162, 130, 120)
(142, 104, 99)
(130, 99, 95)
(139, 118, 112)
(142, 118, 110)
(114, 79, 71)
(115, 70, 61)
(123, 82, 68)
(130, 91, 76)
(143, 100, 89)
(149, 106, 95)
(154, 109, 96)
(156, 107, 93)
(156, 105, 90)
(157, 108, 92)
(158, 112, 94)
(163, 117, 100)
(164, 119, 103)
(157, 116, 100)
(155, 115, 99)
(155, 115, 101)
(156, 119, 105)
(156, 123, 107)
(159, 123, 104)
(158, 120, 102)
(151, 113, 97)
(150, 110, 95)
(151, 108, 92)
(157, 111, 95)
(159, 115, 99)
(163, 123, 106)
(168, 133, 116)
(182, 145, 131)
(190, 156, 143)
(191, 165, 150)
(194, 175, 160)
(199, 188, 179)
(212, 215, 210)
(233, 245, 247)
(237, 251, 254)
(237, 251, 254)
(238, 252, 255)
(238, 252, 255)
(238, 252, 255)
(238, 252, 255)
(237, 251, 254)
(238, 252, 255)
(236, 251, 254)
(236, 251, 254)
(236, 251, 254)
(236, 250, 255)
(234, 247, 253)
(236, 248, 254)
(238, 248, 254)
(237, 247, 254)
(235, 247, 253)
(232, 247, 254)
(231, 247, 254)
(232, 247, 254)
(233, 246, 254)
(233, 245, 253)
(234, 245, 254)
(235, 245, 254)
(208, 233, 237)
(208, 231, 236)
(211, 233, 236)
(213, 233, 236)
(212, 231, 235)
(213, 234, 237)
(214, 234, 237)
(215, 233, 239)
(215, 232, 239)
(218, 233, 240)
(218, 233, 239)
(219, 234, 239)
(218, 235, 239)
(219, 236, 241)
(220, 236, 241)
(219, 236, 241)
(221, 237, 243)
(219, 236, 242)
(221, 237, 242)
(219, 234, 239)
(218, 234, 238)
(216, 232, 235)
(216, 232, 235)
(215, 230, 235)
(212, 226, 231)
(209, 224, 228)
(205, 222, 226)
(202, 218, 224)
(195, 211, 216)
(192, 207, 210)
(187, 200, 203)
(165, 170, 170)
(122, 113, 108)
(126, 105, 95)
(138, 110, 97)
(144, 117, 102)
(150, 124, 109)
(155, 127, 112)
(164, 132, 117)
(176, 144, 128)
(185, 154, 137)
(186, 156, 138)
(184, 153, 134)
(183, 150, 130)
(182, 148, 129)
(184, 150, 133)
(184, 156, 138)
(177, 155, 139)
(169, 159, 152)
(172, 174, 175)
(167, 178, 181)
(167, 178, 179)
(152, 153, 151)
(109, 91, 84)
(119, 86, 72)
(146, 111, 97)
(170, 134, 120)
(186, 150, 136)
(200, 164, 148)
(210, 174, 159)
(217, 184, 168)
(214, 182, 166)
(206, 174, 157)
(199, 167, 150)
(182, 153, 137)
(162, 135, 123)
(140, 113, 107)
(138, 121, 118)
(161, 154, 149)
(154, 141, 135)
(100, 70, 62)
(103, 59, 49)
(119, 76, 60)
(131, 90, 74)
(144, 102, 89)
(150, 112, 99)
(159, 121, 107)
(165, 122, 110)
(159, 111, 99)
(150, 102, 89)
(142, 96, 81)
(145, 98, 83)
(145, 99, 83)
(143, 104, 85)
(140, 106, 89)
(143, 110, 97)
(145, 114, 104)
(141, 108, 97)
(134, 93, 79)
(125, 81, 65)
(118, 76, 60)
(125, 82, 67)
(135, 91, 75)
(144, 98, 82)
(154, 110, 93)
(158, 117, 101)
(157, 120, 106)
(169, 133, 121)
(177, 145, 132)
(179, 154, 139)
(180, 163, 148)
(192, 186, 178)
(223, 230, 227)
(235, 248, 250)
(237, 251, 254)
(237, 251, 254)
(238, 252, 255)
(238, 252, 255)
(239, 253, 255)
(238, 251, 254)
(238, 251, 255)
(237, 251, 254)
(236, 250, 253)
(236, 251, 254)
(236, 250, 254)
(237, 250, 255)
(235, 248, 253)
(234, 248, 254)
(236, 247, 253)
(236, 246, 254)
(234, 248, 255)
(232, 247, 254)
(232, 248, 255)
(232, 247, 254)
(233, 247, 255)
(232, 244, 253)
(233, 244, 253)
(233, 245, 254)
(210, 232, 238)
(210, 232, 237)
(212, 232, 237)
(213, 232, 237)
(212, 231, 235)
(213, 234, 237)
(214, 233, 238)
(216, 233, 240)
(215, 232, 239)
(217, 233, 240)
(219, 234, 241)
(219, 234, 240)
(218, 234, 240)
(219, 236, 241)
(221, 237, 242)
(219, 236, 241)
(219, 236, 242)
(219, 236, 242)
(219, 237, 241)
(218, 235, 239)
(217, 234, 237)
(215, 232, 234)
(214, 231, 234)
(211, 227, 232)
(208, 224, 229)
(204, 221, 225)
(201, 219, 223)
(196, 213, 218)
(190, 207, 211)
(189, 205, 207)
(181, 194, 196)
(142, 141, 138)
(125, 107, 98)
(135, 109, 98)
(139, 110, 99)
(142, 113, 100)
(147, 121, 107)
(154, 126, 112)
(162, 131, 117)
(173, 140, 124)
(183, 149, 132)
(185, 151, 135)
(182, 148, 129)
(181, 147, 127)
(183, 147, 130)
(182, 150, 132)
(177, 153, 135)
(171, 154, 142)
(168, 166, 162)
(170, 177, 180)
(168, 179, 183)
(167, 176, 177)
(139, 134, 131)
(108, 84, 75)
(123, 90, 74)
(152, 117, 102)
(175, 138, 124)
(189, 152, 138)
(201, 164, 148)
(212, 176, 159)
(220, 186, 168)
(221, 189, 171)
(219, 187, 171)
(210, 178, 162)
(192, 163, 147)
(166, 142, 128)
(141, 124, 117)
(155, 149, 147)
(168, 169, 167)
(154, 149, 145)
(98, 73, 67)
(105, 66, 54)
(131, 90, 73)
(150, 110, 92)
(159, 120, 106)
(167, 134, 119)
(180, 148, 133)
(192, 155, 143)
(189, 147, 136)
(178, 134, 123)
(157, 113, 101)
(139, 96, 81)
(129, 87, 71)
(128, 95, 77)
(133, 112, 96)
(147, 132, 121)
(157, 142, 134)
(136, 111, 102)
(119, 77, 66)
(117, 73, 57)
(122, 82, 65)
(140, 100, 85)
(161, 120, 104)
(179, 138, 121)
(191, 153, 136)
(198, 164, 148)
(200, 168, 154)
(200, 168, 156)
(203, 174, 160)
(201, 179, 163)
(196, 182, 168)
(205, 203, 196)
(231, 240, 241)
(236, 250, 253)
(238, 252, 255)
(238, 252, 254)
(237, 251, 254)
(238, 252, 255)
(238, 252, 254)
(238, 251, 255)
(238, 250, 254)
(238, 251, 255)
(236, 251, 253)
(234, 249, 253)
(235, 249, 255)
(237, 250, 255)
(235, 248, 254)
(234, 248, 254)
(235, 247, 254)
(235, 247, 254)
(234, 248, 255)
(231, 247, 254)
(232, 247, 254)
(232, 245, 253)
(232, 245, 254)
(232, 245, 254)
(231, 244, 253)
(232, 245, 254)
(212, 231, 238)
(213, 231, 238)
(213, 231, 237)
(214, 232, 237)
(213, 232, 236)
(215, 234, 239)
(214, 234, 239)
(216, 234, 240)
(216, 233, 240)
(218, 234, 241)
(219, 234, 241)
(219, 234, 241)
(218, 234, 241)
(219, 235, 241)
(219, 236, 241)
(219, 237, 241)
(220, 237, 243)
(218, 236, 242)
(218, 236, 240)
(215, 233, 237)
(215, 233, 236)
(213, 231, 233)
(212, 230, 233)
(208, 226, 230)
(205, 223, 227)
(200, 219, 222)
(196, 214, 218)
(191, 209, 213)
(186, 203, 206)
(184, 200, 202)
(169, 180, 181)
(130, 124, 117)
(134, 111, 97)
(149, 120, 108)
(151, 122, 111)
(145, 116, 104)
(148, 120, 109)
(151, 124, 111)
(158, 130, 116)
(167, 136, 120)
(177, 143, 125)
(179, 143, 127)
(180, 143, 124)
(181, 144, 125)
(182, 145, 130)
(178, 148, 130)
(170, 150, 133)
(168, 158, 149)
(168, 173, 172)
(168, 178, 180)
(167, 179, 182)
(163, 170, 170)
(128, 116, 112)
(111, 81, 71)
(130, 96, 79)
(157, 122, 107)
(179, 142, 128)
(193, 155, 141)
(204, 167, 150)
(214, 178, 160)
(219, 186, 166)
(222, 190, 171)
(223, 190, 177)
(220, 187, 173)
(208, 178, 162)
(183, 159, 146)
(156, 144, 136)
(167, 167, 164)
(169, 173, 174)
(152, 146, 147)
(103, 79, 74)
(119, 87, 73)
(149, 115, 97)
(168, 133, 115)
(178, 143, 128)
(182, 149, 134)
(188, 154, 140)
(199, 162, 150)
(201, 159, 150)
(198, 154, 145)
(183, 142, 130)
(157, 118, 103)
(127, 92, 77)
(124, 102, 88)
(149, 145, 133)
(171, 175, 168)
(179, 179, 174)
(144, 128, 120)
(118, 78, 68)
(135, 94, 77)
(158, 122, 103)
(180, 145, 129)
(195, 160, 145)
(207, 172, 156)
(216, 186, 169)
(222, 196, 179)
(224, 199, 184)
(225, 199, 185)
(224, 200, 185)
(220, 200, 183)
(214, 202, 189)
(218, 219, 214)
(235, 245, 249)
(237, 251, 254)
(238, 252, 255)
(237, 251, 254)
(238, 253, 255)
(238, 253, 255)
(237, 252, 255)
(238, 251, 255)
(238, 250, 254)
(238, 251, 254)
(236, 250, 253)
(235, 250, 254)
(235, 249, 254)
(237, 250, 255)
(235, 247, 254)
(234, 247, 255)
(234, 247, 255)
(235, 248, 255)
(234, 248, 255)
(231, 247, 254)
(231, 246, 254)
(232, 244, 253)
(234, 245, 255)
(234, 245, 255)
(232, 243, 253)
(231, 243, 252)
(215, 232, 239)
(215, 232, 239)
(217, 232, 239)
(216, 232, 238)
(216, 232, 238)
(216, 235, 240)
(215, 233, 240)
(217, 234, 241)
(216, 233, 240)
(218, 234, 241)
(219, 234, 241)
(220, 236, 243)
(219, 235, 242)
(219, 236, 242)
(219, 237, 241)
(218, 236, 240)
(219, 236, 242)
(217, 235, 241)
(218, 236, 240)
(215, 233, 237)
(215, 232, 235)
(212, 229, 232)
(209, 227, 230)
(206, 224, 228)
(201, 220, 224)
(196, 215, 219)
(191, 210, 214)
(188, 207, 210)
(183, 201, 202)
(181, 195, 197)
(155, 160, 160)
(127, 116, 107)
(142, 116, 100)
(157, 129, 113)
(162, 134, 121)
(157, 129, 117)
(156, 130, 119)
(152, 128, 115)
(152, 126, 113)
(160, 131, 115)
(168, 134, 117)
(171, 133, 117)
(175, 136, 119)
(179, 141, 122)
(181, 145, 130)
(175, 147, 131)
(166, 150, 137)
(168, 165, 160)
(167, 177, 176)
(166, 179, 179)
(167, 179, 179)
(160, 161, 161)
(119, 98, 95)
(115, 81, 70)
(137, 103, 86)
(165, 129, 114)
(183, 145, 131)
(197, 159, 144)
(209, 171, 154)
(216, 180, 161)
(220, 187, 166)
(222, 190, 171)
(223, 190, 176)
(223, 189, 175)
(216, 183, 169)
(195, 171, 159)
(170, 161, 152)
(171, 173, 171)
(171, 173, 176)
(148, 137, 141)
(110, 85, 81)
(135, 108, 92)
(160, 134, 113)
(180, 150, 133)
(194, 163, 147)
(201, 167, 152)
(201, 164, 150)
(205, 166, 154)
(205, 163, 154)
(203, 161, 152)
(195, 156, 144)
(178, 143, 128)
(137, 111, 98)
(140, 129, 120)
(175, 179, 174)
(184, 195, 194)
(188, 194, 193)
(154, 142, 136)
(121, 86, 75)
(149, 110, 93)
(177, 142, 124)
(197, 164, 148)
(210, 177, 162)
(219, 187, 171)
(224, 196, 179)
(227, 205, 187)
(230, 210, 192)
(230, 211, 195)
(231, 212, 196)
(228, 211, 194)
(221, 212, 199)
(227, 229, 225)
(237, 249, 252)
(237, 252, 255)
(236, 251, 254)
(236, 251, 254)
(237, 252, 254)
(237, 252, 255)
(237, 252, 255)
(237, 251, 254)
(237, 249, 253)
(237, 250, 254)
(236, 250, 253)
(236, 250, 255)
(236, 249, 255)
(237, 250, 255)
(236, 248, 254)
(234, 248, 255)
(235, 248, 255)
(234, 247, 255)
(232, 247, 254)
(230, 246, 253)
(232, 246, 253)
(233, 244, 253)
(235, 245, 255)
(235, 245, 255)
(233, 244, 254)
(232, 244, 254)
(215, 231, 238)
(216, 231, 238)
(218, 232, 238)
(218, 232, 238)
(216, 232, 238)
(216, 233, 240)
(214, 233, 239)
(216, 233, 240)
(215, 232, 239)
(217, 233, 240)
(219, 234, 241)
(220, 235, 242)
(218, 234, 241)
(218, 235, 241)
(219, 237, 241)
(217, 235, 239)
(217, 235, 240)
(216, 233, 240)
(217, 234, 239)
(215, 232, 236)
(213, 230, 233)
(210, 227, 230)
(207, 225, 228)
(202, 220, 224)
(198, 217, 221)
(193, 212, 215)
(188, 207, 210)
(186, 205, 206)
(182, 198, 199)
(180, 189, 190)
(145, 142, 139)
(132, 114, 104)
(147, 119, 103)
(162, 133, 116)
(169, 139, 123)
(169, 140, 126)
(171, 144, 132)
(169, 145, 134)
(159, 136, 123)
(161, 133, 119)
(162, 128, 112)
(161, 125, 108)
(167, 130, 113)
(175, 138, 122)
(179, 146, 130)
(172, 149, 133)
(163, 155, 146)
(171, 174, 173)
(165, 178, 179)
(166, 180, 178)
(167, 178, 176)
(153, 148, 148)
(118, 91, 86)
(124, 86, 75)
(146, 112, 96)
(172, 137, 120)
(188, 151, 135)
(201, 163, 148)
(212, 173, 157)
(217, 181, 163)
(222, 188, 168)
(223, 190, 171)
(221, 189, 173)
(221, 188, 172)
(216, 183, 170)
(196, 174, 162)
(177, 171, 163)
(173, 177, 174)
(172, 172, 175)
(143, 127, 129)
(117, 86, 81)
(141, 113, 97)
(168, 142, 123)
(190, 161, 144)
(203, 173, 157)
(213, 181, 164)
(219, 183, 167)
(220, 184, 169)
(216, 179, 165)
(212, 174, 160)
(203, 169, 153)
(188, 160, 143)
(154, 138, 125)
(162, 160, 155)
(187, 195, 195)
(193, 202, 207)
(196, 199, 203)
(164, 153, 150)
(124, 92, 81)
(150, 111, 93)
(180, 143, 124)
(200, 165, 149)
(214, 179, 164)
(221, 188, 172)
(227, 198, 181)
(232, 207, 190)
(235, 214, 196)
(233, 215, 197)
(233, 216, 200)
(232, 213, 199)
(224, 215, 204)
(229, 233, 230)
(236, 248, 252)
(236, 251, 254)
(236, 251, 254)
(236, 251, 254)
(237, 252, 255)
(237, 251, 254)
(237, 252, 255)
(237, 251, 254)
(237, 250, 254)
(236, 250, 253)
(235, 250, 254)
(236, 251, 255)
(236, 250, 255)
(237, 250, 255)
(234, 247, 253)
(233, 246, 254)
(235, 248, 255)
(234, 247, 255)
(233, 247, 255)
(231, 246, 253)
(233, 246, 254)
(235, 245, 254)
(234, 244, 254)
(234, 245, 255)
(232, 244, 254)
(232, 245, 254)
(214, 232, 238)
(214, 230, 236)
(215, 231, 236)
(217, 232, 237)
(216, 233, 238)
(216, 233, 239)
(214, 233, 239)
(216, 234, 240)
(216, 233, 240)
(218, 234, 241)
(220, 235, 242)
(220, 236, 242)
(219, 236, 242)
(217, 235, 240)
(218, 236, 239)
(217, 235, 239)
(218, 235, 240)
(217, 233, 239)
(218, 233, 240)
(215, 230, 236)
(213, 228, 232)
(208, 225, 227)
(205, 223, 226)
(200, 218, 223)
(195, 214, 219)
(190, 209, 212)
(186, 206, 207)
(182, 201, 203)
(180, 194, 196)
(178, 181, 182)
(143, 131, 126)
(139, 115, 105)
(153, 125, 111)
(167, 136, 117)
(174, 143, 123)
(177, 147, 129)
(179, 151, 136)
(182, 158, 145)
(176, 152, 139)
(171, 143, 128)
(170, 135, 119)
(164, 128, 110)
(161, 126, 110)
(167, 133, 119)
(173, 145, 128)
(166, 149, 135)
(165, 163, 158)
(167, 178, 181)
(166, 179, 182)
(165, 179, 177)
(166, 174, 172)
(142, 131, 133)
(118, 87, 82)
(134, 96, 82)
(155, 121, 102)
(177, 143, 123)
(193, 157, 139)
(206, 168, 152)
(216, 177, 162)
(221, 184, 167)
(224, 189, 171)
(223, 188, 170)
(219, 188, 168)
(218, 186, 168)
(213, 181, 166)
(192, 173, 161)
(174, 175, 167)
(171, 179, 177)
(169, 170, 172)
(136, 118, 116)
(122, 86, 77)
(148, 117, 99)
(176, 147, 128)
(196, 164, 149)
(207, 178, 160)
(216, 186, 167)
(224, 192, 174)
(226, 195, 175)
(226, 194, 175)
(224, 190, 172)
(217, 185, 167)
(199, 175, 156)
(172, 161, 149)
(175, 180, 175)
(193, 204, 204)
(199, 209, 216)
(205, 208, 213)
(177, 166, 164)
(128, 97, 87)
(150, 111, 93)
(179, 141, 121)
(198, 162, 145)
(212, 177, 161)
(219, 185, 168)
(226, 195, 176)
(233, 206, 187)
(238, 214, 194)
(236, 217, 198)
(234, 214, 199)
(231, 210, 198)
(225, 215, 206)
(230, 235, 231)
(237, 250, 253)
(237, 250, 254)
(237, 251, 255)
(237, 251, 254)
(239, 253, 255)
(238, 252, 255)
(238, 253, 255)
(238, 252, 254)
(238, 251, 254)
(237, 251, 255)
(235, 250, 255)
(235, 250, 255)
(236, 251, 255)
(235, 248, 254)
(235, 248, 254)
(234, 247, 255)
(234, 247, 255)
(233, 246, 254)
(233, 247, 255)
(231, 246, 253)
(233, 245, 253)
(233, 243, 253)
(232, 244, 253)
(232, 244, 253)
(229, 243, 252)
(230, 245, 254)
(215, 234, 240)
(214, 232, 237)
(215, 232, 236)
(216, 233, 237)
(215, 233, 237)
(215, 234, 239)
(215, 233, 239)
(216, 234, 240)
(217, 233, 240)
(218, 234, 241)
(219, 234, 241)
(221, 236, 243)
(219, 236, 241)
(218, 236, 239)
(218, 236, 239)
(217, 235, 239)
(218, 235, 240)
(216, 232, 238)
(217, 232, 238)
(216, 229, 235)
(213, 228, 231)
(207, 223, 226)
(202, 220, 223)
(196, 215, 220)
(193, 212, 216)
(187, 206, 209)
(183, 203, 204)
(180, 198, 199)
(179, 191, 194)
(171, 171, 171)
(143, 125, 118)
(146, 119, 108)
(157, 128, 114)
(169, 138, 117)
(176, 144, 122)
(182, 150, 131)
(187, 157, 142)
(189, 164, 149)
(187, 162, 148)
(181, 152, 136)
(181, 146, 129)
(178, 144, 124)
(170, 138, 122)
(157, 127, 112)
(160, 136, 119)
(161, 151, 137)
(167, 171, 168)
(165, 180, 184)
(168, 180, 186)
(167, 180, 180)
(163, 169, 168)
(128, 113, 113)
(118, 84, 77)
(139, 102, 86)
(161, 129, 108)
(181, 148, 127)
(198, 163, 143)
(211, 173, 156)
(217, 179, 163)
(223, 185, 169)
(225, 188, 172)
(224, 188, 169)
(219, 187, 164)
(217, 185, 163)
(211, 182, 165)
(189, 174, 163)
(172, 177, 170)
(168, 180, 179)
(163, 166, 166)
(126, 106, 100)
(124, 85, 73)
(151, 118, 98)
(181, 148, 129)
(202, 167, 151)
(210, 179, 161)
(219, 188, 168)
(228, 195, 177)
(231, 198, 178)
(232, 198, 178)
(230, 193, 175)
(223, 189, 171)
(212, 184, 167)
(191, 181, 170)
(189, 197, 192)
(196, 211, 211)
(201, 215, 221)
(209, 215, 221)
(184, 176, 175)
(130, 100, 91)
(147, 109, 89)
(174, 137, 115)
(194, 158, 140)
(209, 173, 156)
(217, 182, 164)
(222, 192, 171)
(231, 204, 183)
(237, 211, 189)
(237, 215, 195)
(235, 212, 198)
(233, 209, 199)
(225, 214, 206)
(231, 237, 234)
(237, 251, 253)
(238, 252, 255)
(239, 253, 255)
(237, 252, 254)
(238, 252, 255)
(237, 251, 254)
(237, 251, 254)
(237, 251, 254)
(237, 251, 255)
(237, 251, 255)
(235, 250, 255)
(235, 250, 255)
(235, 250, 254)
(235, 249, 254)
(235, 248, 254)
(234, 247, 254)
(234, 247, 255)
(233, 246, 254)
(233, 247, 254)
(231, 245, 253)
(234, 245, 253)
(233, 244, 253)
(230, 243, 252)
(229, 244, 253)
(228, 243, 251)
(229, 244, 253)
(212, 233, 239)
(212, 233, 238)
(213, 233, 238)
(213, 232, 237)
(215, 233, 238)
(216, 233, 239)
(216, 234, 239)
(217, 235, 240)
(217, 234, 239)
(219, 234, 239)
(219, 234, 239)
(220, 236, 241)
(217, 235, 239)
(218, 235, 240)
(219, 235, 241)
(218, 234, 239)
(217, 233, 238)
(216, 232, 237)
(216, 231, 236)
(213, 226, 232)
(209, 225, 229)
(201, 221, 222)
(198, 218, 219)
(194, 212, 215)
(191, 209, 211)
(187, 203, 205)
(182, 198, 200)
(178, 194, 195)
(175, 187, 188)
(159, 160, 159)
(137, 123, 112)
(149, 123, 107)
(162, 132, 115)
(172, 140, 120)
(177, 145, 125)
(184, 152, 136)
(193, 163, 149)
(197, 168, 154)
(196, 165, 151)
(191, 157, 142)
(187, 153, 138)
(184, 150, 134)
(180, 150, 132)
(159, 134, 115)
(147, 131, 114)
(159, 157, 146)
(165, 175, 171)
(169, 180, 183)
(171, 179, 185)
(168, 180, 183)
(159, 160, 162)
(120, 97, 95)
(120, 86, 75)
(140, 108, 90)
(164, 133, 114)
(186, 152, 131)
(203, 169, 147)
(211, 177, 157)
(216, 181, 162)
(223, 186, 167)
(227, 189, 171)
(227, 189, 169)
(222, 187, 163)
(218, 184, 161)
(212, 180, 164)
(186, 174, 164)
(171, 179, 175)
(170, 180, 182)
(160, 157, 158)
(124, 97, 90)
(125, 86, 70)
(152, 118, 93)
(184, 151, 128)
(203, 169, 152)
(213, 180, 164)
(221, 188, 172)
(229, 194, 178)
(233, 197, 181)
(233, 197, 182)
(232, 195, 178)
(226, 192, 173)
(216, 189, 173)
(198, 191, 182)
(196, 204, 201)
(201, 215, 217)
(206, 220, 225)
(213, 221, 227)
(191, 184, 187)
(130, 100, 95)
(139, 101, 83)
(166, 130, 107)
(191, 153, 134)
(206, 170, 152)
(215, 181, 163)
(220, 190, 171)
(228, 202, 179)
(235, 207, 183)
(236, 211, 189)
(234, 209, 193)
(232, 209, 197)
(224, 216, 207)
(231, 239, 236)
(237, 251, 253)
(238, 252, 255)
(238, 252, 255)
(236, 251, 254)
(237, 252, 255)
(236, 251, 255)
(236, 250, 254)
(237, 250, 255)
(236, 249, 255)
(236, 251, 255)
(235, 250, 255)
(235, 250, 254)
(234, 248, 254)
(234, 249, 255)
(234, 247, 254)
(235, 247, 255)
(235, 247, 254)
(232, 246, 254)
(233, 248, 255)
(231, 244, 252)
(233, 244, 253)
(233, 244, 254)
(229, 243, 254)
(229, 244, 253)
(229, 243, 252)
(231, 245, 253)
(211, 233, 238)
(211, 232, 237)
(213, 233, 238)
(213, 232, 238)
(214, 232, 238)
(216, 233, 240)
(216, 233, 239)
(216, 233, 239)
(216, 233, 239)
(219, 234, 240)
(219, 234, 240)
(219, 236, 242)
(217, 235, 240)
(218, 235, 241)
(220, 235, 242)
(219, 234, 240)
(216, 232, 238)
(215, 230, 235)
(215, 230, 235)
(211, 226, 231)
(205, 222, 226)
(199, 219, 221)
(196, 216, 217)
(191, 209, 211)
(188, 205, 207)
(183, 199, 202)
(180, 195, 198)
(176, 192, 192)
(171, 183, 183)
(150, 150, 147)
(137, 123, 109)
(153, 126, 108)
(165, 133, 116)
(172, 140, 122)
(179, 147, 129)
(185, 152, 139)
(194, 161, 149)
(200, 168, 154)
(199, 167, 151)
(192, 159, 144)
(192, 157, 143)
(188, 154, 139)
(181, 153, 135)
(164, 143, 124)
(149, 138, 125)
(163, 166, 160)
(166, 179, 177)
(169, 181, 183)
(170, 178, 183)
(168, 177, 182)
(147, 142, 145)
(112, 84, 80)
(124, 90, 74)
(145, 114, 94)
(171, 138, 120)
(190, 154, 133)
(203, 169, 147)
(210, 179, 157)
(215, 184, 163)
(220, 187, 166)
(225, 191, 171)
(225, 190, 170)
(221, 186, 165)
(215, 182, 161)
(207, 175, 160)
(181, 171, 164)
(171, 180, 178)
(171, 178, 181)
(157, 149, 149)
(121, 87, 81)
(128, 86, 70)
(155, 119, 95)
(182, 149, 126)
(202, 170, 152)
(214, 182, 166)
(222, 189, 174)
(229, 195, 180)
(234, 197, 182)
(234, 197, 183)
(232, 196, 179)
(227, 193, 173)
(216, 191, 175)
(201, 196, 188)
(202, 211, 210)
(207, 220, 223)
(213, 225, 231)
(217, 225, 231)
(199, 191, 196)
(134, 104, 100)
(136, 99, 82)
(160, 123, 101)
(184, 147, 127)
(202, 166, 148)
(211, 177, 161)
(219, 188, 170)
(225, 198, 176)
(233, 205, 181)
(234, 208, 186)
(232, 207, 190)
(232, 209, 197)
(226, 217, 209)
(233, 240, 238)
(238, 251, 254)
(238, 252, 255)
(238, 252, 255)
(236, 251, 254)
(236, 251, 253)
(237, 252, 255)
(236, 250, 255)
(237, 250, 255)
(236, 249, 254)
(236, 249, 255)
(236, 249, 255)
(236, 249, 255)
(235, 249, 255)
(235, 248, 255)
(235, 248, 255)
(236, 248, 255)
(235, 248, 255)
(233, 246, 254)
(233, 248, 255)
(231, 244, 253)
(232, 244, 254)
(231, 244, 254)
(229, 243, 254)
(229, 243, 253)
(230, 243, 252)
(231, 244, 252)
(212, 232, 238)
(213, 232, 238)
(214, 232, 238)
(215, 233, 239)
(216, 233, 240)
(217, 234, 241)
(215, 232, 239)
(216, 233, 240)
(216, 233, 240)
(218, 235, 242)
(217, 234, 241)
(218, 235, 241)
(216, 234, 241)
(216, 234, 241)
(219, 234, 241)
(218, 233, 240)
(215, 231, 237)
(213, 229, 235)
(212, 228, 234)
(208, 224, 230)
(203, 220, 225)
(198, 217, 220)
(195, 214, 217)
(189, 207, 209)
(184, 202, 204)
(180, 197, 199)
(177, 193, 196)
(174, 191, 191)
(171, 182, 180)
(147, 143, 139)
(143, 124, 111)
(157, 127, 111)
(167, 133, 118)
(174, 141, 124)
(180, 148, 132)
(189, 154, 142)
(195, 158, 147)
(201, 166, 153)
(201, 171, 154)
(197, 167, 150)
(197, 163, 149)
(188, 156, 141)
(181, 153, 136)
(165, 148, 133)
(158, 154, 145)
(167, 175, 173)
(167, 181, 184)
(166, 181, 186)
(168, 179, 183)
(167, 173, 177)
(134, 123, 124)
(110, 78, 73)
(126, 92, 74)
(151, 119, 98)
(177, 141, 123)
(193, 154, 134)
(203, 167, 146)
(210, 178, 157)
(216, 184, 163)
(219, 187, 166)
(222, 191, 170)
(221, 190, 170)
(219, 187, 169)
(212, 181, 164)
(201, 173, 161)
(183, 174, 169)
(174, 182, 182)
(173, 176, 180)
(154, 140, 141)
(120, 82, 76)
(131, 86, 72)
(155, 117, 96)
(181, 146, 125)
(200, 168, 150)
(213, 182, 164)
(222, 190, 173)
(230, 197, 180)
(236, 200, 183)
(235, 199, 183)
(232, 197, 178)
(226, 193, 173)
(214, 191, 176)
(203, 199, 193)
(207, 217, 218)
(211, 224, 230)
(216, 229, 235)
(222, 230, 236)
(204, 198, 202)
(138, 109, 105)
(134, 98, 82)
(155, 118, 100)
(180, 143, 125)
(198, 162, 145)
(211, 176, 161)
(216, 184, 167)
(222, 194, 174)
(230, 201, 179)
(232, 205, 185)
(231, 205, 190)
(233, 209, 198)
(227, 217, 209)
(235, 239, 238)
(240, 250, 254)
(238, 251, 255)
(238, 252, 255)
(236, 251, 254)
(236, 251, 254)
(237, 252, 255)
(236, 250, 255)
(237, 250, 255)
(239, 250, 254)
(238, 250, 255)
(237, 249, 254)
(238, 250, 255)
(237, 249, 254)
(237, 249, 255)
(235, 247, 255)
(234, 248, 255)
(234, 247, 255)
(233, 246, 254)
(234, 247, 255)
(232, 245, 254)
(232, 245, 255)
(230, 244, 254)
(231, 244, 255)
(231, 244, 254)
(230, 243, 252)
(230, 244, 252)
(215, 232, 239)
(214, 231, 238)
(214, 230, 237)
(214, 232, 239)
(216, 233, 240)
(216, 233, 240)
(215, 232, 239)
(215, 232, 239)
(215, 232, 239)
(218, 235, 242)
(217, 234, 241)
(218, 236, 242)
(216, 235, 241)
(216, 234, 241)
(218, 233, 241)
(216, 232, 239)
(213, 230, 237)
(210, 227, 233)
(210, 226, 232)
(206, 222, 229)
(202, 218, 225)
(196, 214, 219)
(193, 211, 216)
(187, 205, 209)
(181, 199, 202)
(178, 196, 199)
(173, 191, 195)
(172, 189, 190)
(167, 174, 172)
(144, 137, 131)
(148, 124, 111)
(159, 126, 110)
(167, 132, 117)
(174, 141, 124)
(180, 148, 133)
(191, 156, 144)
(198, 160, 150)
(201, 166, 152)
(200, 170, 152)
(200, 171, 153)
(202, 169, 154)
(194, 164, 147)
(183, 158, 142)
(168, 154, 143)
(162, 164, 159)
(168, 179, 180)
(168, 181, 188)
(165, 182, 188)
(165, 180, 182)
(165, 168, 170)
(125, 107, 106)
(110, 75, 68)
(124, 91, 73)
(152, 120, 99)
(179, 141, 123)
(195, 153, 136)
(204, 165, 147)
(212, 176, 157)
(218, 183, 164)
(221, 187, 167)
(221, 188, 168)
(219, 187, 168)
(218, 187, 171)
(212, 182, 166)
(199, 175, 165)
(182, 175, 172)
(173, 180, 182)
(174, 174, 178)
(148, 129, 130)
(120, 77, 71)
(136, 87, 75)
(158, 117, 99)
(179, 143, 124)
(197, 164, 146)
(210, 180, 160)
(222, 191, 172)
(232, 198, 180)
(236, 200, 182)
(235, 200, 182)
(233, 198, 179)
(226, 194, 175)
(213, 193, 179)
(206, 204, 200)
(212, 223, 226)
(216, 230, 236)
(221, 234, 241)
(226, 235, 241)
(208, 203, 207)
(140, 113, 109)
(133, 97, 83)
(151, 114, 98)
(178, 140, 124)
(195, 158, 144)
(208, 172, 159)
(214, 182, 166)
(220, 191, 172)
(226, 199, 179)
(228, 204, 186)
(228, 204, 190)
(229, 206, 196)
(225, 215, 209)
(234, 238, 237)
(240, 249, 254)
(238, 250, 255)
(238, 252, 255)
(236, 250, 253)
(237, 251, 254)
(237, 252, 255)
(236, 250, 254)
(237, 250, 255)
(239, 250, 254)
(239, 250, 254)
(238, 249, 254)
(238, 250, 255)
(236, 248, 254)
(237, 249, 255)
(235, 247, 254)
(233, 248, 255)
(233, 247, 255)
(234, 247, 255)
(234, 246, 255)
(231, 244, 253)
(230, 244, 253)
(229, 243, 253)
(231, 244, 255)
(232, 245, 254)
(230, 243, 252)
(230, 245, 252)
(218, 232, 240)
(216, 231, 238)
(215, 231, 238)
(215, 232, 239)
(216, 233, 240)
(216, 233, 240)
(216, 233, 240)
(217, 234, 241)
(216, 233, 240)
(218, 235, 242)
(216, 233, 240)
(217, 234, 241)
(217, 235, 241)
(216, 234, 241)
(217, 231, 240)
(215, 231, 238)
(212, 229, 236)
(208, 226, 232)
(206, 224, 230)
(202, 219, 226)
(199, 216, 222)
(193, 210, 217)
(189, 207, 212)
(183, 201, 205)
(179, 197, 201)
(176, 195, 199)
(171, 189, 193)
(170, 186, 189)
(165, 170, 169)
(142, 131, 124)
(151, 124, 111)
(162, 128, 111)
(169, 134, 116)
(172, 141, 121)
(182, 150, 134)
(193, 160, 147)
(201, 167, 154)
(203, 168, 153)
(202, 167, 150)
(203, 169, 152)
(203, 171, 155)
(199, 170, 152)
(190, 165, 150)
(174, 162, 154)
(168, 174, 171)
(169, 181, 185)
(168, 180, 187)
(165, 182, 188)
(164, 179, 183)
(155, 155, 157)
(115, 92, 90)
(113, 78, 69)
(127, 95, 77)
(152, 121, 101)
(181, 143, 126)
(198, 157, 140)
(208, 169, 152)
(216, 179, 161)
(220, 184, 165)
(223, 186, 168)
(222, 187, 167)
(217, 184, 165)
(215, 183, 165)
(209, 181, 163)
(194, 174, 164)
(179, 176, 173)
(172, 181, 183)
(175, 175, 178)
(144, 121, 122)
(125, 78, 72)
(139, 88, 77)
(159, 117, 100)
(177, 140, 123)
(196, 162, 144)
(207, 178, 157)
(220, 190, 170)
(231, 197, 178)
(233, 198, 178)
(232, 198, 179)
(232, 196, 178)
(228, 196, 177)
(215, 197, 184)
(211, 212, 209)
(217, 230, 234)
(220, 234, 242)
(225, 238, 245)
(229, 238, 244)
(211, 208, 211)
(140, 115, 109)
(130, 95, 82)
(147, 111, 96)
(175, 137, 122)
(195, 157, 144)
(204, 168, 156)
(210, 176, 162)
(215, 184, 167)
(218, 194, 175)
(221, 201, 183)
(223, 202, 188)
(224, 204, 193)
(220, 213, 205)
(230, 237, 234)
(238, 250, 253)
(238, 252, 255)
(238, 252, 255)
(238, 252, 255)
(238, 252, 255)
(238, 252, 255)
(237, 250, 254)
(237, 250, 255)
(238, 250, 254)
(239, 250, 255)
(238, 250, 254)
(237, 250, 255)
(236, 249, 255)
(237, 249, 254)
(235, 248, 254)
(231, 247, 254)
(232, 246, 254)
(234, 246, 255)
(235, 246, 255)
(232, 245, 254)
(229, 244, 253)
(229, 244, 253)
(231, 244, 254)
(232, 245, 255)
(232, 245, 253)
(231, 246, 253)
(217, 231, 240)
(216, 231, 239)
(216, 232, 239)
(215, 231, 238)
(215, 232, 239)
(217, 234, 241)
(217, 234, 241)
(218, 235, 242)
(217, 234, 241)
(218, 236, 243)
(217, 234, 241)
(217, 234, 241)
(216, 235, 241)
(215, 233, 239)
(215, 231, 239)
(213, 230, 236)
(210, 228, 234)
(206, 225, 230)
(202, 221, 227)
(198, 217, 223)
(195, 214, 220)
(191, 208, 215)
(187, 204, 210)
(182, 200, 204)
(178, 196, 200)
(173, 191, 195)
(170, 188, 192)
(171, 186, 190)
(160, 163, 162)
(140, 126, 118)
(153, 125, 110)
(163, 129, 111)
(168, 135, 114)
(173, 142, 121)
(187, 153, 137)
(199, 166, 152)
(204, 174, 159)
(205, 172, 155)
(206, 167, 150)
(206, 167, 151)
(204, 170, 155)
(199, 171, 153)
(191, 168, 154)
(175, 167, 160)
(171, 179, 179)
(170, 183, 187)
(170, 182, 187)
(168, 183, 188)
(164, 179, 182)
(145, 142, 142)
(119, 93, 88)
(123, 88, 77)
(135, 104, 87)
(157, 126, 108)
(183, 147, 130)
(196, 161, 144)
(206, 173, 155)
(214, 182, 163)
(216, 183, 164)
(220, 184, 166)
(221, 186, 167)
(218, 184, 164)
(213, 181, 160)
(206, 179, 160)
(191, 175, 164)
(180, 180, 177)
(173, 184, 186)
(173, 173, 176)
(136, 111, 110)
(123, 74, 67)
(136, 85, 74)
(155, 114, 98)
(175, 138, 120)
(196, 161, 142)
(211, 181, 160)
(221, 190, 171)
(229, 195, 177)
(230, 196, 176)
(229, 195, 176)
(231, 195, 177)
(227, 197, 179)
(216, 201, 189)
(216, 220, 219)
(221, 234, 240)
(224, 238, 247)
(228, 241, 248)
(232, 241, 247)
(216, 213, 217)
(142, 118, 114)
(129, 94, 83)
(150, 114, 100)
(178, 140, 126)
(193, 156, 142)
(200, 164, 152)
(208, 174, 160)
(213, 181, 165)
(209, 187, 168)
(210, 194, 175)
(214, 197, 181)
(218, 201, 189)
(216, 212, 202)
(228, 238, 233)
(236, 250, 252)
(238, 252, 255)
(238, 252, 254)
(237, 251, 254)
(238, 252, 255)
(238, 252, 255)
(237, 251, 254)
(238, 251, 255)
(238, 250, 254)
(238, 251, 254)
(236, 250, 254)
(236, 250, 255)
(235, 249, 254)
(235, 248, 254)
(233, 247, 254)
(231, 246, 254)
(233, 247, 254)
(233, 246, 254)
(234, 247, 255)
(232, 245, 254)
(230, 245, 254)
(230, 244, 253)
(231, 244, 253)
(233, 246, 254)
(233, 246, 254)
(232, 246, 254)
(215, 232, 240)
(216, 233, 241)
(217, 234, 241)
(216, 233, 240)
(215, 232, 239)
(216, 233, 240)
(217, 234, 241)
(217, 234, 241)
(216, 233, 240)
(218, 235, 242)
(218, 234, 241)
(217, 235, 242)
(214, 233, 239)
(213, 232, 238)
(213, 230, 237)
(210, 228, 234)
(207, 226, 231)
(203, 222, 227)
(201, 220, 224)
(195, 214, 219)
(192, 210, 216)
(187, 205, 211)
(183, 201, 206)
(180, 198, 202)
(175, 193, 197)
(173, 190, 194)
(170, 187, 191)
(172, 183, 188)
(154, 154, 152)
(141, 124, 112)
(155, 125, 109)
(164, 131, 111)
(170, 138, 115)
(177, 145, 124)
(192, 156, 140)
(202, 168, 153)
(204, 175, 158)
(204, 171, 153)
(205, 164, 148)
(206, 165, 150)
(203, 170, 155)
(199, 171, 154)
(186, 166, 154)
(174, 171, 165)
(171, 182, 182)
(171, 186, 188)
(172, 184, 188)
(172, 184, 188)
(166, 176, 178)
(136, 128, 126)
(125, 97, 88)
(134, 100, 85)
(142, 112, 95)
(159, 129, 112)
(183, 149, 133)
(195, 165, 148)
(205, 177, 159)
(210, 182, 163)
(215, 185, 166)
(216, 184, 164)
(216, 184, 164)
(214, 183, 162)
(211, 180, 159)
(204, 178, 160)
(188, 176, 165)
(180, 183, 182)
(174, 186, 188)
(170, 169, 171)
(132, 104, 103)
(126, 79, 70)
(136, 87, 76)
(150, 110, 95)
(173, 136, 118)
(197, 162, 143)
(211, 180, 161)
(220, 189, 171)
(228, 194, 178)
(229, 195, 177)
(226, 193, 175)
(228, 192, 174)
(226, 196, 180)
(217, 204, 194)
(221, 226, 226)
(223, 236, 244)
(227, 241, 250)
(231, 243, 250)
(236, 244, 250)
(219, 217, 220)
(145, 122, 118)
(130, 95, 84)
(152, 114, 101)
(174, 137, 123)
(187, 151, 136)
(196, 161, 147)
(206, 173, 158)
(214, 183, 166)
(211, 187, 169)
(209, 190, 172)
(208, 189, 174)
(210, 193, 180)
(212, 208, 197)
(228, 239, 234)
(236, 252, 253)
(238, 252, 255)
(238, 252, 255)
(238, 252, 255)
(238, 252, 254)
(239, 253, 255)
(237, 251, 254)
(237, 251, 254)
(237, 251, 254)
(237, 251, 254)
(234, 249, 253)
(235, 250, 254)
(234, 249, 254)
(234, 248, 254)
(233, 247, 255)
(233, 247, 255)
(233, 247, 255)
(234, 247, 255)
(233, 246, 254)
(231, 244, 253)
(231, 245, 254)
(230, 244, 253)
(231, 244, 253)
(233, 246, 254)
(232, 245, 253)
(233, 246, 254)
(215, 232, 240)
(216, 233, 241)
(216, 233, 240)
(215, 232, 239)
(216, 233, 240)
(217, 234, 241)
(217, 234, 241)
(216, 233, 240)
(215, 232, 239)
(218, 234, 241)
(217, 233, 240)
(216, 233, 240)
(214, 231, 238)
(211, 230, 236)
(209, 228, 234)
(207, 226, 231)
(204, 223, 228)
(200, 219, 223)
(197, 215, 220)
(192, 210, 215)
(188, 207, 212)
(183, 201, 206)
(181, 199, 203)
(179, 196, 200)
(175, 191, 194)
(173, 188, 192)
(171, 185, 190)
(172, 180, 185)
(148, 143, 139)
(142, 122, 106)
(158, 126, 108)
(168, 134, 115)
(175, 141, 120)
(183, 148, 130)
(196, 157, 142)
(203, 166, 151)
(205, 171, 154)
(204, 168, 150)
(205, 165, 147)
(206, 167, 152)
(202, 170, 156)
(196, 168, 153)
(182, 167, 156)
(173, 176, 171)
(171, 183, 183)
(171, 187, 188)
(171, 185, 188)
(172, 182, 187)
(168, 170, 173)
(127, 114, 109)
(130, 101, 86)
(143, 110, 91)
(152, 120, 103)
(167, 135, 118)
(184, 151, 134)
(196, 165, 149)
(206, 177, 160)
(211, 183, 164)
(216, 185, 167)
(218, 186, 167)
(215, 184, 164)
(212, 182, 161)
(209, 180, 160)
(198, 175, 159)
(186, 178, 169)
(180, 185, 185)
(174, 186, 188)
(166, 162, 164)
(131, 100, 98)
(132, 87, 77)
(137, 92, 80)
(147, 110, 93)
(173, 137, 118)
(198, 162, 143)
(211, 179, 162)
(221, 188, 174)
(228, 194, 180)
(228, 195, 177)
(227, 193, 176)
(228, 191, 175)
(225, 195, 179)
(218, 206, 197)
(225, 230, 231)
(227, 240, 248)
(230, 244, 252)
(234, 246, 252)
(237, 246, 252)
(222, 220, 223)
(148, 126, 122)
(135, 100, 90)
(155, 116, 104)
(170, 133, 118)
(182, 146, 131)
(195, 159, 145)
(205, 172, 156)
(214, 183, 165)
(216, 188, 171)
(216, 192, 175)
(215, 191, 176)
(213, 193, 179)
(212, 205, 195)
(229, 238, 233)
(238, 253, 254)
(237, 252, 254)
(239, 253, 255)
(238, 252, 254)
(240, 251, 253)
(238, 252, 255)
(237, 251, 254)
(237, 252, 255)
(237, 250, 254)
(237, 250, 255)
(236, 250, 255)
(236, 251, 255)
(234, 249, 254)
(234, 247, 254)
(233, 246, 255)
(234, 247, 255)
(234, 247, 255)
(233, 247, 255)
(231, 246, 254)
(230, 244, 253)
(231, 244, 253)
(230, 243, 252)
(231, 244, 252)
(232, 245, 254)
(232, 245, 253)
(233, 246, 254)
(214, 233, 240)
(214, 233, 240)
(215, 234, 241)
(216, 233, 240)
(217, 234, 241)
(217, 234, 241)
(216, 234, 240)
(217, 234, 241)
(216, 232, 239)
(218, 234, 241)
(217, 232, 239)
(215, 232, 239)
(213, 230, 237)
(210, 228, 234)
(206, 225, 231)
(204, 224, 228)
(200, 219, 223)
(197, 216, 220)
(194, 212, 217)
(190, 208, 212)
(186, 205, 209)
(181, 200, 203)
(178, 197, 200)
(176, 194, 196)
(174, 190, 192)
(172, 186, 189)
(170, 183, 188)
(173, 178, 181)
(143, 135, 128)
(144, 121, 103)
(159, 126, 106)
(168, 133, 114)
(177, 142, 123)
(188, 151, 135)
(198, 158, 144)
(202, 161, 146)
(204, 165, 149)
(205, 165, 148)
(203, 164, 146)
(203, 168, 152)
(200, 170, 156)
(193, 167, 154)
(181, 169, 161)
(175, 181, 178)
(172, 185, 186)
(170, 188, 188)
(171, 188, 189)
(174, 183, 188)
(162, 159, 162)
(125, 107, 99)
(136, 106, 88)
(152, 118, 97)
(161, 128, 110)
(170, 136, 119)
(184, 150, 132)
(195, 160, 145)
(203, 168, 154)
(211, 177, 162)
(216, 180, 164)
(218, 182, 165)
(217, 182, 163)
(213, 182, 162)
(205, 178, 160)
(191, 171, 157)
(183, 179, 171)
(180, 186, 187)
(175, 185, 188)
(163, 156, 156)
(131, 98, 95)
(136, 95, 84)
(141, 98, 86)
(149, 114, 96)
(176, 141, 121)
(199, 162, 143)
(210, 177, 161)
(221, 187, 175)
(229, 194, 182)
(228, 195, 178)
(227, 193, 176)
(227, 191, 175)
(223, 194, 179)
(219, 208, 199)
(229, 235, 236)
(230, 243, 250)
(233, 247, 254)
(237, 248, 254)
(238, 246, 252)
(223, 221, 224)
(153, 132, 128)
(144, 108, 99)
(160, 120, 108)
(173, 136, 120)
(186, 149, 133)
(198, 163, 148)
(207, 174, 158)
(215, 184, 165)
(221, 189, 172)
(221, 192, 176)
(221, 193, 178)
(220, 195, 182)
(216, 205, 196)
(228, 233, 229)
(238, 250, 253)
(237, 252, 255)
(238, 252, 255)
(239, 252, 255)
(240, 252, 254)
(239, 253, 255)
(237, 251, 254)
(237, 252, 255)
(237, 250, 254)
(237, 249, 255)
(236, 249, 254)
(236, 249, 255)
(234, 247, 254)
(235, 248, 255)
(234, 247, 254)
(233, 245, 255)
(233, 247, 255)
(231, 246, 254)
(231, 246, 254)
(230, 244, 253)
(232, 245, 254)
(233, 244, 254)
(232, 244, 254)
(232, 245, 254)
(232, 245, 254)
(234, 246, 254)
(214, 233, 240)
(216, 234, 242)
(216, 234, 242)
(215, 232, 240)
(217, 234, 241)
(217, 234, 241)
(216, 234, 240)
(218, 234, 241)
(216, 233, 239)
(217, 233, 240)
(216, 231, 239)
(215, 230, 238)
(212, 227, 236)
(208, 225, 234)
(203, 223, 230)
(201, 220, 227)
(199, 216, 223)
(196, 212, 220)
(192, 210, 216)
(186, 205, 210)
(182, 202, 205)
(179, 198, 201)
(174, 194, 198)
(171, 192, 192)
(170, 190, 190)
(170, 186, 188)
(169, 183, 187)
(166, 171, 171)
(138, 127, 119)
(145, 120, 103)
(163, 126, 107)
(169, 134, 116)
(177, 145, 127)
(189, 157, 139)
(199, 162, 146)
(201, 161, 146)
(201, 160, 145)
(203, 161, 145)
(204, 165, 147)
(203, 168, 150)
(198, 169, 152)
(189, 168, 156)
(180, 173, 169)
(177, 184, 185)
(171, 185, 186)
(171, 187, 187)
(173, 188, 190)
(175, 182, 186)
(152, 144, 142)
(125, 100, 91)
(139, 109, 90)
(151, 122, 100)
(161, 127, 109)
(166, 131, 115)
(173, 141, 123)
(185, 150, 135)
(191, 155, 141)
(198, 161, 148)
(206, 168, 153)
(210, 171, 155)
(214, 176, 159)
(214, 179, 162)
(202, 175, 159)
(184, 168, 157)
(177, 179, 172)
(181, 188, 190)
(177, 183, 188)
(160, 148, 149)
(133, 101, 95)
(140, 104, 92)
(147, 109, 96)
(159, 124, 107)
(181, 146, 128)
(198, 162, 145)
(208, 170, 157)
(218, 181, 168)
(223, 187, 174)
(227, 189, 174)
(226, 190, 173)
(223, 190, 173)
(219, 193, 177)
(217, 207, 200)
(231, 238, 239)
(234, 246, 252)
(234, 248, 253)
(236, 249, 253)
(239, 246, 253)
(223, 223, 228)
(156, 137, 132)
(149, 112, 101)
(165, 124, 111)
(179, 139, 123)
(190, 151, 135)
(200, 161, 146)
(207, 172, 155)
(214, 183, 165)
(221, 190, 171)
(224, 191, 174)
(225, 192, 178)
(222, 195, 182)
(219, 202, 191)
(226, 224, 218)
(236, 247, 248)
(236, 251, 253)
(238, 252, 254)
(239, 253, 254)
(238, 252, 254)
(237, 253, 254)
(236, 250, 252)
(238, 251, 253)
(237, 249, 254)
(236, 249, 255)
(236, 249, 254)
(236, 249, 255)
(235, 248, 255)
(235, 248, 255)
(234, 248, 255)
(232, 247, 254)
(232, 247, 255)
(230, 246, 254)
(230, 246, 254)
(230, 245, 254)
(233, 246, 255)
(233, 246, 254)
(232, 244, 254)
(233, 244, 254)
(234, 244, 254)
(236, 245, 254)
(216, 235, 241)
(216, 233, 241)
(216, 233, 241)
(216, 233, 241)
(217, 234, 242)
(217, 234, 241)
(216, 235, 240)
(216, 233, 240)
(214, 232, 238)
(214, 232, 238)
(214, 229, 237)
(213, 228, 237)
(210, 226, 236)
(206, 225, 233)
(200, 220, 227)
(197, 215, 223)
(198, 213, 221)
(195, 210, 218)
(189, 206, 213)
(183, 202, 208)
(181, 200, 203)
(177, 195, 199)
(172, 191, 196)
(170, 191, 191)
(169, 189, 189)
(171, 187, 191)
(171, 183, 187)
(160, 163, 162)
(136, 122, 114)
(146, 119, 103)
(163, 127, 108)
(170, 138, 120)
(179, 149, 132)
(192, 161, 143)
(200, 163, 145)
(202, 162, 147)
(201, 160, 146)
(204, 162, 147)
(207, 167, 150)
(205, 170, 152)
(196, 168, 151)
(183, 167, 155)
(178, 177, 174)
(176, 185, 188)
(173, 186, 188)
(174, 188, 189)
(175, 187, 190)
(175, 179, 183)
(143, 131, 127)
(129, 99, 89)
(144, 114, 96)
(153, 126, 105)
(167, 132, 116)
(169, 133, 118)
(174, 142, 125)
(184, 150, 135)
(185, 150, 137)
(186, 150, 137)
(185, 149, 134)
(191, 154, 138)
(199, 162, 146)
(205, 171, 156)
(199, 172, 158)
(183, 170, 161)
(178, 183, 178)
(180, 188, 190)
(180, 184, 190)
(155, 140, 141)
(136, 104, 95)
(148, 114, 101)
(158, 122, 108)
(172, 135, 121)
(186, 151, 135)
(195, 159, 144)
(200, 160, 148)
(207, 166, 154)
(210, 170, 157)
(219, 176, 163)
(222, 183, 169)
(220, 188, 170)
(215, 193, 177)
(214, 209, 202)
(233, 241, 243)
(237, 249, 254)
(237, 250, 254)
(238, 251, 254)
(239, 246, 253)
(224, 223, 228)
(156, 137, 132)
(149, 112, 100)
(163, 123, 109)
(174, 135, 119)
(186, 147, 131)
(197, 158, 144)
(206, 170, 156)
(212, 181, 163)
(221, 189, 170)
(226, 191, 175)
(228, 193, 179)
(224, 196, 181)
(220, 199, 186)
(221, 214, 207)
(233, 243, 242)
(238, 252, 254)
(239, 253, 254)
(239, 253, 253)
(238, 253, 255)
(237, 252, 255)
(238, 251, 253)
(240, 251, 253)
(238, 249, 255)
(237, 249, 255)
(236, 249, 255)
(236, 249, 255)
(235, 248, 255)
(234, 247, 254)
(234, 248, 255)
(232, 248, 255)
(231, 248, 255)
(230, 246, 254)
(231, 246, 255)
(231, 245, 254)
(233, 246, 254)
(232, 245, 253)
(232, 245, 254)
(233, 244, 253)
(233, 243, 254)
(236, 245, 255)
(215, 234, 240)
(216, 233, 241)
(217, 234, 242)
(216, 233, 241)
(217, 234, 242)
(216, 234, 239)
(215, 234, 238)
(214, 233, 239)
(212, 231, 237)
(212, 230, 237)
(211, 227, 235)
(210, 225, 234)
(207, 224, 231)
(203, 223, 229)
(198, 217, 224)
(194, 211, 218)
(193, 209, 216)
(189, 205, 212)
(185, 203, 208)
(181, 199, 204)
(180, 198, 201)
(175, 193, 196)
(173, 190, 196)
(172, 189, 192)
(170, 187, 189)
(171, 186, 191)
(171, 182, 186)
(155, 153, 151)
(138, 120, 110)
(148, 122, 105)
(164, 132, 114)
(171, 143, 125)
(184, 154, 137)
(195, 161, 144)
(199, 159, 142)
(201, 161, 146)
(201, 160, 145)
(202, 162, 147)
(205, 168, 151)
(202, 170, 153)
(192, 166, 152)
(178, 168, 158)
(178, 182, 179)
(173, 185, 188)
(173, 186, 189)
(176, 189, 191)
(177, 186, 190)
(174, 173, 177)
(133, 118, 113)
(129, 97, 86)
(150, 119, 102)
(168, 139, 120)
(182, 146, 132)
(183, 148, 135)
(190, 159, 143)
(199, 167, 153)
(202, 170, 157)
(200, 167, 154)
(190, 156, 141)
(180, 148, 131)
(178, 145, 129)
(189, 159, 145)
(191, 165, 154)
(182, 171, 164)
(179, 186, 183)
(180, 189, 192)
(177, 181, 187)
(147, 131, 132)
(139, 106, 95)
(159, 123, 107)
(168, 131, 116)
(174, 136, 123)
(179, 143, 129)
(182, 145, 132)
(186, 146, 134)
(190, 149, 137)
(192, 151, 139)
(195, 152, 140)
(203, 163, 150)
(213, 179, 163)
(211, 191, 174)
(216, 214, 206)
(234, 245, 245)
(238, 250, 254)
(238, 252, 255)
(239, 251, 254)
(241, 247, 254)
(225, 223, 227)
(154, 134, 128)
(141, 105, 93)
(153, 113, 98)
(163, 125, 109)
(176, 139, 125)
(193, 156, 144)
(205, 169, 156)
(208, 175, 159)
(214, 179, 162)
(221, 182, 167)
(224, 187, 172)
(222, 192, 175)
(220, 197, 181)
(219, 208, 200)
(229, 234, 232)
(238, 250, 253)
(239, 252, 255)
(238, 251, 254)
(239, 251, 255)
(238, 250, 254)
(239, 250, 254)
(241, 250, 255)
(238, 249, 255)
(237, 249, 255)
(236, 249, 255)
(236, 249, 255)
(235, 249, 255)
(233, 247, 254)
(234, 248, 255)
(233, 248, 255)
(232, 247, 254)
(231, 246, 254)
(232, 246, 255)
(231, 245, 254)
(231, 245, 254)
(231, 245, 253)
(230, 244, 253)
(231, 245, 254)
(233, 245, 254)
(234, 245, 254)
(216, 235, 242)
(216, 233, 241)
(217, 234, 242)
(215, 232, 240)
(217, 234, 240)
(216, 234, 238)
(214, 233, 237)
(214, 233, 238)
(209, 229, 235)
(209, 230, 235)
(208, 226, 232)
(207, 223, 229)
(203, 220, 226)
(199, 218, 223)
(197, 214, 220)
(192, 209, 215)
(188, 206, 211)
(185, 202, 207)
(183, 201, 205)
(180, 196, 201)
(178, 194, 197)
(174, 191, 194)
(174, 190, 197)
(173, 188, 193)
(172, 187, 191)
(173, 186, 193)
(171, 179, 183)
(145, 139, 135)
(140, 118, 106)
(152, 126, 109)
(166, 137, 120)
(175, 148, 131)
(186, 156, 139)
(195, 158, 141)
(201, 158, 141)
(202, 160, 145)
(202, 162, 147)
(204, 166, 150)
(205, 169, 153)
(201, 170, 156)
(189, 166, 154)
(177, 171, 163)
(177, 186, 185)
(172, 186, 190)
(174, 188, 191)
(175, 188, 191)
(178, 185, 190)
(170, 166, 170)
(128, 107, 102)
(132, 97, 85)
(156, 121, 104)
(180, 148, 131)
(194, 158, 145)
(196, 162, 150)
(198, 167, 154)
(206, 175, 163)
(212, 182, 170)
(212, 181, 168)
(209, 179, 163)
(200, 171, 154)
(179, 151, 135)
(176, 148, 135)
(181, 156, 147)
(178, 170, 165)
(179, 188, 188)
(179, 190, 194)
(177, 179, 184)
(146, 125, 124)
(144, 109, 97)
(163, 126, 108)
(171, 135, 118)
(173, 137, 123)
(180, 145, 132)
(186, 150, 137)
(195, 158, 144)
(203, 167, 154)
(204, 168, 156)
(200, 160, 148)
(189, 151, 138)
(193, 159, 144)
(205, 184, 169)
(219, 217, 210)
(235, 246, 246)
(238, 250, 254)
(238, 253, 255)
(239, 252, 255)
(241, 248, 253)
(224, 222, 226)
(150, 129, 124)
(135, 98, 86)
(143, 103, 87)
(155, 116, 101)
(172, 135, 121)
(188, 151, 139)
(196, 161, 147)
(198, 164, 147)
(200, 163, 146)
(207, 166, 151)
(216, 176, 160)
(216, 185, 165)
(217, 192, 173)
(218, 203, 192)
(225, 223, 219)
(238, 247, 249)
(241, 252, 255)
(239, 252, 255)
(239, 251, 254)
(240, 250, 254)
(240, 249, 254)
(241, 250, 255)
(239, 249, 255)
(238, 250, 255)
(237, 249, 255)
(236, 249, 255)
(235, 249, 255)
(234, 249, 255)
(233, 248, 255)
(231, 246, 253)
(232, 246, 254)
(232, 246, 255)
(231, 245, 254)
(230, 244, 253)
(230, 244, 253)
(230, 245, 254)
(229, 245, 253)
(231, 245, 254)
(231, 245, 254)
(233, 246, 254)
(215, 234, 241)
(215, 232, 240)
(218, 235, 242)
(216, 233, 239)
(215, 232, 238)
(214, 232, 237)
(213, 231, 236)
(211, 230, 236)
(206, 226, 232)
(206, 227, 232)
(204, 224, 229)
(203, 221, 225)
(199, 218, 222)
(197, 215, 220)
(195, 210, 216)
(188, 205, 210)
(184, 203, 207)
(181, 200, 204)
(179, 197, 200)
(177, 192, 196)
(175, 191, 194)
(172, 190, 193)
(172, 190, 196)
(173, 188, 194)
(173, 187, 193)
(173, 186, 193)
(166, 171, 175)
(140, 130, 123)
(143, 118, 104)
(157, 129, 112)
(170, 139, 124)
(180, 151, 135)
(188, 155, 139)
(192, 154, 137)
(199, 156, 139)
(202, 160, 143)
(204, 165, 148)
(204, 168, 150)
(204, 171, 154)
(195, 168, 154)
(184, 166, 155)
(178, 177, 172)
(177, 188, 189)
(174, 187, 193)
(175, 189, 193)
(176, 190, 193)
(178, 187, 192)
(167, 162, 166)
(125, 101, 94)
(134, 97, 84)
(159, 123, 105)
(183, 149, 132)
(199, 163, 151)
(205, 171, 160)
(206, 174, 162)
(206, 175, 163)
(210, 179, 167)
(214, 183, 170)
(212, 183, 167)
(209, 180, 164)
(200, 173, 158)
(184, 156, 143)
(175, 150, 141)
(179, 172, 169)
(180, 190, 190)
(182, 191, 195)
(177, 177, 180)
(139, 114, 110)
(144, 106, 91)
(166, 130, 109)
(180, 145, 127)
(189, 154, 140)
(198, 164, 151)
(202, 169, 155)
(209, 176, 161)
(212, 181, 166)
(210, 181, 167)
(212, 179, 165)
(204, 169, 156)
(187, 154, 140)
(195, 172, 158)
(219, 215, 210)
(238, 249, 250)
(239, 252, 255)
(239, 253, 255)
(239, 252, 253)
(241, 248, 252)
(228, 227, 229)
(155, 135, 131)
(133, 93, 82)
(138, 94, 79)
(148, 106, 91)
(168, 127, 114)
(179, 141, 129)
(182, 145, 130)
(185, 147, 130)
(189, 149, 132)
(200, 155, 139)
(209, 167, 149)
(215, 180, 159)
(218, 190, 171)
(219, 198, 185)
(220, 212, 205)
(234, 239, 239)
(240, 251, 253)
(239, 252, 255)
(238, 251, 254)
(240, 250, 254)
(240, 249, 254)
(240, 249, 255)
(238, 249, 254)
(238, 249, 255)
(237, 249, 255)
(235, 248, 254)
(234, 248, 255)
(233, 248, 255)
(232, 247, 254)
(232, 245, 253)
(233, 247, 255)
(232, 246, 254)
(232, 246, 254)
(230, 244, 253)
(231, 245, 254)
(231, 245, 254)
(230, 244, 253)
(232, 246, 255)
(231, 244, 253)
(231, 245, 254)
(216, 234, 242)
(215, 232, 239)
(216, 233, 240)
(215, 233, 239)
(215, 233, 237)
(212, 231, 235)
(211, 230, 234)
(209, 227, 233)
(205, 225, 231)
(203, 224, 229)
(201, 221, 225)
(200, 218, 222)
(196, 215, 219)
(194, 212, 216)
(192, 206, 212)
(186, 201, 206)
(182, 200, 205)
(179, 197, 201)
(176, 194, 196)
(174, 190, 192)
(174, 189, 192)
(170, 190, 192)
(171, 190, 195)
(174, 189, 194)
(173, 188, 194)
(171, 184, 191)
(159, 160, 162)
(137, 122, 114)
(147, 120, 104)
(160, 128, 113)
(172, 137, 123)
(182, 149, 135)
(189, 153, 138)
(191, 155, 136)
(198, 154, 138)
(201, 159, 142)
(202, 165, 146)
(202, 167, 148)
(201, 170, 152)
(190, 167, 152)
(181, 169, 158)
(180, 182, 178)
(178, 188, 191)
(176, 188, 194)
(176, 189, 193)
(175, 189, 192)
(177, 187, 192)
(161, 158, 160)
(124, 98, 91)
(136, 99, 85)
(159, 122, 105)
(183, 148, 131)
(201, 165, 152)
(211, 178, 166)
(216, 184, 172)
(217, 183, 171)
(214, 181, 169)
(212, 180, 167)
(211, 180, 165)
(213, 183, 167)
(211, 183, 168)
(199, 171, 158)
(177, 154, 144)
(179, 175, 172)
(183, 193, 194)
(185, 193, 196)
(177, 173, 174)
(133, 104, 98)
(142, 102, 85)
(165, 129, 107)
(184, 150, 130)
(197, 165, 149)
(206, 174, 160)
(211, 179, 164)
(214, 183, 167)
(214, 185, 169)
(211, 184, 168)
(213, 182, 167)
(210, 178, 163)
(200, 169, 154)
(194, 173, 158)
(212, 211, 205)
(237, 249, 250)
(238, 251, 254)
(239, 253, 255)
(239, 252, 253)
(241, 249, 252)
(232, 233, 235)
(165, 148, 146)
(133, 94, 84)
(136, 91, 76)
(148, 102, 88)
(163, 119, 106)
(168, 128, 114)
(170, 131, 115)
(177, 136, 118)
(188, 144, 128)
(202, 154, 138)
(212, 167, 150)
(218, 181, 161)
(222, 191, 172)
(224, 198, 184)
(222, 205, 196)
(226, 225, 221)
(238, 246, 246)
(238, 252, 255)
(236, 251, 254)
(238, 251, 254)
(238, 250, 254)
(239, 250, 255)
(237, 249, 255)
(238, 250, 255)
(236, 249, 255)
(235, 248, 254)
(234, 248, 255)
(231, 248, 255)
(231, 247, 254)
(232, 245, 253)
(233, 246, 254)
(231, 245, 254)
(231, 245, 254)
(230, 244, 253)
(231, 245, 254)
(231, 245, 253)
(232, 243, 253)
(233, 245, 255)
(232, 245, 254)
(231, 244, 253)
(216, 235, 241)
(215, 232, 238)
(215, 232, 238)
(213, 231, 235)
(213, 231, 235)
(211, 229, 233)
(210, 229, 234)
(208, 226, 232)
(203, 223, 229)
(200, 221, 226)
(197, 216, 222)
(196, 214, 219)
(192, 210, 215)
(190, 207, 211)
(189, 203, 209)
(185, 200, 205)
(181, 198, 203)
(177, 194, 197)
(173, 191, 193)
(173, 189, 192)
(174, 190, 192)
(171, 190, 192)
(170, 190, 193)
(172, 188, 191)
(173, 188, 193)
(170, 182, 187)
(148, 144, 144)
(138, 117, 107)
(150, 120, 105)
(162, 128, 114)
(173, 133, 120)
(182, 144, 130)
(190, 152, 136)
(193, 156, 139)
(197, 155, 139)
(200, 158, 142)
(199, 163, 145)
(199, 164, 145)
(198, 168, 150)
(186, 168, 154)
(180, 174, 164)
(181, 185, 183)
(179, 188, 192)
(180, 190, 195)
(177, 188, 192)
(175, 189, 192)
(175, 186, 190)
(158, 156, 156)
(124, 99, 90)
(138, 100, 86)
(159, 123, 104)
(182, 147, 129)
(202, 166, 152)
(212, 179, 166)
(220, 186, 173)
(224, 189, 177)
(222, 187, 176)
(216, 183, 169)
(210, 177, 161)
(212, 181, 164)
(212, 182, 167)
(202, 173, 161)
(182, 162, 152)
(181, 180, 177)
(185, 195, 198)
(188, 195, 198)
(173, 167, 167)
(132, 100, 92)
(140, 99, 81)
(155, 119, 98)
(175, 142, 122)
(194, 163, 144)
(206, 175, 158)
(214, 182, 166)
(217, 187, 169)
(220, 190, 173)
(221, 189, 175)
(220, 188, 173)
(217, 186, 171)
(213, 184, 168)
(203, 184, 169)
(209, 211, 203)
(233, 247, 246)
(238, 252, 254)
(240, 253, 255)
(239, 252, 253)
(241, 249, 253)
(235, 239, 243)
(184, 173, 173)
(132, 99, 92)
(133, 91, 80)
(145, 99, 86)
(155, 109, 96)
(157, 115, 101)
(160, 118, 102)
(172, 127, 110)
(188, 142, 125)
(206, 156, 141)
(218, 171, 154)
(222, 184, 166)
(226, 192, 176)
(229, 198, 185)
(227, 202, 191)
(221, 211, 201)
(230, 233, 229)
(237, 249, 251)
(234, 250, 255)
(236, 250, 254)
(238, 250, 254)
(238, 250, 255)
(237, 249, 255)
(237, 250, 255)
(236, 248, 254)
(235, 248, 254)
(234, 249, 255)
(232, 248, 255)
(230, 246, 253)
(231, 245, 253)
(232, 246, 255)
(231, 245, 254)
(231, 245, 254)
(230, 244, 253)
(231, 244, 253)
(232, 244, 253)
(233, 244, 254)
(233, 244, 254)
(232, 245, 254)
(230, 243, 253)
(215, 234, 239)
(214, 232, 236)
(214, 232, 236)
(212, 230, 234)
(212, 230, 234)
(208, 226, 231)
(207, 225, 231)
(206, 223, 229)
(200, 220, 226)
(197, 218, 223)
(193, 212, 218)
(192, 210, 216)
(189, 206, 211)
(187, 203, 209)
(184, 198, 205)
(181, 196, 201)
(179, 195, 199)
(176, 192, 195)
(175, 192, 194)
(171, 189, 191)
(174, 189, 190)
(171, 188, 190)
(171, 191, 193)
(174, 190, 192)
(174, 188, 193)
(168, 177, 181)
(142, 131, 129)
(145, 116, 106)
(156, 121, 109)
(165, 127, 115)
(171, 130, 118)
(181, 141, 127)
(192, 152, 136)
(195, 156, 141)
(197, 154, 141)
(196, 155, 142)
(198, 161, 145)
(197, 162, 146)
(195, 165, 150)
(184, 167, 156)
(177, 178, 169)
(179, 188, 185)
(179, 190, 192)
(179, 190, 194)
(179, 189, 192)
(176, 189, 192)
(177, 186, 190)
(162, 158, 158)
(126, 101, 91)
(137, 101, 86)
(159, 124, 105)
(182, 147, 128)
(204, 169, 153)
(213, 182, 165)
(222, 187, 171)
(226, 190, 177)
(226, 191, 178)
(225, 190, 175)
(218, 185, 167)
(214, 181, 164)
(212, 180, 165)
(204, 175, 162)
(189, 173, 162)
(184, 188, 185)
(186, 197, 202)
(190, 197, 202)
(175, 168, 168)
(132, 100, 91)
(135, 95, 78)
(147, 110, 92)
(165, 133, 112)
(186, 155, 134)
(205, 172, 153)
(216, 183, 163)
(221, 189, 170)
(224, 192, 175)
(226, 191, 178)
(225, 193, 178)
(222, 192, 177)
(222, 193, 176)
(216, 196, 181)
(214, 214, 206)
(233, 247, 245)
(238, 253, 254)
(240, 253, 255)
(241, 252, 254)
(241, 250, 254)
(238, 246, 249)
(209, 204, 206)
(140, 117, 112)
(127, 93, 84)
(139, 97, 86)
(146, 102, 88)
(149, 106, 91)
(157, 112, 96)
(168, 120, 103)
(185, 137, 120)
(205, 155, 139)
(219, 171, 155)
(225, 185, 169)
(229, 193, 180)
(234, 199, 188)
(233, 203, 190)
(225, 205, 191)
(223, 218, 211)
(233, 243, 244)
(232, 249, 253)
(234, 249, 253)
(237, 249, 253)
(236, 248, 253)
(236, 250, 255)
(235, 250, 255)
(236, 249, 255)
(235, 248, 254)
(235, 248, 255)
(232, 247, 254)
(231, 247, 254)
(232, 246, 254)
(232, 246, 255)
(230, 244, 253)
(230, 244, 253)
(230, 243, 252)
(231, 244, 253)
(233, 244, 254)
(232, 243, 253)
(233, 244, 254)
(230, 244, 253)
(229, 243, 252)
(213, 232, 237)
(212, 231, 235)
(212, 230, 234)
(210, 228, 231)
(210, 228, 232)
(206, 224, 229)
(204, 222, 229)
(202, 219, 226)
(197, 216, 222)
(194, 215, 219)
(190, 210, 215)
(189, 206, 213)
(187, 203, 210)
(185, 201, 208)
(181, 197, 204)
(179, 194, 200)
(176, 191, 196)
(174, 189, 193)
(174, 190, 193)
(170, 188, 189)
(174, 189, 190)
(173, 188, 190)
(172, 191, 192)
(174, 189, 191)
(175, 189, 192)
(160, 167, 169)
(137, 121, 118)
(155, 120, 111)
(167, 128, 118)
(170, 132, 120)
(174, 134, 120)
(179, 140, 124)
(189, 147, 133)
(198, 155, 142)
(199, 154, 144)
(196, 156, 145)
(199, 162, 148)
(201, 166, 152)
(195, 165, 152)
(182, 169, 159)
(178, 183, 176)
(178, 189, 187)
(178, 190, 193)
(178, 189, 192)
(180, 190, 192)
(177, 190, 193)
(179, 187, 191)
(165, 160, 160)
(127, 101, 92)
(139, 105, 89)
(162, 128, 108)
(183, 149, 129)
(204, 170, 153)
(215, 183, 165)
(223, 187, 170)
(227, 191, 177)
(228, 192, 179)
(229, 193, 177)
(227, 193, 174)
(222, 189, 171)
(218, 186, 170)
(209, 181, 167)
(194, 183, 172)
(186, 194, 192)
(189, 202, 208)
(195, 202, 208)
(178, 171, 172)
(132, 101, 93)
(136, 96, 80)
(148, 109, 92)
(165, 131, 111)
(185, 153, 132)
(206, 171, 150)
(218, 183, 162)
(222, 188, 168)
(225, 192, 175)
(229, 194, 180)
(228, 197, 180)
(226, 197, 180)
(227, 197, 179)
(224, 200, 185)
(224, 218, 212)
(236, 248, 246)
(237, 252, 254)
(239, 252, 255)
(242, 251, 254)
(241, 250, 254)
(239, 250, 253)
(232, 233, 235)
(175, 163, 160)
(129, 106, 99)
(134, 99, 89)
(142, 100, 87)
(145, 103, 88)
(153, 107, 92)
(166, 115, 101)
(181, 133, 115)
(201, 151, 134)
(214, 165, 150)
(222, 182, 168)
(230, 193, 181)
(239, 202, 191)
(238, 204, 189)
(230, 202, 186)
(221, 210, 201)
(228, 234, 235)
(233, 248, 253)
(235, 250, 254)
(238, 250, 254)
(238, 250, 254)
(235, 250, 254)
(235, 250, 255)
(236, 249, 255)
(236, 249, 255)
(235, 248, 255)
(232, 247, 254)
(231, 247, 254)
(232, 247, 254)
(232, 246, 255)
(230, 244, 253)
(231, 245, 254)
(231, 244, 253)
(231, 243, 252)
(233, 244, 254)
(232, 243, 253)
(232, 246, 254)
(229, 244, 253)
(228, 243, 252)
(214, 232, 237)
(211, 229, 234)
(210, 228, 234)
(207, 225, 231)
(207, 225, 231)
(203, 221, 229)
(200, 218, 228)
(197, 215, 222)
(193, 212, 217)
(190, 210, 214)
(187, 205, 211)
(186, 203, 211)
(184, 200, 207)
(183, 198, 204)
(180, 194, 201)
(176, 190, 197)
(174, 189, 195)
(174, 189, 194)
(173, 188, 192)
(171, 187, 190)
(174, 189, 191)
(174, 189, 191)
(173, 190, 194)
(175, 190, 194)
(175, 185, 190)
(151, 149, 149)
(140, 119, 113)
(162, 125, 115)
(175, 134, 123)
(177, 137, 125)
(185, 144, 131)
(187, 147, 133)
(188, 145, 131)
(196, 150, 138)
(198, 152, 142)
(195, 157, 145)
(197, 160, 147)
(201, 163, 150)
(190, 163, 151)
(178, 172, 163)
(180, 187, 185)
(180, 190, 191)
(179, 190, 194)
(177, 189, 193)
(178, 190, 193)
(177, 190, 193)
(180, 189, 190)
(169, 162, 162)
(130, 103, 95)
(147, 108, 94)
(169, 129, 112)
(187, 150, 133)
(201, 166, 149)
(213, 179, 162)
(224, 188, 171)
(228, 192, 176)
(230, 194, 178)
(228, 194, 177)
(227, 192, 174)
(225, 190, 173)
(221, 189, 173)
(213, 187, 174)
(200, 189, 180)
(193, 199, 199)
(192, 205, 212)
(197, 207, 212)
(179, 175, 176)
(130, 103, 94)
(136, 98, 82)
(146, 112, 93)
(163, 131, 111)
(186, 154, 134)
(204, 171, 151)
(217, 184, 164)
(220, 188, 170)
(223, 191, 174)
(228, 196, 179)
(231, 199, 182)
(231, 199, 182)
(231, 198, 179)
(229, 202, 186)
(227, 217, 212)
(236, 245, 246)
(238, 253, 254)
(239, 253, 255)
(240, 252, 254)
(241, 252, 255)
(240, 252, 255)
(239, 246, 248)
(217, 216, 217)
(158, 146, 145)
(133, 106, 99)
(139, 101, 90)
(146, 101, 89)
(153, 105, 92)
(162, 112, 98)
(174, 126, 108)
(196, 145, 128)
(211, 159, 146)
(219, 174, 164)
(226, 189, 179)
(237, 202, 190)
(242, 205, 192)
(233, 201, 186)
(222, 206, 194)
(225, 226, 221)
(234, 245, 248)
(234, 249, 255)
(235, 249, 255)
(236, 250, 255)
(235, 250, 255)
(235, 250, 254)
(235, 249, 254)
(235, 249, 255)
(234, 249, 255)
(232, 247, 254)
(231, 247, 254)
(232, 246, 254)
(233, 246, 255)
(233, 245, 254)
(233, 245, 254)
(231, 244, 253)
(231, 243, 253)
(232, 245, 254)
(231, 245, 253)
(231, 245, 254)
(229, 244, 253)
(227, 244, 252)
(212, 231, 237)
(209, 228, 234)
(208, 225, 233)
(204, 223, 230)
(204, 223, 231)
(200, 218, 227)
(196, 215, 224)
(192, 211, 219)
(189, 208, 213)
(187, 207, 210)
(184, 201, 208)
(182, 199, 207)
(181, 196, 203)
(179, 194, 198)
(178, 191, 197)
(175, 188, 195)
(174, 189, 195)
(173, 188, 194)
(173, 188, 193)
(173, 188, 191)
(175, 189, 192)
(173, 189, 191)
(173, 189, 194)
(175, 189, 195)
(173, 179, 183)
(144, 134, 132)
(145, 118, 109)
(167, 129, 117)
(180, 140, 127)
(182, 143, 129)
(193, 152, 140)
(200, 158, 146)
(198, 154, 143)
(197, 152, 140)
(195, 151, 141)
(190, 154, 142)
(191, 157, 142)
(195, 158, 145)
(183, 161, 149)
(175, 176, 169)
(179, 189, 189)
(179, 188, 193)
(179, 188, 192)
(176, 190, 192)
(176, 190, 194)
(177, 190, 192)
(178, 189, 189)
(170, 165, 165)
(135, 109, 102)
(151, 111, 97)
(174, 131, 115)
(190, 151, 136)
(203, 167, 150)
(214, 177, 161)
(223, 186, 172)
(230, 193, 176)
(230, 194, 178)
(228, 193, 177)
(228, 191, 175)
(226, 190, 173)
(221, 189, 174)
(213, 189, 175)
(201, 192, 185)
(198, 203, 204)
(196, 209, 215)
(200, 212, 216)
(187, 187, 187)
(133, 110, 102)
(131, 95, 79)
(144, 110, 91)
(162, 129, 110)
(183, 151, 133)
(200, 170, 152)
(211, 182, 165)
(217, 189, 173)
(223, 195, 179)
(230, 199, 181)
(236, 202, 184)
(236, 200, 183)
(234, 200, 180)
(230, 204, 186)
(225, 216, 209)
(237, 244, 246)
(238, 252, 255)
(238, 252, 255)
(239, 252, 254)
(240, 252, 254)
(241, 252, 254)
(240, 250, 252)
(237, 242, 247)
(207, 204, 205)
(156, 138, 134)
(139, 106, 98)
(145, 104, 94)
(151, 105, 93)
(159, 110, 97)
(168, 121, 103)
(190, 139, 122)
(207, 154, 142)
(214, 168, 158)
(222, 186, 175)
(236, 202, 190)
(242, 204, 193)
(234, 200, 187)
(225, 204, 191)
(223, 219, 210)
(235, 244, 244)
(235, 250, 254)
(232, 249, 255)
(233, 249, 254)
(234, 249, 254)
(235, 249, 255)
(234, 248, 254)
(234, 249, 254)
(234, 249, 255)
(231, 247, 254)
(232, 248, 255)
(232, 246, 255)
(232, 245, 254)
(232, 244, 253)
(232, 244, 253)
(231, 244, 253)
(231, 245, 254)
(231, 246, 254)
(230, 244, 252)
(230, 244, 252)
(228, 242, 251)
(228, 244, 252)
(208, 227, 233)
(206, 225, 231)
(206, 225, 231)
(201, 220, 227)
(200, 219, 226)
(197, 216, 222)
(193, 212, 218)
(190, 209, 214)
(186, 205, 208)
(185, 204, 206)
(181, 199, 204)
(179, 196, 202)
(179, 194, 200)
(178, 192, 196)
(176, 191, 194)
(175, 189, 193)
(174, 189, 195)
(173, 189, 194)
(174, 189, 193)
(175, 190, 193)
(174, 191, 192)
(172, 190, 190)
(173, 190, 193)
(176, 189, 193)
(168, 169, 172)
(142, 126, 123)
(152, 120, 110)
(169, 129, 115)
(180, 141, 125)
(185, 145, 130)
(196, 155, 142)
(204, 161, 150)
(204, 161, 150)
(201, 158, 146)
(198, 157, 147)
(193, 159, 146)
(186, 153, 138)
(187, 154, 141)
(177, 161, 149)
(173, 179, 171)
(177, 191, 190)
(178, 190, 193)
(178, 189, 192)
(176, 190, 192)
(177, 191, 194)
(178, 191, 193)
(176, 190, 189)
(170, 169, 168)
(136, 115, 107)
(151, 116, 100)
(176, 136, 119)
(192, 154, 138)
(206, 170, 153)
(216, 179, 162)
(224, 187, 173)
(232, 193, 177)
(233, 195, 179)
(230, 194, 178)
(229, 192, 175)
(226, 191, 173)
(220, 191, 173)
(211, 191, 176)
(201, 196, 188)
(200, 207, 209)
(200, 214, 220)
(205, 217, 222)
(198, 200, 201)
(138, 119, 111)
(131, 96, 82)
(144, 107, 89)
(162, 124, 109)
(180, 146, 130)
(195, 165, 149)
(208, 182, 165)
(215, 192, 175)
(223, 198, 180)
(232, 201, 183)
(238, 202, 185)
(239, 203, 186)
(237, 202, 183)
(231, 205, 186)
(223, 215, 205)
(237, 243, 244)
(239, 253, 255)
(239, 253, 255)
(239, 253, 255)
(241, 253, 255)
(242, 253, 255)
(242, 252, 254)
(241, 249, 253)
(237, 238, 240)
(205, 195, 193)
(152, 128, 124)
(139, 107, 99)
(148, 108, 98)
(156, 112, 98)
(166, 118, 101)
(182, 131, 114)
(196, 148, 133)
(206, 164, 150)
(218, 183, 169)
(233, 199, 186)
(238, 201, 190)
(234, 197, 183)
(226, 201, 188)
(222, 215, 206)
(235, 243, 243)
(235, 250, 254)
(232, 249, 254)
(233, 250, 253)
(234, 248, 253)
(235, 248, 254)
(235, 248, 254)
(235, 248, 254)
(234, 249, 254)
(233, 248, 254)
(232, 247, 255)
(230, 246, 254)
(232, 246, 254)
(231, 244, 252)
(231, 244, 252)
(233, 246, 254)
(233, 244, 254)
(232, 245, 254)
(231, 244, 252)
(231, 245, 253)
(229, 243, 252)
(228, 243, 252)
(205, 224, 230)
(203, 223, 229)
(202, 221, 227)
(196, 216, 221)
(195, 215, 219)
(193, 212, 216)
(189, 209, 212)
(186, 206, 208)
(182, 202, 203)
(181, 199, 201)
(178, 196, 198)
(176, 193, 197)
(176, 192, 195)
(176, 191, 193)
(175, 190, 191)
(174, 190, 192)
(174, 190, 193)
(172, 190, 193)
(172, 190, 193)
(173, 190, 192)
(173, 191, 191)
(171, 190, 189)
(173, 190, 192)
(177, 188, 190)
(160, 156, 155)
(144, 122, 116)
(159, 121, 109)
(172, 130, 114)
(178, 138, 121)
(185, 143, 127)
(197, 153, 139)
(209, 163, 151)
(207, 163, 152)
(203, 160, 149)
(204, 164, 154)
(198, 163, 151)
(186, 154, 140)
(179, 151, 138)
(171, 161, 149)
(173, 184, 176)
(175, 192, 191)
(176, 191, 193)
(178, 191, 192)
(176, 191, 192)
(177, 190, 193)
(177, 191, 194)
(176, 191, 190)
(170, 173, 170)
(133, 117, 107)
(150, 118, 101)
(178, 139, 122)
(194, 156, 140)
(207, 170, 154)
(219, 181, 164)
(225, 187, 172)
(232, 193, 177)
(233, 196, 180)
(231, 195, 179)
(231, 194, 176)
(227, 192, 174)
(220, 192, 174)
(209, 191, 176)
(201, 200, 193)
(201, 212, 214)
(204, 219, 225)
(209, 221, 227)
(211, 214, 217)
(158, 144, 139)
(128, 98, 85)
(141, 104, 86)
(157, 118, 103)
(179, 143, 128)
(196, 165, 150)
(208, 183, 166)
(215, 192, 175)
(224, 197, 179)
(231, 198, 180)
(236, 199, 181)
(238, 202, 185)
(238, 204, 184)
(234, 208, 188)
(225, 217, 205)
(235, 242, 241)
(239, 251, 254)
(239, 253, 255)
(238, 252, 255)
(238, 252, 254)
(241, 253, 255)
(241, 252, 254)
(241, 252, 254)
(241, 248, 250)
(235, 234, 234)
(187, 176, 175)
(140, 120, 116)
(140, 111, 102)
(153, 115, 101)
(163, 117, 101)
(172, 125, 108)
(183, 140, 122)
(197, 157, 139)
(210, 173, 157)
(223, 187, 174)
(230, 194, 182)
(230, 193, 179)
(223, 198, 185)
(220, 214, 207)
(236, 244, 244)
(233, 248, 254)
(231, 248, 253)
(233, 250, 252)
(236, 249, 254)
(237, 250, 255)
(236, 249, 255)
(236, 248, 254)
(236, 248, 254)
(235, 247, 254)
(232, 246, 254)
(229, 246, 254)
(230, 246, 253)
(231, 245, 253)
(232, 245, 253)
(234, 246, 254)
(234, 244, 254)
(233, 244, 254)
(232, 245, 253)
(231, 245, 253)
(228, 242, 252)
(229, 243, 254)
(201, 221, 227)
(198, 219, 224)
(196, 218, 223)
(191, 213, 216)
(190, 211, 214)
(189, 209, 210)
(185, 205, 206)
(182, 200, 202)
(180, 198, 199)
(177, 195, 196)
(175, 193, 194)
(174, 191, 193)
(174, 191, 191)
(174, 190, 190)
(173, 189, 188)
(172, 189, 190)
(172, 190, 192)
(171, 189, 191)
(171, 189, 191)
(171, 189, 190)
(173, 190, 191)
(173, 191, 190)
(174, 189, 191)
(177, 184, 186)
(153, 144, 140)
(146, 119, 110)
(161, 121, 107)
(175, 131, 113)
(181, 138, 120)
(190, 144, 128)
(199, 151, 138)
(209, 162, 150)
(210, 164, 153)
(207, 164, 153)
(206, 166, 156)
(203, 166, 154)
(194, 160, 148)
(178, 153, 142)
(169, 164, 155)
(173, 187, 180)
(174, 192, 190)
(176, 191, 192)
(179, 192, 193)
(178, 191, 192)
(179, 190, 193)
(177, 190, 193)
(175, 192, 190)
(171, 176, 173)
(134, 119, 108)
(151, 119, 102)
(180, 140, 122)
(197, 159, 142)
(209, 173, 155)
(219, 182, 164)
(225, 189, 173)
(229, 193, 176)
(229, 193, 177)
(231, 194, 178)
(231, 193, 175)
(228, 192, 174)
(220, 191, 174)
(208, 192, 177)
(203, 205, 199)
(203, 215, 218)
(207, 222, 228)
(213, 226, 232)
(218, 225, 228)
(184, 176, 173)
(125, 101, 90)
(135, 101, 83)
(153, 115, 99)
(176, 139, 124)
(197, 165, 149)
(209, 181, 164)
(216, 188, 170)
(221, 191, 173)
(229, 194, 176)
(235, 199, 180)
(237, 201, 185)
(238, 203, 185)
(233, 207, 188)
(225, 216, 203)
(233, 240, 238)
(239, 251, 254)
(239, 252, 255)
(238, 252, 255)
(238, 252, 254)
(240, 253, 255)
(241, 252, 255)
(240, 253, 254)
(240, 252, 254)
(241, 247, 250)
(217, 217, 219)
(157, 147, 148)
(137, 116, 111)
(146, 115, 103)
(158, 116, 103)
(167, 123, 110)
(177, 134, 118)
(193, 148, 132)
(206, 161, 146)
(218, 175, 163)
(222, 185, 173)
(221, 189, 175)
(215, 196, 186)
(223, 220, 216)
(237, 246, 249)
(234, 249, 255)
(233, 249, 254)
(234, 250, 253)
(237, 249, 255)
(237, 249, 254)
(237, 248, 254)
(236, 247, 253)
(235, 246, 253)
(234, 245, 253)
(233, 246, 254)
(230, 246, 254)
(232, 247, 254)
(232, 246, 254)
(233, 246, 254)
(233, 246, 254)
(233, 244, 253)
(233, 244, 253)
(231, 244, 252)
(231, 244, 253)
(229, 242, 253)
(229, 243, 255)
(198, 218, 224)
(194, 215, 220)
(191, 213, 217)
(187, 209, 212)
(187, 208, 209)
(184, 204, 205)
(182, 201, 201)
(179, 197, 197)
(177, 195, 196)
(174, 192, 194)
(173, 191, 191)
(174, 191, 191)
(173, 189, 189)
(173, 189, 189)
(172, 190, 188)
(172, 189, 189)
(169, 188, 189)
(169, 189, 190)
(170, 189, 190)
(169, 187, 188)
(172, 189, 189)
(173, 189, 189)
(176, 189, 190)
(175, 179, 179)
(147, 135, 129)
(150, 121, 108)
(164, 124, 107)
(176, 132, 113)
(183, 138, 119)
(192, 143, 128)
(202, 152, 139)
(211, 162, 149)
(212, 165, 153)
(211, 166, 156)
(207, 166, 155)
(205, 166, 154)
(199, 163, 151)
(180, 158, 148)
(173, 172, 165)
(173, 189, 183)
(174, 192, 189)
(177, 192, 192)
(179, 191, 193)
(180, 191, 193)
(181, 190, 194)
(179, 191, 194)
(176, 191, 190)
(171, 175, 173)
(138, 119, 110)
(153, 118, 102)
(180, 140, 123)
(198, 161, 144)
(211, 176, 158)
(219, 182, 164)
(226, 190, 174)
(230, 195, 177)
(228, 194, 175)
(229, 194, 176)
(231, 193, 175)
(228, 192, 173)
(221, 192, 174)
(209, 194, 180)
(203, 208, 203)
(207, 220, 223)
(210, 226, 231)
(216, 230, 235)
(221, 230, 236)
(207, 205, 206)
(138, 119, 111)
(133, 100, 83)
(150, 111, 95)
(171, 133, 118)
(195, 162, 145)
(207, 178, 160)
(214, 184, 166)
(220, 187, 170)
(227, 192, 174)
(235, 198, 180)
(237, 201, 185)
(235, 200, 184)
(231, 203, 185)
(226, 214, 201)
(234, 238, 234)
(240, 251, 253)
(238, 251, 254)
(237, 252, 254)
(237, 252, 255)
(240, 253, 255)
(241, 252, 254)
(241, 254, 255)
(240, 253, 255)
(240, 250, 254)
(233, 239, 245)
(197, 195, 199)
(151, 139, 137)
(144, 121, 114)
(151, 118, 110)
(164, 126, 118)
(171, 131, 120)
(184, 138, 126)
(200, 150, 139)
(208, 163, 152)
(208, 174, 162)
(207, 185, 174)
(211, 202, 196)
(231, 234, 235)
(235, 247, 252)
(235, 250, 255)
(234, 249, 255)
(235, 249, 254)
(236, 249, 254)
(237, 248, 254)
(236, 247, 253)
(236, 248, 254)
(235, 247, 253)
(235, 245, 253)
(233, 245, 254)
(231, 244, 253)
(233, 246, 254)
(231, 245, 253)
(231, 245, 253)
(230, 245, 253)
(229, 244, 252)
(230, 244, 253)
(231, 242, 251)
(230, 242, 252)
(229, 241, 253)
(229, 241, 254)
(193, 212, 218)
(189, 210, 215)
(187, 209, 213)
(184, 206, 209)
(182, 203, 205)
(180, 200, 200)
(179, 198, 197)
(177, 194, 195)
(173, 191, 194)
(173, 191, 193)
(172, 190, 191)
(174, 191, 190)
(173, 189, 189)
(172, 189, 189)
(172, 190, 188)
(171, 189, 189)
(170, 189, 190)
(170, 190, 191)
(170, 190, 191)
(168, 187, 187)
(172, 188, 188)
(174, 189, 190)
(176, 189, 190)
(170, 172, 171)
(144, 128, 121)
(152, 120, 106)
(167, 126, 110)
(179, 134, 117)
(186, 139, 122)
(193, 144, 128)
(202, 152, 138)
(210, 161, 147)
(213, 164, 152)
(211, 164, 153)
(205, 163, 151)
(204, 162, 150)
(200, 163, 151)
(182, 163, 153)
(177, 179, 173)
(173, 189, 186)
(176, 192, 190)
(177, 191, 192)
(180, 191, 194)
(180, 190, 193)
(181, 190, 194)
(179, 190, 194)
(177, 190, 191)
(174, 175, 174)
(142, 121, 112)
(153, 119, 103)
(179, 140, 123)
(196, 162, 145)
(210, 178, 159)
(218, 184, 165)
(227, 193, 176)
(231, 199, 180)
(230, 198, 178)
(230, 196, 177)
(232, 195, 176)
(229, 192, 174)
(221, 192, 174)
(211, 197, 184)
(206, 214, 210)
(210, 224, 227)
(214, 229, 234)
(219, 232, 238)
(224, 235, 241)
(223, 226, 230)
(162, 150, 144)
(133, 101, 87)
(147, 108, 93)
(167, 128, 112)
(187, 155, 136)
(202, 176, 155)
(210, 183, 163)
(218, 187, 170)
(226, 192, 175)
(234, 198, 181)
(234, 199, 184)
(235, 199, 185)
(233, 202, 186)
(225, 211, 197)
(232, 234, 229)
(240, 250, 252)
(239, 252, 254)
(237, 251, 254)
(236, 251, 254)
(239, 252, 255)
(241, 252, 254)
(240, 254, 255)
(240, 253, 255)
(240, 252, 255)
(239, 248, 253)
(230, 234, 239)
(196, 193, 193)
(160, 149, 145)
(149, 132, 128)
(159, 139, 135)
(171, 145, 139)
(179, 145, 138)
(184, 147, 140)
(188, 157, 148)
(190, 169, 158)
(196, 187, 180)
(224, 225, 224)
(237, 245, 249)
(233, 247, 253)
(235, 248, 255)
(235, 248, 255)
(235, 248, 255)
(234, 247, 254)
(235, 247, 253)
(235, 247, 253)
(235, 247, 253)
(236, 248, 255)
(234, 246, 254)
(232, 245, 253)
(234, 245, 255)
(234, 246, 255)
(232, 245, 253)
(231, 246, 253)
(230, 246, 253)
(229, 245, 253)
(230, 244, 253)
(231, 243, 252)
(230, 242, 253)
(229, 241, 253)
(227, 240, 253)
(190, 209, 215)
(185, 206, 211)
(183, 206, 209)
(180, 203, 205)
(180, 200, 202)
(177, 196, 197)
(177, 194, 195)
(176, 193, 194)
(172, 190, 194)
(172, 190, 193)
(172, 190, 191)
(174, 190, 190)
(172, 188, 188)
(171, 188, 189)
(170, 188, 188)
(169, 187, 188)
(170, 189, 191)
(168, 188, 189)
(169, 189, 190)
(168, 188, 187)
(170, 189, 188)
(171, 188, 189)
(174, 187, 190)
(165, 166, 165)
(143, 126, 118)
(156, 122, 108)
(170, 128, 112)
(181, 136, 120)
(187, 141, 126)
(189, 143, 128)
(198, 151, 136)
(204, 156, 142)
(209, 161, 148)
(209, 162, 149)
(205, 163, 148)
(203, 161, 147)
(198, 160, 147)
(182, 164, 155)
(177, 182, 178)
(173, 189, 188)
(176, 191, 190)
(177, 190, 192)
(178, 190, 193)
(178, 191, 193)
(180, 191, 196)
(179, 191, 195)
(178, 191, 192)
(174, 174, 175)
(145, 123, 115)
(158, 124, 109)
(179, 143, 126)
(195, 165, 147)
(211, 182, 162)
(220, 187, 168)
(227, 192, 177)
(233, 199, 180)
(233, 199, 180)
(232, 196, 177)
(233, 195, 176)
(230, 195, 177)
(222, 196, 179)
(210, 199, 187)
(210, 219, 215)
(215, 229, 231)
(219, 232, 237)
(223, 235, 240)
(225, 238, 244)
(229, 236, 241)
(195, 187, 185)
(134, 106, 96)
(139, 103, 91)
(159, 123, 106)
(180, 151, 130)
(198, 173, 152)
(209, 182, 164)
(215, 184, 169)
(220, 187, 172)
(231, 197, 180)
(232, 198, 182)
(234, 197, 184)
(232, 199, 186)
(226, 207, 195)
(231, 231, 226)
(240, 249, 250)
(241, 252, 254)
(239, 254, 255)
(236, 251, 254)
(239, 252, 254)
(241, 252, 254)
(240, 252, 254)
(240, 252, 254)
(242, 254, 255)
(241, 251, 255)
(239, 248, 252)
(231, 237, 240)
(210, 211, 211)
(186, 185, 184)
(173, 171, 170)
(182, 177, 175)
(191, 182, 180)
(193, 183, 180)
(190, 182, 178)
(199, 196, 191)
(220, 224, 222)
(236, 244, 247)
(234, 247, 253)
(234, 248, 254)
(234, 247, 254)
(235, 248, 254)
(234, 248, 255)
(234, 248, 255)
(235, 249, 255)
(234, 247, 254)
(235, 248, 254)
(235, 248, 255)
(234, 247, 255)
(233, 247, 255)
(233, 245, 254)
(232, 246, 254)
(231, 246, 253)
(231, 246, 253)
(230, 246, 253)
(230, 244, 253)
(230, 243, 252)
(230, 242, 252)
(230, 241, 253)
(228, 241, 252)
(227, 241, 252)
(187, 207, 211)
(182, 203, 207)
(180, 202, 205)
(177, 199, 202)
(177, 197, 198)
(175, 194, 195)
(176, 193, 194)
(173, 190, 192)
(170, 187, 191)
(169, 187, 191)
(170, 188, 189)
(173, 190, 190)
(171, 187, 188)
(171, 187, 190)
(169, 187, 189)
(169, 187, 189)
(171, 190, 193)
(169, 189, 190)
(170, 190, 191)
(170, 190, 190)
(170, 189, 188)
(168, 187, 187)
(171, 187, 189)
(159, 161, 159)
(144, 125, 117)
(162, 125, 112)
(175, 131, 116)
(183, 138, 124)
(186, 141, 126)
(188, 144, 128)
(194, 150, 134)
(200, 155, 139)
(203, 157, 142)
(203, 156, 141)
(201, 160, 144)
(201, 160, 144)
(197, 159, 145)
(183, 166, 157)
(176, 184, 181)
(172, 190, 190)
(175, 190, 190)
(176, 190, 192)
(177, 191, 194)
(177, 192, 194)
(177, 191, 195)
(177, 191, 195)
(178, 191, 193)
(177, 176, 177)
(145, 125, 117)
(158, 128, 112)
(178, 147, 128)
(197, 171, 152)
(211, 186, 165)
(220, 188, 169)
(229, 192, 177)
(233, 197, 179)
(233, 196, 178)
(233, 195, 177)
(232, 193, 176)
(229, 195, 178)
(220, 197, 182)
(211, 203, 192)
(213, 222, 218)
(217, 230, 233)
(223, 235, 240)
(227, 238, 244)
(227, 240, 248)
(231, 241, 248)
(218, 217, 217)
(145, 127, 119)
(131, 102, 91)
(151, 120, 103)
(175, 147, 127)
(195, 170, 150)
(204, 174, 159)
(207, 174, 162)
(212, 181, 166)
(218, 186, 169)
(222, 189, 174)
(226, 189, 177)
(229, 194, 181)
(225, 204, 192)
(228, 226, 221)
(240, 248, 249)
(241, 253, 254)
(240, 254, 255)
(238, 253, 255)
(240, 253, 255)
(242, 252, 254)
(240, 253, 254)
(238, 252, 254)
(241, 254, 254)
(241, 253, 255)
(238, 251, 254)
(236, 247, 251)
(234, 243, 246)
(230, 237, 239)
(223, 230, 233)
(225, 232, 234)
(227, 233, 236)
(226, 233, 235)
(224, 231, 233)
(230, 236, 239)
(237, 246, 249)
(237, 248, 254)
(233, 246, 254)
(234, 247, 254)
(235, 248, 252)
(234, 248, 253)
(233, 248, 254)
(232, 247, 254)
(232, 248, 255)
(234, 248, 255)
(234, 248, 255)
(233, 246, 254)
(232, 246, 254)
(232, 246, 255)
(230, 246, 254)
(230, 246, 254)
(230, 246, 254)
(230, 245, 253)
(232, 245, 254)
(232, 244, 254)
(232, 243, 254)
(228, 240, 252)
(229, 241, 253)
(227, 240, 252)
(226, 240, 251)
(186, 203, 208)
(182, 201, 205)
(177, 200, 203)
(173, 196, 199)
(173, 194, 195)
(171, 190, 192)
(171, 189, 191)
(171, 188, 192)
(168, 186, 190)
(167, 186, 190)
(167, 187, 188)
(170, 189, 189)
(169, 187, 188)
(170, 188, 190)
(169, 187, 188)
(168, 187, 189)
(170, 190, 191)
(167, 189, 190)
(170, 190, 191)
(170, 189, 190)
(170, 188, 189)
(169, 187, 189)
(171, 185, 187)
(154, 151, 150)
(146, 122, 115)
(162, 124, 112)
(175, 132, 118)
(182, 138, 125)
(185, 142, 126)
(188, 144, 128)
(194, 148, 133)
(200, 153, 138)
(200, 152, 137)
(198, 152, 137)
(199, 157, 141)
(199, 157, 141)
(194, 157, 143)
(181, 168, 157)
(175, 186, 182)
(176, 191, 193)
(177, 190, 193)
(176, 190, 193)
(175, 190, 192)
(174, 190, 192)
(175, 190, 193)
(175, 190, 193)
(178, 191, 192)
(177, 175, 176)
(145, 125, 118)
(155, 127, 111)
(178, 149, 131)
(198, 172, 154)
(213, 187, 169)
(221, 191, 173)
(229, 195, 178)
(233, 197, 179)
(234, 195, 177)
(233, 193, 177)
(232, 193, 177)
(228, 196, 178)
(219, 198, 181)
(212, 204, 194)
(218, 226, 225)
(222, 233, 238)
(225, 236, 243)
(228, 240, 247)
(230, 243, 250)
(233, 244, 250)
(229, 234, 237)
(166, 159, 154)
(126, 104, 94)
(145, 115, 99)
(169, 140, 120)
(189, 160, 142)
(200, 167, 153)
(206, 171, 159)
(209, 180, 163)
(215, 185, 166)
(219, 185, 167)
(223, 183, 168)
(224, 186, 170)
(222, 197, 183)
(225, 218, 212)
(239, 246, 245)
(242, 253, 254)
(241, 253, 255)
(240, 252, 255)
(240, 253, 254)
(241, 253, 254)
(240, 253, 255)
(239, 253, 254)
(240, 252, 253)
(240, 251, 253)
(238, 251, 254)
(237, 252, 255)
(236, 250, 253)
(237, 249, 253)
(236, 247, 251)
(236, 248, 252)
(235, 247, 252)
(236, 248, 253)
(236, 247, 252)
(238, 248, 254)
(238, 250, 255)
(235, 248, 255)
(234, 247, 255)
(235, 248, 254)
(235, 248, 253)
(235, 248, 254)
(234, 248, 254)
(233, 248, 255)
(233, 247, 254)
(233, 247, 255)
(233, 246, 255)
(233, 246, 255)
(232, 246, 254)
(232, 246, 255)
(230, 246, 254)
(230, 246, 254)
(229, 245, 253)
(229, 245, 253)
(231, 244, 253)
(233, 243, 253)
(233, 243, 254)
(228, 240, 251)
(228, 240, 252)
(226, 240, 250)
(224, 238, 247)
(184, 199, 204)
(179, 197, 203)
(173, 195, 200)
(168, 193, 195)
(169, 191, 191)
(167, 189, 189)
(167, 187, 189)
(168, 186, 190)
(165, 186, 189)
(166, 187, 189)
(165, 187, 188)
(167, 189, 189)
(167, 188, 189)
(167, 188, 188)
(167, 186, 186)
(166, 187, 187)
(167, 189, 189)
(166, 189, 189)
(168, 190, 190)
(167, 187, 188)
(172, 188, 190)
(172, 187, 189)
(172, 183, 184)
(153, 143, 142)
(146, 119, 112)
(163, 125, 112)
(173, 131, 117)
(179, 137, 122)
(185, 143, 127)
(189, 144, 129)
(195, 145, 132)
(200, 148, 136)
(200, 149, 136)
(199, 151, 138)
(199, 155, 141)
(197, 155, 140)
(191, 157, 144)
(180, 171, 160)
(176, 188, 183)
(177, 190, 193)
(178, 190, 194)
(176, 189, 192)
(175, 191, 191)
(175, 191, 191)
(174, 190, 192)
(176, 190, 192)
(178, 190, 190)
(177, 174, 174)
(146, 125, 119)
(159, 132, 114)
(182, 151, 134)
(200, 169, 155)
(214, 185, 169)
(221, 192, 176)
(226, 194, 177)
(230, 196, 177)
(233, 194, 176)
(233, 191, 178)
(231, 194, 179)
(226, 195, 176)
(219, 196, 179)
(215, 206, 197)
(222, 229, 230)
(225, 235, 241)
(227, 239, 247)
(228, 241, 249)
(232, 245, 251)
(235, 247, 253)
(233, 242, 248)
(195, 195, 194)
(127, 109, 100)
(139, 109, 93)
(163, 130, 112)
(184, 152, 134)
(198, 163, 148)
(204, 169, 155)
(207, 177, 160)
(212, 180, 162)
(217, 180, 160)
(224, 181, 162)
(225, 185, 167)
(222, 191, 176)
(220, 207, 199)
(235, 240, 238)
(240, 251, 252)
(241, 252, 255)
(241, 252, 255)
(238, 253, 254)
(239, 252, 254)
(241, 253, 255)
(240, 253, 255)
(241, 252, 254)
(241, 252, 254)
(239, 252, 254)
(238, 252, 255)
(236, 251, 254)
(236, 252, 255)
(236, 251, 254)
(236, 251, 254)
(236, 250, 253)
(238, 250, 254)
(237, 248, 253)
(238, 249, 255)
(237, 250, 255)
(235, 248, 254)
(235, 248, 254)
(235, 248, 254)
(235, 248, 255)
(236, 248, 255)
(236, 247, 255)
(235, 247, 255)
(234, 247, 254)
(234, 247, 255)
(233, 246, 255)
(232, 245, 254)
(232, 245, 254)
(232, 245, 254)
(231, 245, 254)
(231, 246, 255)
(229, 246, 254)
(229, 245, 253)
(230, 244, 253)
(230, 241, 251)
(230, 242, 252)
(228, 241, 251)
(228, 241, 250)
(225, 239, 247)
(223, 237, 245)
(180, 195, 198)
(173, 192, 196)
(169, 192, 195)
(166, 190, 191)
(167, 189, 188)
(166, 188, 187)
(166, 186, 187)
(166, 185, 188)
(166, 185, 189)
(166, 187, 189)
(164, 186, 187)
(166, 188, 189)
(167, 188, 189)
(168, 189, 189)
(168, 187, 187)
(165, 186, 187)
(167, 188, 188)
(167, 189, 190)
(167, 188, 188)
(168, 187, 188)
(173, 189, 190)
(171, 187, 187)
(171, 180, 179)
(149, 137, 135)
(146, 117, 109)
(162, 123, 109)
(174, 130, 115)
(181, 138, 121)
(186, 142, 125)
(189, 143, 128)
(195, 145, 132)
(198, 145, 133)
(198, 147, 135)
(200, 152, 140)
(200, 156, 142)
(194, 155, 141)
(184, 157, 144)
(178, 175, 165)
(174, 188, 184)
(174, 188, 190)
(176, 190, 192)
(174, 189, 192)
(174, 191, 192)
(175, 190, 191)
(174, 190, 192)
(177, 189, 193)
(178, 191, 190)
(174, 173, 172)
(147, 127, 120)
(164, 136, 118)
(187, 152, 137)
(204, 168, 156)
(212, 179, 164)
(218, 185, 170)
(223, 189, 172)
(228, 192, 174)
(233, 191, 175)
(232, 190, 177)
(229, 192, 178)
(224, 193, 175)
(217, 196, 179)
(215, 208, 200)
(224, 232, 233)
(226, 238, 243)
(229, 242, 249)
(230, 244, 252)
(233, 247, 253)
(235, 248, 254)
(235, 246, 251)
(221, 223, 225)
(145, 129, 123)
(137, 108, 94)
(159, 124, 107)
(180, 146, 128)
(194, 157, 141)
(200, 164, 148)
(203, 169, 152)
(209, 173, 155)
(214, 175, 157)
(219, 178, 159)
(220, 182, 162)
(221, 189, 172)
(220, 202, 191)
(230, 230, 226)
(239, 249, 250)
(240, 252, 255)
(241, 252, 255)
(239, 254, 255)
(239, 252, 255)
(241, 253, 255)
(241, 252, 254)
(242, 253, 255)
(241, 252, 254)
(240, 251, 255)
(240, 251, 255)
(237, 251, 254)
(237, 252, 255)
(237, 252, 255)
(238, 251, 255)
(238, 250, 254)
(239, 250, 254)
(238, 250, 255)
(237, 250, 255)
(236, 249, 255)
(234, 247, 253)
(235, 248, 254)
(234, 247, 255)
(235, 248, 255)
(235, 248, 255)
(235, 248, 255)
(235, 247, 255)
(235, 247, 255)
(233, 246, 254)
(233, 246, 254)
(233, 246, 255)
(232, 245, 254)
(232, 245, 254)
(231, 244, 253)
(231, 245, 254)
(229, 245, 253)
(228, 243, 252)
(229, 243, 252)
(229, 242, 251)
(229, 242, 252)
(227, 241, 252)
(227, 241, 251)
(223, 237, 247)
(218, 232, 242)
(176, 192, 194)
(170, 189, 192)
(167, 190, 192)
(165, 187, 188)
(166, 186, 186)
(166, 186, 186)
(166, 184, 187)
(166, 184, 188)
(166, 184, 188)
(167, 186, 190)
(165, 186, 188)
(165, 186, 188)
(167, 187, 189)
(168, 188, 189)
(167, 187, 188)
(165, 186, 187)
(166, 187, 188)
(166, 186, 187)
(168, 187, 189)
(170, 188, 190)
(172, 187, 189)
(170, 187, 186)
(169, 178, 175)
(147, 133, 128)
(149, 119, 109)
(164, 123, 110)
(177, 131, 116)
(183, 137, 120)
(187, 140, 123)
(191, 143, 127)
(195, 144, 131)
(198, 145, 133)
(199, 149, 138)
(201, 154, 142)
(198, 156, 141)
(189, 153, 139)
(177, 159, 147)
(177, 180, 172)
(177, 189, 188)
(174, 190, 191)
(173, 190, 189)
(173, 189, 191)
(175, 192, 194)
(177, 192, 193)
(177, 192, 194)
(178, 190, 193)
(177, 191, 191)
(173, 174, 173)
(145, 124, 117)
(166, 136, 118)
(191, 154, 139)
(205, 165, 155)
(211, 174, 160)
(217, 181, 166)
(222, 185, 168)
(224, 186, 170)
(228, 187, 172)
(230, 188, 175)
(228, 191, 178)
(226, 194, 177)
(218, 199, 182)
(216, 212, 203)
(225, 235, 235)
(227, 240, 245)
(231, 244, 252)
(232, 247, 253)
(232, 247, 252)
(233, 248, 253)
(234, 247, 252)
(231, 237, 239)
(166, 154, 151)
(133, 106, 95)
(153, 118, 103)
(173, 135, 118)
(184, 146, 129)
(194, 155, 138)
(200, 162, 145)
(205, 166, 149)
(211, 170, 154)
(216, 177, 158)
(218, 182, 162)
(220, 187, 168)
(219, 195, 181)
(226, 219, 212)
(239, 246, 246)
(240, 251, 255)
(239, 251, 254)
(239, 253, 253)
(239, 252, 255)
(240, 252, 255)
(241, 251, 253)
(242, 252, 254)
(241, 251, 254)
(241, 250, 255)
(240, 251, 255)
(240, 251, 255)
(239, 252, 255)
(238, 251, 254)
(239, 251, 255)
(238, 250, 254)
(239, 251, 255)
(237, 249, 255)
(235, 248, 254)
(235, 248, 255)
(235, 248, 255)
(236, 249, 255)
(234, 247, 255)
(234, 247, 255)
(234, 247, 255)
(234, 247, 255)
(233, 246, 255)
(233, 246, 255)
(234, 247, 255)
(233, 246, 254)
(232, 246, 254)
(231, 244, 252)
(233, 246, 254)
(232, 245, 253)
(231, 244, 252)
(229, 243, 252)
(229, 243, 252)
(228, 242, 251)
(229, 242, 251)
(228, 241, 251)
(225, 240, 251)
(224, 239, 250)
(221, 235, 246)
(214, 228, 239)
(171, 188, 190)
(167, 186, 189)
(166, 188, 191)
(164, 185, 187)
(167, 185, 187)
(167, 185, 188)
(166, 184, 188)
(166, 184, 188)
(166, 184, 188)
(165, 184, 188)
(163, 183, 186)
(167, 186, 189)
(167, 186, 189)
(166, 185, 188)
(167, 187, 188)
(165, 185, 186)
(165, 186, 187)
(166, 186, 187)
(170, 188, 190)
(170, 186, 189)
(172, 187, 190)
(170, 187, 187)
(166, 171, 168)
(148, 130, 125)
(155, 123, 112)
(168, 127, 114)
(178, 131, 117)
(183, 135, 119)
(188, 139, 122)
(190, 141, 126)
(193, 143, 129)
(196, 144, 133)
(198, 149, 139)
(199, 153, 142)
(197, 155, 141)
(186, 153, 139)
(173, 164, 153)
(175, 184, 179)
(177, 189, 190)
(173, 190, 191)
(171, 189, 187)
(173, 190, 191)
(174, 191, 193)
(176, 190, 192)
(177, 190, 193)
(179, 190, 194)
(176, 190, 190)
(171, 173, 172)
(142, 122, 115)
(163, 133, 115)
(190, 150, 136)
(202, 159, 149)
(210, 170, 156)
(217, 179, 164)
(221, 182, 165)
(220, 180, 164)
(224, 180, 166)
(227, 185, 172)
(227, 190, 177)
(225, 194, 178)
(216, 198, 182)
(217, 214, 207)
(228, 238, 239)
(229, 241, 247)
(232, 245, 252)
(234, 247, 254)
(235, 248, 254)
(236, 248, 254)
(236, 249, 254)
(236, 245, 248)
(190, 183, 182)
(131, 107, 100)
(145, 109, 97)
(165, 125, 109)
(177, 137, 120)
(187, 147, 129)
(197, 156, 139)
(206, 163, 148)
(211, 170, 155)
(215, 178, 160)
(220, 186, 165)
(225, 190, 170)
(224, 194, 177)
(222, 206, 197)
(234, 235, 235)
(239, 250, 253)
(238, 250, 253)
(238, 252, 252)
(238, 252, 255)
(240, 253, 255)
(240, 252, 254)
(240, 252, 254)
(240, 251, 255)
(239, 251, 255)
(239, 250, 254)
(239, 251, 255)
(238, 250, 254)
(239, 250, 254)
(238, 249, 253)
(239, 250, 254)
(238, 250, 255)
(236, 249, 254)
(235, 248, 254)
(235, 248, 255)
(235, 248, 255)
(236, 249, 255)
(234, 247, 254)
(234, 247, 255)
(234, 246, 255)
(233, 246, 254)
(232, 246, 255)
(232, 246, 255)
(232, 246, 255)
(232, 246, 254)
(233, 247, 254)
(232, 245, 253)
(233, 244, 253)
(232, 244, 252)
(231, 244, 252)
(229, 243, 251)
(229, 244, 251)
(229, 243, 251)
(227, 241, 249)
(228, 241, 251)
(224, 238, 248)
(224, 238, 247)
(219, 233, 243)
(204, 218, 228)
(170, 186, 190)
(165, 184, 189)
(164, 185, 191)
(163, 183, 188)
(167, 186, 190)
(166, 184, 190)
(164, 182, 188)
(165, 183, 188)
(166, 184, 188)
(166, 184, 188)
(164, 182, 186)
(166, 185, 189)
(165, 184, 188)
(166, 185, 188)
(166, 186, 187)
(165, 186, 187)
(165, 186, 187)
(166, 186, 187)
(170, 188, 189)
(170, 185, 188)
(170, 186, 190)
(170, 187, 188)
(165, 168, 165)
(147, 127, 121)
(158, 124, 114)
(172, 132, 119)
(178, 132, 120)
(181, 133, 118)
(187, 139, 122)
(191, 142, 126)
(193, 144, 130)
(196, 147, 135)
(196, 149, 139)
(196, 153, 142)
(195, 156, 143)
(182, 154, 142)
(174, 171, 163)
(175, 187, 185)
(177, 188, 192)
(174, 189, 191)
(172, 190, 188)
(172, 190, 191)
(173, 192, 193)
(176, 191, 193)
(177, 191, 194)
(177, 190, 193)
(175, 191, 191)
(172, 175, 174)
(144, 124, 116)
(162, 131, 114)
(185, 145, 131)
(198, 154, 145)
(206, 166, 152)
(215, 176, 160)
(219, 179, 162)
(217, 174, 158)
(217, 173, 157)
(221, 180, 166)
(223, 186, 173)
(222, 190, 175)
(215, 196, 182)
(219, 217, 212)
(231, 240, 243)
(232, 244, 250)
(235, 245, 254)
(237, 248, 255)
(238, 249, 254)
(238, 249, 255)
(236, 249, 255)
(236, 247, 251)
(213, 210, 212)
(138, 118, 114)
(141, 107, 98)
(158, 117, 103)
(170, 130, 114)
(184, 144, 127)
(196, 154, 138)
(204, 161, 148)
(211, 171, 157)
(216, 181, 163)
(223, 189, 169)
(230, 194, 175)
(232, 198, 179)
(223, 200, 188)
(225, 220, 218)
(238, 246, 249)
(238, 250, 252)
(238, 251, 252)
(238, 252, 255)
(239, 254, 255)
(239, 253, 255)
(238, 251, 254)
(239, 252, 255)
(238, 251, 254)
(239, 251, 255)
(238, 251, 254)
(237, 249, 253)
(239, 250, 254)
(238, 249, 253)
(239, 250, 254)
(237, 249, 255)
(235, 248, 254)
(235, 250, 255)
(235, 249, 255)
(233, 247, 255)
(234, 248, 255)
(233, 247, 254)
(234, 248, 255)
(233, 248, 255)
(233, 247, 254)
(232, 246, 255)
(232, 246, 255)
(231, 245, 254)
(232, 246, 254)
(234, 247, 255)
(233, 244, 253)
(233, 244, 253)
(232, 244, 252)
(232, 245, 253)
(229, 243, 251)
(228, 243, 250)
(229, 243, 251)
(226, 240, 249)
(228, 241, 250)
(226, 238, 247)
(225, 236, 245)
(218, 229, 238)
(194, 205, 215)
(166, 183, 189)
(161, 180, 188)
(162, 182, 191)
(163, 182, 189)
(166, 184, 190)
(166, 184, 190)
(165, 183, 190)
(164, 183, 187)
(166, 185, 189)
(167, 185, 189)
(165, 183, 187)
(166, 185, 190)
(166, 185, 190)
(167, 186, 190)
(167, 187, 188)
(166, 186, 187)
(166, 187, 188)
(166, 186, 187)
(171, 188, 190)
(171, 187, 189)
(171, 187, 191)
(171, 187, 190)
(163, 163, 161)
(150, 127, 121)
(160, 127, 117)
(171, 133, 121)
(178, 134, 121)
(181, 134, 119)
(185, 138, 121)
(189, 144, 127)
(195, 149, 135)
(196, 149, 137)
(194, 150, 139)
(192, 153, 142)
(190, 154, 143)
(179, 157, 148)
(176, 178, 173)
(174, 187, 189)
(176, 188, 192)
(173, 188, 191)
(173, 191, 190)
(172, 191, 192)
(174, 193, 194)
(176, 192, 194)
(176, 192, 194)
(177, 191, 194)
(176, 191, 191)
(171, 173, 172)
(148, 126, 119)
(162, 130, 114)
(183, 143, 131)
(197, 155, 146)
(206, 166, 152)
(217, 178, 162)
(222, 182, 165)
(220, 176, 160)
(215, 170, 154)
(214, 172, 157)
(217, 179, 166)
(218, 185, 170)
(213, 194, 180)
(220, 219, 214)
(231, 241, 244)
(235, 245, 252)
(237, 247, 255)
(238, 248, 255)
(239, 250, 255)
(239, 250, 255)
(236, 248, 254)
(236, 248, 253)
(227, 229, 232)
(151, 136, 135)
(136, 105, 98)
(152, 111, 100)
(166, 125, 112)
(182, 142, 128)
(195, 154, 140)
(202, 162, 150)
(212, 174, 160)
(219, 184, 166)
(226, 191, 172)
(234, 198, 178)
(237, 201, 182)
(230, 201, 186)
(222, 210, 204)
(233, 237, 237)
(238, 250, 252)
(238, 250, 254)
(237, 251, 254)
(238, 253, 255)
(238, 252, 255)
(237, 252, 255)
(237, 251, 254)
(237, 252, 255)
(238, 252, 255)
(238, 251, 254)
(238, 250, 254)
(238, 249, 253)
(239, 250, 254)
(239, 250, 255)
(238, 250, 255)
(236, 249, 254)
(235, 250, 255)
(235, 250, 255)
(234, 249, 255)
(234, 249, 255)
(232, 246, 253)
(232, 247, 254)
(232, 247, 254)
(232, 247, 254)
(232, 246, 255)
(233, 247, 255)
(232, 246, 255)
(232, 245, 253)
(233, 246, 254)
(233, 244, 253)
(234, 245, 254)
(232, 244, 252)
(231, 244, 252)
(228, 242, 251)
(228, 242, 250)
(227, 241, 250)
(225, 239, 249)
(228, 240, 250)
(228, 238, 247)
(226, 236, 245)
(213, 223, 232)
(186, 196, 205)
(165, 181, 188)
(161, 180, 189)
(163, 183, 192)
(162, 182, 189)
(164, 183, 188)
(164, 182, 186)
(165, 184, 190)
(165, 185, 188)
(165, 184, 188)
(166, 184, 188)
(164, 181, 186)
(166, 184, 190)
(167, 186, 191)
(167, 185, 190)
(168, 187, 189)
(168, 188, 189)
(166, 187, 188)
(166, 187, 188)
(169, 187, 189)
(172, 187, 190)
(171, 188, 192)
(171, 187, 190)
(160, 158, 155)
(153, 128, 120)
(161, 129, 117)
(170, 135, 121)
(177, 135, 122)
(180, 135, 119)
(182, 138, 121)
(186, 143, 127)
(194, 152, 137)
(195, 152, 140)
(192, 151, 140)
(189, 152, 141)
(184, 154, 142)
(177, 163, 155)
(177, 183, 180)
(175, 189, 192)
(174, 189, 193)
(173, 190, 192)
(173, 190, 191)
(172, 190, 193)
(173, 192, 194)
(173, 191, 192)
(174, 191, 193)
(177, 192, 195)
(178, 192, 193)
(169, 168, 169)
(148, 124, 118)
(167, 132, 118)
(190, 149, 138)
(201, 160, 151)
(211, 171, 158)
(219, 179, 164)
(225, 182, 165)
(226, 181, 165)
(223, 178, 161)
(216, 173, 159)
(211, 172, 158)
(212, 178, 163)
(209, 189, 177)
(219, 219, 215)
(231, 242, 247)
(234, 246, 253)
(236, 247, 255)
(237, 248, 254)
(237, 249, 253)
(237, 249, 254)
(236, 250, 255)
(236, 248, 254)
(233, 239, 243)
(170, 161, 161)
(134, 106, 101)
(147, 108, 99)
(160, 120, 109)
(178, 139, 127)
(194, 155, 143)
(203, 168, 154)
(211, 178, 163)
(219, 184, 167)
(226, 191, 172)
(233, 198, 179)
(237, 201, 183)
(235, 201, 185)
(226, 205, 196)
(230, 229, 226)
(238, 249, 251)
(239, 251, 255)
(237, 250, 253)
(238, 252, 254)
(238, 252, 255)
(238, 253, 255)
(237, 252, 254)
(238, 252, 255)
(238, 251, 254)
(237, 250, 254)
(238, 250, 254)
(238, 250, 254)
(237, 249, 255)
(236, 248, 254)
(236, 249, 255)
(235, 248, 254)
(235, 249, 254)
(235, 250, 255)
(234, 249, 254)
(234, 249, 254)
(232, 247, 254)
(232, 247, 254)
(232, 247, 254)
(231, 246, 253)
(232, 247, 254)
(232, 247, 254)
(232, 247, 255)
(232, 245, 254)
(234, 246, 255)
(234, 243, 253)
(234, 244, 254)
(230, 243, 252)
(229, 243, 252)
(229, 243, 252)
(227, 241, 252)
(228, 242, 252)
(225, 240, 250)
(225, 238, 248)
(225, 236, 245)
(221, 232, 241)
(200, 210, 219)
(184, 194, 203)
(166, 182, 189)
(162, 181, 188)
(162, 182, 190)
(162, 182, 188)
(164, 183, 187)
(163, 182, 185)
(162, 182, 186)
(165, 185, 188)
(164, 183, 187)
(165, 183, 188)
(165, 182, 189)
(166, 185, 191)
(165, 184, 190)
(165, 184, 189)
(168, 186, 188)
(168, 189, 190)
(167, 187, 189)
(166, 186, 187)
(167, 186, 187)
(171, 188, 189)
(172, 189, 192)
(170, 185, 187)
(156, 152, 147)
(152, 125, 116)
(160, 129, 116)
(170, 138, 123)
(178, 139, 124)
(183, 140, 124)
(185, 143, 126)
(186, 146, 130)
(192, 153, 139)
(193, 153, 140)
(189, 151, 139)
(185, 150, 138)
(180, 154, 143)
(175, 169, 161)
(177, 186, 185)
(174, 188, 192)
(171, 190, 194)
(171, 190, 192)
(173, 190, 192)
(172, 190, 193)
(172, 192, 193)
(173, 191, 192)
(173, 192, 193)
(178, 193, 195)
(178, 191, 192)
(169, 166, 167)
(153, 124, 120)
(172, 135, 121)
(196, 155, 143)
(207, 166, 158)
(213, 173, 162)
(222, 179, 165)
(225, 180, 163)
(229, 183, 166)
(228, 182, 165)
(224, 183, 167)
(219, 180, 165)
(214, 179, 163)
(205, 184, 173)
(218, 218, 214)
(230, 244, 248)
(232, 246, 254)
(235, 248, 255)
(236, 248, 253)
(237, 251, 254)
(236, 250, 254)
(235, 250, 254)
(237, 249, 255)
(235, 244, 249)
(194, 190, 191)
(136, 113, 109)
(144, 108, 100)
(157, 118, 109)
(176, 137, 128)
(190, 155, 144)
(203, 173, 159)
(213, 182, 166)
(221, 186, 168)
(228, 191, 174)
(232, 198, 181)
(237, 202, 186)
(239, 202, 187)
(229, 202, 191)
(226, 221, 216)
(235, 245, 247)
(238, 250, 255)
(238, 250, 253)
(239, 251, 254)
(239, 251, 255)
(238, 252, 255)
(237, 251, 254)
(238, 251, 255)
(239, 250, 254)
(239, 250, 254)
(237, 251, 254)
(237, 250, 254)
(236, 249, 255)
(235, 248, 254)
(236, 249, 255)
(235, 248, 254)
(236, 249, 255)
(235, 249, 254)
(234, 249, 254)
(234, 249, 254)
(232, 247, 254)
(233, 248, 255)
(232, 247, 254)
(231, 247, 254)
(231, 246, 253)
(231, 246, 253)
(232, 246, 254)
(232, 245, 254)
(235, 245, 255)
(235, 243, 254)
(233, 243, 253)
(228, 243, 252)
(228, 243, 253)
(229, 243, 253)
(227, 241, 252)
(227, 241, 252)
(225, 239, 251)
(224, 238, 249)
(222, 234, 245)
(213, 224, 234)
(187, 198, 207)
(183, 194, 204)
(165, 182, 188)
(161, 180, 186)
(160, 180, 187)
(161, 180, 186)
(163, 182, 187)
(163, 182, 187)
(162, 182, 187)
(162, 184, 187)
(162, 183, 186)
(164, 183, 187)
(165, 182, 188)
(168, 186, 192)
(167, 186, 192)
(167, 186, 191)
(167, 185, 188)
(167, 186, 189)
(168, 188, 190)
(166, 187, 189)
(167, 187, 189)
(168, 186, 188)
(170, 188, 192)
(170, 184, 187)
(154, 150, 144)
(150, 126, 114)
(159, 129, 115)
(168, 137, 121)
(176, 140, 123)
(183, 143, 125)
(185, 146, 128)
(186, 150, 135)
(191, 155, 140)
(190, 152, 138)
(187, 150, 137)
(184, 151, 139)
(176, 157, 149)
(176, 177, 171)
(179, 189, 188)
(176, 190, 194)
(172, 191, 194)
(171, 189, 192)
(173, 191, 193)
(173, 192, 194)
(173, 192, 193)
(174, 192, 193)
(176, 192, 195)
(179, 191, 196)
(179, 189, 192)
(166, 161, 162)
(152, 122, 118)
(174, 136, 123)
(195, 153, 141)
(208, 166, 156)
(215, 174, 162)
(223, 179, 164)
(226, 179, 162)
(230, 182, 166)
(231, 185, 168)
(229, 186, 172)
(225, 186, 173)
(219, 185, 170)
(207, 187, 176)
(219, 218, 214)
(232, 245, 250)
(233, 247, 253)
(236, 249, 255)
(236, 249, 254)
(235, 249, 253)
(236, 250, 254)
(236, 249, 254)
(237, 249, 255)
(235, 245, 250)
(217, 217, 219)
(147, 129, 126)
(141, 108, 100)
(152, 113, 104)
(170, 131, 122)
(188, 153, 141)
(202, 171, 157)
(214, 182, 166)
(223, 187, 170)
(230, 193, 177)
(234, 200, 185)
(240, 205, 190)
(241, 204, 189)
(234, 204, 191)
(225, 213, 205)
(233, 240, 239)
(236, 249, 253)
(238, 250, 254)
(239, 250, 254)
(239, 251, 255)
(239, 252, 255)
(237, 250, 253)
(237, 250, 254)
(239, 251, 255)
(239, 249, 254)
(236, 250, 254)
(235, 248, 254)
(237, 250, 255)
(235, 249, 254)
(236, 249, 255)
(236, 249, 255)
(236, 249, 255)
(234, 250, 255)
(233, 249, 254)
(233, 249, 254)
(231, 247, 253)
(232, 247, 254)
(233, 248, 255)
(232, 247, 254)
(233, 247, 255)
(233, 246, 254)
(232, 246, 254)
(232, 245, 253)
(234, 245, 255)
(235, 245, 254)
(231, 243, 253)
(227, 243, 252)
(227, 243, 252)
(227, 242, 252)
(226, 241, 251)
(227, 241, 251)
(224, 238, 249)
(224, 238, 249)
(220, 233, 244)
(199, 213, 223)
(182, 195, 205)
(184, 197, 207)
(163, 180, 185)
(161, 179, 185)
(162, 181, 188)
(161, 179, 188)
(163, 181, 190)
(163, 180, 190)
(163, 181, 190)
(158, 181, 186)
(161, 182, 186)
(164, 183, 186)
(165, 182, 186)
(168, 185, 191)
(167, 185, 193)
(167, 186, 192)
(167, 186, 190)
(168, 185, 189)
(168, 186, 190)
(167, 186, 190)
(166, 187, 189)
(167, 187, 190)
(169, 189, 194)
(172, 185, 189)
(158, 153, 148)
(149, 126, 115)
(160, 128, 114)
(170, 136, 120)
(175, 139, 122)
(181, 144, 125)
(186, 150, 132)
(187, 153, 141)
(192, 157, 144)
(192, 154, 139)
(187, 151, 136)
(182, 150, 139)
(174, 164, 159)
(179, 185, 182)
(179, 189, 190)
(176, 189, 193)
(175, 190, 194)
(173, 189, 192)
(175, 191, 193)
(173, 193, 194)
(175, 193, 194)
(176, 192, 194)
(181, 192, 199)
(183, 192, 200)
(181, 188, 192)
(162, 154, 155)
(151, 122, 114)
(174, 135, 123)
(194, 152, 139)
(207, 163, 151)
(215, 172, 158)
(223, 178, 162)
(228, 182, 164)
(231, 182, 167)
(233, 185, 169)
(232, 189, 176)
(229, 189, 178)
(223, 189, 176)
(214, 192, 182)
(224, 221, 218)
(236, 245, 250)
(235, 247, 253)
(236, 248, 254)
(235, 248, 254)
(236, 249, 254)
(239, 250, 255)
(239, 249, 254)
(238, 250, 255)
(236, 247, 253)
(231, 234, 238)
(168, 157, 155)
(140, 112, 106)
(151, 112, 103)
(169, 128, 116)
(186, 149, 135)
(202, 167, 153)
(214, 179, 164)
(223, 187, 170)
(230, 194, 177)
(236, 200, 185)
(240, 203, 189)
(240, 203, 190)
(237, 204, 193)
(229, 209, 198)
(231, 231, 225)
(236, 250, 251)
(238, 251, 255)
(239, 251, 255)
(237, 250, 254)
(237, 251, 254)
(237, 251, 255)
(237, 250, 255)
(238, 250, 255)
(236, 249, 254)
(237, 250, 255)
(236, 249, 255)
(235, 250, 255)
(234, 249, 254)
(236, 250, 255)
(235, 248, 254)
(235, 249, 255)
(234, 250, 255)
(233, 249, 255)
(232, 248, 255)
(231, 247, 254)
(232, 245, 253)
(234, 247, 255)
(235, 247, 255)
(234, 247, 255)
(233, 246, 254)
(233, 246, 254)
(232, 245, 253)
(233, 246, 254)
(233, 246, 254)
(232, 245, 254)
(228, 243, 253)
(227, 243, 251)
(226, 242, 250)
(226, 241, 250)
(227, 241, 250)
(224, 238, 247)
(223, 236, 245)
(213, 227, 236)
(183, 198, 208)
(178, 193, 204)
(185, 200, 210)
(163, 178, 185)
(163, 179, 186)
(164, 181, 190)
(160, 179, 188)
(162, 181, 190)
(161, 180, 189)
(162, 181, 189)
(160, 182, 187)
(163, 183, 188)
(165, 182, 187)
(166, 181, 187)
(170, 185, 192)
(168, 184, 193)
(168, 186, 194)
(167, 186, 193)
(168, 185, 191)
(169, 185, 191)
(170, 187, 191)
(169, 187, 189)
(170, 187, 190)
(173, 189, 194)
(175, 185, 189)
(164, 156, 154)
(153, 126, 118)
(164, 126, 113)
(170, 132, 117)
(172, 138, 120)
(176, 143, 126)
(183, 149, 135)
(186, 151, 140)
(190, 153, 141)
(189, 153, 137)
(183, 152, 136)
(174, 151, 140)
(172, 169, 164)
(179, 187, 186)
(178, 189, 191)
(175, 190, 193)
(175, 190, 194)
(175, 190, 194)
(176, 192, 194)
(176, 192, 194)
(178, 193, 195)
(177, 192, 194)
(182, 194, 200)
(182, 192, 199)
(181, 189, 191)
(158, 150, 148)
(150, 121, 112)
(170, 131, 119)
(191, 149, 136)
(206, 162, 149)
(214, 171, 157)
(224, 181, 165)
(231, 185, 168)
(232, 183, 169)
(234, 186, 171)
(234, 190, 177)
(231, 190, 180)
(226, 191, 178)
(218, 197, 186)
(225, 221, 218)
(237, 245, 250)
(236, 248, 254)
(236, 249, 255)
(236, 249, 255)
(237, 250, 255)
(239, 250, 255)
(238, 248, 254)
(238, 249, 254)
(238, 248, 253)
(237, 242, 246)
(195, 190, 191)
(143, 123, 119)
(149, 115, 107)
(164, 126, 115)
(180, 145, 133)
(200, 164, 152)
(215, 178, 165)
(223, 186, 172)
(229, 193, 178)
(237, 201, 186)
(241, 203, 190)
(240, 201, 190)
(238, 201, 191)
(231, 205, 194)
(227, 222, 215)
(235, 247, 247)
(238, 251, 255)
(240, 251, 255)
(238, 250, 253)
(237, 250, 254)
(237, 251, 255)
(236, 250, 255)
(237, 250, 255)
(236, 249, 255)
(236, 249, 255)
(235, 248, 254)
(235, 249, 254)
(235, 250, 255)
(236, 250, 255)
(235, 248, 254)
(235, 248, 254)
(233, 248, 255)
(233, 248, 255)
(233, 248, 255)
(232, 247, 254)
(233, 247, 255)
(233, 246, 254)
(233, 247, 254)
(233, 246, 254)
(233, 246, 254)
(234, 247, 254)
(233, 246, 254)
(233, 246, 254)
(231, 244, 252)
(232, 245, 254)
(229, 243, 253)
(228, 242, 252)
(227, 241, 250)
(226, 240, 249)
(226, 240, 249)
(223, 237, 246)
(220, 234, 243)
(204, 219, 228)
(174, 191, 200)
(180, 197, 207)
(183, 201, 211)
(168, 180, 191)
(166, 179, 190)
(165, 181, 191)
(162, 181, 190)
(162, 181, 191)
(162, 182, 191)
(163, 183, 190)
(163, 183, 188)
(164, 183, 189)
(166, 182, 187)
(167, 180, 187)
(171, 185, 193)
(169, 184, 193)
(168, 184, 195)
(167, 186, 194)
(169, 185, 193)
(172, 187, 193)
(172, 187, 192)
(173, 188, 191)
(173, 186, 189)
(174, 188, 191)
(176, 186, 189)
(169, 162, 162)
(157, 130, 125)
(164, 123, 112)
(166, 128, 111)
(166, 136, 117)
(171, 143, 126)
(177, 146, 133)
(181, 146, 134)
(186, 147, 133)
(184, 149, 133)
(175, 149, 134)
(166, 150, 141)
(174, 177, 173)
(178, 191, 191)
(179, 193, 195)
(176, 191, 196)
(177, 192, 197)
(177, 192, 195)
(178, 193, 195)
(179, 193, 196)
(180, 193, 196)
(179, 194, 196)
(181, 195, 200)
(182, 194, 199)
(180, 188, 188)
(154, 143, 139)
(149, 119, 110)
(168, 130, 118)
(191, 149, 135)
(206, 162, 149)
(215, 172, 159)
(225, 182, 167)
(231, 186, 171)
(232, 183, 170)
(233, 185, 172)
(233, 189, 177)
(231, 190, 180)
(227, 191, 178)
(219, 198, 187)
(223, 219, 216)
(238, 245, 250)
(238, 248, 255)
(237, 249, 255)
(237, 250, 255)
(237, 250, 255)
(239, 251, 255)
(239, 250, 255)
(240, 250, 255)
(240, 249, 253)
(239, 246, 250)
(225, 227, 230)
(167, 156, 157)
(148, 122, 116)
(160, 127, 117)
(175, 141, 130)
(195, 157, 147)
(211, 172, 162)
(219, 182, 170)
(228, 192, 178)
(237, 200, 186)
(242, 203, 190)
(242, 201, 191)
(241, 202, 191)
(234, 204, 192)
(225, 216, 207)
(234, 243, 242)
(237, 250, 254)
(239, 251, 255)
(239, 251, 255)
(238, 251, 255)
(238, 251, 255)
(237, 250, 255)
(237, 250, 255)
(236, 249, 255)
(236, 248, 254)
(235, 248, 254)
(236, 249, 254)
(237, 250, 255)
(236, 249, 255)
(236, 249, 255)
(235, 248, 254)
(235, 249, 255)
(234, 248, 255)
(234, 248, 255)
(234, 248, 255)
(234, 249, 255)
(232, 247, 254)
(232, 247, 254)
(234, 247, 255)
(234, 247, 255)
(233, 246, 254)
(232, 245, 253)
(233, 246, 254)
(230, 243, 252)
(231, 244, 254)
(230, 243, 254)
(230, 242, 253)
(228, 242, 252)
(225, 239, 249)
(225, 239, 249)
(222, 236, 245)
(217, 232, 240)
(189, 206, 214)
(173, 190, 199)
(182, 199, 209)
(184, 202, 213)
(167, 179, 192)
(167, 182, 193)
(165, 182, 192)
(163, 181, 191)
(163, 182, 191)
(164, 183, 191)
(164, 183, 191)
(163, 182, 189)
(164, 182, 189)
(168, 184, 190)
(169, 183, 191)
(172, 186, 194)
(170, 184, 194)
(169, 184, 194)
(167, 185, 193)
(169, 185, 192)
(171, 186, 192)
(171, 185, 190)
(173, 188, 191)
(174, 188, 191)
(173, 188, 191)
(174, 188, 191)
(174, 174, 177)
(157, 137, 134)
(159, 124, 113)
(160, 123, 106)
(161, 132, 112)
(165, 139, 122)
(171, 141, 128)
(176, 141, 127)
(180, 141, 125)
(178, 145, 127)
(167, 146, 133)
(168, 159, 153)
(177, 185, 183)
(176, 191, 193)
(177, 193, 197)
(177, 193, 200)
(179, 195, 200)
(179, 194, 197)
(179, 193, 196)
(178, 192, 196)
(181, 193, 197)
(180, 195, 198)
(179, 194, 198)
(181, 193, 197)
(179, 183, 183)
(151, 135, 132)
(152, 119, 112)
(169, 130, 119)
(189, 146, 134)
(204, 159, 148)
(216, 172, 160)
(224, 180, 167)
(230, 185, 171)
(232, 184, 173)
(231, 185, 173)
(232, 188, 178)
(230, 190, 180)
(227, 191, 179)
(220, 199, 186)
(222, 219, 214)
(238, 245, 249)
(239, 248, 255)
(239, 250, 255)
(237, 250, 255)
(237, 250, 255)
(238, 250, 254)
(238, 250, 255)
(240, 250, 255)
(240, 249, 253)
(240, 249, 253)
(237, 244, 250)
(216, 215, 219)
(166, 150, 147)
(159, 131, 122)
(173, 139, 127)
(189, 150, 139)
(208, 165, 156)
(219, 179, 168)
(227, 190, 178)
(236, 200, 186)
(242, 201, 190)
(243, 199, 191)
(241, 199, 190)
(234, 202, 189)
(224, 211, 202)
(233, 239, 238)
(238, 251, 253)
(239, 251, 254)
(239, 250, 254)
(238, 250, 254)
(237, 251, 255)
(237, 250, 255)
(236, 249, 255)
(236, 249, 255)
(236, 249, 255)
(236, 249, 255)
(236, 249, 254)
(236, 249, 255)
(236, 249, 254)
(236, 249, 255)
(235, 249, 254)
(235, 248, 255)
(234, 247, 255)
(234, 247, 255)
(234, 247, 255)
(234, 248, 255)
(232, 247, 254)
(233, 247, 254)
(234, 248, 255)
(234, 247, 255)
(233, 246, 254)
(231, 245, 253)
(232, 246, 254)
(230, 243, 252)
(232, 244, 254)
(230, 241, 253)
(229, 241, 253)
(229, 241, 252)
(226, 240, 251)
(226, 240, 249)
(221, 235, 244)
(210, 225, 233)
(178, 195, 203)
(178, 195, 203)
(184, 202, 212)
(185, 203, 214)
(165, 181, 194)
(165, 183, 195)
(165, 183, 194)
(164, 182, 192)
(164, 182, 192)
(164, 181, 190)
(165, 182, 190)
(163, 182, 189)
(164, 183, 190)
(169, 186, 193)
(168, 183, 191)
(171, 186, 194)
(168, 184, 193)
(168, 184, 193)
(167, 183, 190)
(171, 186, 192)
(170, 185, 190)
(170, 186, 191)
(171, 188, 193)
(172, 189, 194)
(172, 189, 194)
(172, 190, 195)
(177, 185, 189)
(157, 147, 147)
(153, 126, 117)
(154, 120, 104)
(157, 125, 108)
(161, 131, 116)
(168, 135, 120)
(174, 136, 120)
(173, 136, 118)
(165, 138, 120)
(161, 148, 137)
(175, 176, 172)
(178, 190, 190)
(176, 193, 196)
(176, 193, 198)
(177, 193, 200)
(178, 194, 200)
(179, 194, 199)
(179, 193, 197)
(178, 193, 198)
(180, 193, 199)
(179, 194, 199)
(179, 195, 200)
(180, 193, 196)
(176, 178, 178)
(148, 127, 124)
(153, 119, 112)
(171, 132, 122)
(189, 146, 135)
(201, 156, 145)
(213, 168, 158)
(222, 176, 166)
(228, 183, 170)
(231, 185, 174)
(230, 184, 173)
(228, 185, 175)
(228, 188, 177)
(228, 193, 179)
(220, 199, 186)
(223, 220, 215)
(238, 246, 250)
(239, 249, 255)
(239, 250, 255)
(238, 250, 255)
(237, 251, 255)
(238, 251, 254)
(238, 251, 255)
(240, 250, 255)
(240, 249, 253)
(239, 249, 254)
(236, 249, 255)
(237, 244, 249)
(213, 206, 206)
(165, 144, 136)
(170, 136, 124)
(184, 142, 130)
(201, 155, 144)
(216, 172, 163)
(224, 184, 174)
(232, 193, 181)
(239, 196, 185)
(241, 195, 188)
(237, 196, 187)
(230, 198, 187)
(223, 210, 202)
(233, 238, 237)
(238, 251, 252)
(239, 251, 254)
(239, 250, 254)
(239, 251, 255)
(238, 251, 255)
(237, 250, 255)
(236, 249, 254)
(234, 248, 254)
(236, 249, 255)
(236, 249, 255)
(237, 250, 255)
(237, 249, 255)
(235, 248, 254)
(235, 248, 254)
(234, 249, 254)
(234, 248, 254)
(234, 247, 255)
(235, 247, 255)
(235, 248, 255)
(234, 248, 255)
(233, 247, 254)
(232, 247, 254)
(233, 246, 255)
(233, 246, 255)
(232, 245, 253)
(230, 244, 253)
(233, 246, 255)
(232, 245, 254)
(233, 244, 255)
(232, 242, 254)
(230, 241, 253)
(229, 241, 253)
(226, 239, 251)
(225, 238, 248)
(219, 232, 241)
(200, 213, 221)
(178, 193, 201)
(183, 199, 208)
(187, 202, 213)
(187, 203, 215)
(164, 182, 195)
(164, 183, 195)
(165, 184, 195)
(163, 182, 191)
(165, 182, 190)
(167, 183, 192)
(169, 185, 194)
(163, 184, 191)
(164, 185, 191)
(168, 187, 194)
(167, 185, 193)
(168, 186, 193)
(167, 185, 192)
(167, 184, 191)
(166, 182, 188)
(170, 185, 190)
(171, 186, 191)
(170, 188, 193)
(170, 190, 195)
(171, 189, 196)
(173, 190, 198)
(174, 190, 198)
(180, 190, 196)
(170, 168, 170)
(149, 132, 126)
(148, 120, 109)
(152, 119, 107)
(157, 123, 110)
(164, 128, 114)
(168, 131, 116)
(162, 131, 116)
(155, 138, 124)
(161, 162, 152)
(174, 187, 183)
(175, 192, 193)
(177, 193, 197)
(177, 192, 199)
(178, 193, 200)
(179, 194, 200)
(180, 194, 200)
(180, 194, 199)
(179, 195, 201)
(181, 195, 202)
(179, 195, 200)
(179, 194, 200)
(182, 194, 198)
(175, 175, 175)
(147, 123, 121)
(154, 119, 113)
(172, 133, 123)
(190, 145, 135)
(202, 154, 145)
(212, 165, 156)
(221, 173, 164)
(226, 179, 169)
(229, 184, 173)
(230, 184, 172)
(228, 185, 173)
(226, 185, 173)
(229, 193, 179)
(222, 199, 187)
(224, 220, 216)
(238, 246, 249)
(238, 248, 253)
(239, 250, 255)
(237, 249, 254)
(236, 249, 254)
(237, 251, 254)
(238, 251, 255)
(240, 250, 255)
(240, 250, 253)
(239, 251, 255)
(236, 251, 255)
(238, 250, 254)
(234, 236, 237)
(189, 176, 172)
(165, 136, 125)
(178, 137, 125)
(195, 147, 135)
(207, 161, 151)
(217, 174, 165)
(226, 183, 173)
(234, 188, 178)
(236, 190, 183)
(231, 193, 185)
(226, 198, 188)
(221, 211, 205)
(233, 239, 240)
(236, 249, 252)
(239, 251, 254)
(239, 250, 254)
(239, 251, 255)
(237, 250, 254)
(236, 249, 255)
(236, 250, 255)
(235, 250, 255)
(236, 249, 255)
(236, 249, 255)
(237, 249, 255)
(237, 249, 255)
(235, 248, 254)
(235, 248, 255)
(234, 249, 255)
(234, 248, 255)
(234, 246, 254)
(236, 247, 255)
(234, 246, 254)
(233, 246, 254)
(232, 246, 254)
(233, 247, 254)
(233, 246, 254)
(232, 246, 254)
(232, 245, 254)
(230, 244, 253)
(232, 245, 255)
(232, 245, 254)
(232, 243, 254)
(232, 242, 254)
(231, 242, 254)
(229, 241, 253)
(226, 237, 249)
(224, 236, 246)
(214, 227, 236)
(186, 199, 207)
(181, 194, 203)
(187, 200, 211)
(190, 203, 214)
(191, 204, 216)
(165, 184, 197)
(162, 182, 193)
(164, 184, 193)
(162, 182, 190)
(165, 182, 190)
(165, 182, 190)
(168, 185, 193)
(162, 184, 190)
(163, 185, 191)
(165, 186, 193)
(167, 186, 193)
(168, 187, 194)
(167, 186, 193)
(168, 187, 193)
(168, 186, 191)
(171, 186, 192)
(173, 188, 194)
(171, 189, 193)
(171, 190, 195)
(172, 190, 197)
(174, 190, 199)
(175, 189, 198)
(179, 190, 196)
(182, 186, 189)
(169, 163, 162)
(148, 132, 127)
(146, 121, 114)
(149, 120, 112)
(154, 123, 114)
(157, 130, 119)
(153, 135, 124)
(158, 155, 146)
(169, 179, 174)
(174, 192, 190)
(176, 192, 195)
(180, 194, 200)
(179, 193, 201)
(180, 193, 201)
(179, 192, 200)
(180, 194, 201)
(181, 195, 201)
(179, 195, 202)
(182, 196, 203)
(182, 195, 203)
(181, 195, 204)
(183, 195, 201)
(173, 173, 174)
(146, 123, 121)
(158, 123, 117)
(174, 135, 126)
(190, 144, 135)
(201, 152, 144)
(211, 162, 155)
(220, 170, 163)
(223, 174, 165)
(226, 178, 168)
(230, 183, 170)
(229, 184, 171)
(226, 183, 170)
(226, 187, 173)
(222, 197, 185)
(224, 220, 215)
(238, 247, 250)
(239, 250, 254)
(239, 251, 255)
(239, 250, 255)
(238, 251, 255)
(238, 251, 255)
(237, 250, 254)
(239, 249, 254)
(239, 250, 254)
(238, 251, 255)
(236, 251, 255)
(237, 251, 254)
(238, 245, 249)
(220, 217, 218)
(173, 154, 147)
(170, 135, 124)
(186, 139, 127)
(198, 150, 139)
(205, 159, 149)
(219, 170, 161)
(228, 179, 169)
(228, 184, 177)
(223, 191, 183)
(219, 198, 190)
(219, 214, 210)
(234, 242, 245)
(238, 250, 253)
(240, 251, 254)
(240, 251, 255)
(239, 250, 254)
(236, 250, 254)
(236, 249, 255)
(236, 250, 255)
(236, 251, 255)
(237, 250, 255)
(237, 249, 255)
(238, 249, 255)
(237, 249, 255)
(236, 248, 254)
(235, 249, 255)
(234, 248, 255)
(234, 247, 255)
(235, 247, 255)
(236, 247, 255)
(235, 245, 254)
(235, 247, 255)
(232, 246, 254)
(232, 246, 254)
(233, 246, 254)
(233, 246, 254)
(232, 246, 254)
(231, 245, 254)
(231, 245, 254)
(231, 244, 253)
(230, 242, 252)
(229, 241, 252)
(229, 241, 253)
(228, 240, 252)
(225, 237, 249)
(222, 234, 244)
(202, 214, 222)
(176, 189, 196)
(184, 197, 207)
(188, 200, 212)
(191, 203, 215)
(193, 204, 216)
(166, 182, 196)
(164, 182, 193)
(164, 184, 193)
(162, 182, 190)
(163, 183, 190)
(165, 184, 192)
(167, 186, 194)
(163, 185, 191)
(164, 184, 191)
(164, 184, 191)
(164, 184, 191)
(168, 187, 194)
(168, 187, 194)
(169, 188, 195)
(170, 188, 195)
(173, 188, 196)
(174, 189, 196)
(174, 190, 196)
(173, 189, 194)
(174, 189, 194)
(175, 190, 197)
(175, 191, 197)
(179, 190, 195)
(180, 189, 193)
(181, 187, 190)
(167, 168, 169)
(153, 146, 143)
(148, 134, 130)
(153, 137, 133)
(158, 147, 142)
(164, 162, 157)
(172, 180, 178)
(173, 188, 188)
(177, 193, 195)
(178, 191, 196)
(180, 193, 200)
(182, 194, 202)
(181, 194, 202)
(181, 193, 201)
(182, 195, 203)
(180, 195, 202)
(180, 195, 203)
(184, 195, 204)
(183, 194, 204)
(182, 195, 205)
(183, 195, 202)
(175, 179, 180)
(148, 127, 124)
(159, 125, 118)
(177, 137, 128)
(191, 144, 136)
(200, 149, 142)
(207, 155, 150)
(217, 165, 159)
(221, 168, 161)
(223, 173, 162)
(229, 179, 166)
(230, 181, 169)
(228, 181, 169)
(226, 184, 170)
(220, 193, 180)
(225, 218, 214)
(237, 247, 250)
(238, 250, 254)
(238, 249, 254)
(238, 249, 254)
(240, 251, 255)
(240, 251, 255)
(238, 250, 254)
(239, 250, 254)
(238, 251, 255)
(237, 252, 255)
(237, 251, 254)
(237, 250, 253)
(238, 248, 254)
(235, 240, 245)
(202, 193, 192)
(164, 136, 128)
(176, 133, 120)
(188, 141, 128)
(198, 149, 139)
(212, 159, 150)
(219, 167, 157)
(218, 176, 169)
(216, 189, 181)
(210, 197, 190)
(225, 226, 224)
(237, 247, 251)
(239, 250, 254)
(240, 251, 254)
(240, 251, 255)
(239, 250, 254)
(238, 251, 255)
(237, 250, 255)
(236, 250, 255)
(234, 249, 254)
(236, 249, 255)
(236, 248, 254)
(238, 248, 255)
(238, 248, 255)
(237, 248, 255)
(234, 248, 255)
(232, 247, 254)
(234, 247, 255)
(235, 247, 255)
(236, 246, 255)
(235, 245, 254)
(235, 246, 255)
(233, 245, 254)
(231, 245, 253)
(233, 246, 254)
(232, 246, 254)
(232, 247, 254)
(232, 246, 254)
(231, 245, 254)
(230, 243, 252)
(229, 241, 251)
(228, 240, 251)
(228, 240, 252)
(226, 238, 250)
(223, 235, 247)
(219, 231, 241)
(189, 200, 208)
(178, 191, 198)
(185, 200, 210)
(189, 203, 214)
(191, 203, 215)
(193, 205, 217)
(167, 183, 196)
(165, 182, 194)
(165, 183, 193)
(164, 184, 192)
(164, 184, 191)
(164, 184, 191)
(166, 186, 193)
(165, 185, 192)
(165, 186, 192)
(166, 187, 193)
(165, 185, 191)
(168, 187, 193)
(170, 189, 195)
(170, 188, 195)
(171, 189, 197)
(173, 189, 198)
(173, 189, 196)
(175, 190, 196)
(176, 190, 195)
(177, 190, 195)
(177, 191, 196)
(175, 191, 196)
(178, 192, 196)
(177, 191, 195)
(177, 192, 196)
(175, 189, 192)
(176, 185, 185)
(173, 176, 175)
(176, 177, 176)
(179, 182, 182)
(177, 187, 187)
(178, 192, 195)
(178, 192, 197)
(182, 193, 199)
(183, 193, 199)
(182, 193, 199)
(183, 195, 202)
(182, 195, 201)
(181, 194, 201)
(180, 195, 201)
(181, 195, 202)
(183, 195, 203)
(185, 194, 203)
(184, 195, 203)
(183, 194, 205)
(183, 195, 204)
(181, 187, 188)
(153, 136, 135)
(158, 126, 119)
(179, 138, 129)
(192, 144, 136)
(198, 146, 140)
(204, 151, 145)
(215, 163, 156)
(221, 170, 163)
(223, 175, 164)
(227, 178, 166)
(227, 177, 166)
(226, 178, 165)
(224, 181, 165)
(219, 190, 178)
(224, 218, 214)
(236, 247, 251)
(237, 249, 253)
(238, 250, 254)
(238, 250, 254)
(238, 250, 254)
(238, 251, 254)
(239, 251, 254)
(239, 251, 255)
(237, 251, 255)
(238, 252, 255)
(239, 251, 254)
(240, 251, 254)
(238, 250, 255)
(237, 248, 254)
(230, 229, 233)
(178, 159, 155)
(167, 131, 121)
(178, 134, 122)
(189, 139, 128)
(202, 148, 138)
(205, 156, 146)
(204, 170, 162)
(205, 188, 181)
(220, 216, 211)
(236, 242, 243)
(238, 250, 254)
(239, 250, 255)
(239, 249, 254)
(238, 249, 253)
(238, 249, 254)
(237, 250, 255)
(236, 249, 255)
(237, 250, 255)
(234, 249, 254)
(236, 249, 255)
(236, 248, 254)
(237, 248, 255)
(237, 247, 255)
(236, 248, 255)
(233, 247, 255)
(232, 248, 255)
(233, 248, 255)
(233, 246, 254)
(235, 247, 255)
(234, 245, 254)
(234, 245, 254)
(232, 245, 254)
(232, 245, 253)
(234, 247, 255)
(233, 246, 254)
(233, 246, 254)
(231, 245, 253)
(231, 245, 254)
(228, 241, 251)
(227, 241, 251)
(227, 240, 251)
(226, 239, 251)
(224, 236, 248)
(220, 232, 243)
(209, 221, 230)
(179, 190, 198)
(183, 196, 205)
(186, 201, 212)
(189, 204, 216)
(191, 205, 217)
(191, 204, 216)
(167, 183, 193)
(165, 182, 193)
(164, 182, 193)
(164, 183, 192)
(166, 185, 191)
(164, 183, 189)
(167, 186, 192)
(167, 186, 192)
(168, 187, 193)
(167, 187, 192)
(165, 186, 190)
(167, 187, 192)
(171, 190, 195)
(172, 188, 194)
(173, 188, 194)
(174, 190, 197)
(172, 189, 196)
(173, 189, 196)
(177, 190, 197)
(179, 191, 196)
(179, 190, 196)
(177, 190, 197)
(177, 192, 197)
(178, 193, 197)
(177, 192, 196)
(177, 192, 196)
(177, 191, 195)
(177, 189, 193)
(177, 189, 192)
(178, 192, 194)
(176, 192, 194)
(179, 194, 199)
(179, 194, 199)
(182, 194, 202)
(183, 194, 200)
(183, 194, 199)
(181, 196, 199)
(180, 196, 199)
(179, 197, 199)
(180, 196, 199)
(183, 195, 200)
(183, 196, 202)
(184, 196, 201)
(184, 197, 201)
(185, 195, 204)
(186, 195, 205)
(186, 191, 194)
(160, 148, 147)
(157, 127, 120)
(180, 138, 128)
(193, 143, 135)
(198, 144, 137)
(204, 151, 141)
(212, 166, 153)
(221, 176, 167)
(224, 182, 171)
(227, 183, 171)
(226, 176, 166)
(224, 175, 163)
(224, 180, 164)
(220, 190, 177)
(224, 219, 214)
(237, 247, 252)
(236, 249, 254)
(237, 251, 254)
(236, 251, 254)
(235, 250, 253)
(236, 251, 254)
(238, 251, 255)
(239, 251, 255)
(239, 251, 255)
(241, 252, 255)
(240, 251, 254)
(241, 252, 255)
(240, 251, 255)
(239, 250, 255)
(240, 245, 249)
(211, 203, 203)
(167, 144, 138)
(167, 133, 123)
(175, 133, 122)
(185, 142, 132)
(186, 153, 144)
(190, 174, 166)
(219, 217, 212)
(235, 243, 243)
(238, 248, 252)
(238, 249, 255)
(237, 249, 254)
(238, 250, 254)
(238, 249, 254)
(238, 250, 255)
(239, 251, 255)
(237, 249, 255)
(235, 250, 255)
(234, 249, 254)
(235, 248, 254)
(235, 248, 254)
(236, 248, 255)
(234, 247, 255)
(233, 248, 255)
(233, 248, 255)
(231, 247, 255)
(231, 247, 254)
(231, 245, 253)
(232, 246, 253)
(231, 245, 253)
(231, 246, 253)
(231, 246, 254)
(231, 246, 253)
(232, 245, 254)
(233, 244, 254)
(234, 244, 254)
(233, 244, 253)
(229, 243, 252)
(225, 241, 251)
(224, 241, 252)
(224, 241, 251)
(223, 237, 248)
(223, 236, 246)
(217, 228, 237)
(195, 206, 215)
(177, 190, 198)
(185, 198, 208)
(188, 202, 216)
(189, 204, 217)
(189, 206, 217)
(189, 206, 216)
(166, 183, 188)
(167, 184, 191)
(165, 184, 192)
(166, 185, 192)
(167, 186, 192)
(166, 185, 191)
(168, 186, 193)
(169, 186, 192)
(168, 186, 192)
(169, 188, 192)
(167, 187, 191)
(169, 188, 193)
(172, 189, 195)
(174, 190, 196)
(174, 189, 195)
(174, 190, 197)
(174, 190, 197)
(174, 190, 196)
(177, 191, 197)
(178, 190, 194)
(177, 190, 194)
(176, 192, 195)
(178, 193, 196)
(180, 194, 197)
(179, 193, 196)
(179, 192, 196)
(181, 193, 199)
(178, 192, 196)
(176, 193, 196)
(176, 194, 196)
(176, 194, 196)
(178, 196, 199)
(177, 195, 200)
(178, 196, 202)
(182, 195, 200)
(182, 195, 199)
(180, 195, 199)
(181, 197, 200)
(180, 196, 199)
(181, 195, 198)
(184, 196, 201)
(184, 196, 203)
(185, 196, 203)
(184, 197, 202)
(185, 196, 205)
(185, 195, 206)
(187, 195, 199)
(171, 163, 163)
(158, 132, 123)
(180, 140, 130)
(192, 144, 135)
(199, 146, 138)
(203, 151, 140)
(212, 168, 153)
(225, 181, 171)
(227, 186, 176)
(231, 188, 177)
(230, 180, 171)
(225, 177, 166)
(225, 182, 167)
(219, 192, 179)
(225, 223, 219)
(238, 248, 252)
(236, 250, 254)
(238, 252, 255)
(237, 252, 255)
(236, 250, 253)
(237, 252, 255)
(238, 252, 255)
(240, 251, 255)
(241, 252, 255)
(242, 253, 255)
(240, 252, 254)
(240, 251, 255)
(240, 251, 255)
(240, 251, 255)
(241, 250, 254)
(236, 237, 240)
(202, 193, 191)
(170, 153, 147)
(164, 143, 135)
(170, 150, 143)
(182, 170, 165)
(213, 212, 209)
(236, 244, 243)
(239, 251, 253)
(239, 251, 255)
(238, 250, 255)
(233, 252, 253)
(235, 251, 254)
(238, 249, 254)
(239, 250, 255)
(239, 251, 255)
(237, 249, 255)
(236, 249, 255)
(235, 249, 254)
(236, 249, 255)
(236, 249, 255)
(236, 249, 255)
(234, 247, 255)
(232, 247, 254)
(233, 248, 255)
(231, 247, 254)
(231, 247, 255)
(232, 246, 255)
(232, 246, 254)
(231, 245, 254)
(231, 245, 254)
(231, 246, 255)
(230, 245, 254)
(229, 246, 254)
(232, 246, 255)
(235, 244, 255)
(235, 243, 254)
(232, 243, 253)
(226, 241, 252)
(223, 241, 252)
(224, 240, 251)
(223, 237, 247)
(222, 234, 244)
(211, 222, 231)
(181, 192, 201)
(181, 193, 201)
(187, 200, 210)
(190, 204, 216)
(191, 205, 217)
(190, 206, 215)
(191, 207, 216)
(161, 179, 181)
(164, 182, 186)
(167, 186, 192)
(165, 184, 190)
(167, 186, 191)
(167, 186, 192)
(169, 187, 194)
(170, 185, 191)
(171, 186, 192)
(171, 187, 192)
(170, 187, 192)
(172, 190, 195)
(172, 188, 195)
(173, 189, 196)
(173, 189, 195)
(174, 190, 196)
(175, 191, 197)
(174, 190, 196)
(175, 191, 195)
(174, 191, 193)
(175, 191, 193)
(175, 193, 193)
(178, 195, 196)
(180, 194, 196)
(181, 193, 197)
(181, 192, 196)
(183, 192, 197)
(180, 192, 196)
(178, 193, 196)
(179, 194, 197)
(181, 195, 198)
(181, 196, 199)
(179, 194, 199)
(180, 196, 201)
(181, 196, 201)
(182, 196, 201)
(181, 195, 200)
(182, 195, 200)
(183, 196, 201)
(182, 195, 200)
(183, 196, 201)
(183, 195, 203)
(185, 195, 204)
(185, 197, 204)
(185, 196, 206)
(184, 196, 207)
(184, 197, 201)
(178, 174, 174)
(160, 137, 128)
(178, 141, 129)
(192, 148, 137)
(201, 150, 141)
(205, 154, 141)
(212, 167, 152)
(223, 179, 168)
(228, 188, 176)
(234, 192, 180)
(234, 185, 176)
(228, 181, 170)
(227, 185, 171)
(220, 196, 184)
(227, 228, 225)
(239, 249, 253)
(237, 249, 254)
(238, 251, 255)
(238, 252, 255)
(238, 251, 255)
(238, 252, 255)
(239, 251, 255)
(241, 252, 255)
(241, 252, 254)
(241, 252, 254)
(239, 251, 253)
(239, 250, 254)
(239, 250, 254)
(239, 251, 255)
(238, 250, 255)
(238, 247, 251)
(233, 237, 240)
(213, 212, 212)
(196, 195, 193)
(201, 201, 200)
(221, 225, 226)
(236, 245, 248)
(237, 250, 253)
(237, 251, 255)
(238, 250, 255)
(237, 250, 255)
(232, 251, 252)
(234, 251, 254)
(237, 250, 255)
(239, 251, 255)
(239, 250, 255)
(237, 249, 255)
(236, 249, 255)
(237, 250, 255)
(236, 249, 255)
(236, 249, 255)
(234, 247, 254)
(232, 247, 254)
(232, 247, 254)
(232, 247, 254)
(231, 246, 253)
(231, 247, 255)
(231, 246, 254)
(232, 246, 255)
(232, 245, 254)
(232, 246, 254)
(232, 245, 255)
(229, 244, 252)
(228, 246, 253)
(229, 246, 253)
(233, 245, 255)
(234, 244, 254)
(232, 243, 253)
(229, 242, 253)
(225, 240, 250)
(224, 238, 248)
(224, 237, 246)
(220, 231, 239)
(198, 208, 217)
(175, 187, 195)
(184, 197, 205)
(188, 201, 210)
(190, 204, 214)
(192, 206, 216)
(192, 207, 216)
(192, 207, 216)
(163, 180, 182)
(163, 180, 184)
(164, 183, 189)
(165, 184, 189)
(167, 186, 191)
(168, 187, 192)
(170, 188, 194)
(172, 186, 192)
(173, 188, 193)
(172, 188, 193)
(171, 187, 193)
(172, 190, 196)
(172, 189, 197)
(173, 190, 197)
(172, 190, 194)
(175, 191, 196)
(175, 190, 195)
(175, 190, 195)
(173, 190, 194)
(173, 192, 194)
(173, 192, 193)
(174, 192, 192)
(178, 195, 195)
(179, 194, 196)
(181, 194, 197)
(182, 194, 198)
(183, 194, 198)
(180, 192, 196)
(179, 192, 196)
(182, 193, 198)
(183, 193, 198)
(183, 194, 198)
(181, 195, 200)
(181, 196, 201)
(180, 196, 201)
(181, 197, 202)
(181, 196, 201)
(182, 196, 202)
(183, 196, 202)
(182, 195, 201)
(181, 196, 200)
(182, 196, 202)
(185, 196, 203)
(185, 197, 204)
(185, 197, 206)
(182, 196, 205)
(183, 197, 201)
(182, 181, 182)
(163, 138, 131)
(178, 140, 127)
(195, 150, 137)
(204, 153, 143)
(208, 158, 145)
(211, 167, 152)
(219, 175, 163)
(225, 185, 172)
(231, 192, 178)
(235, 187, 177)
(233, 184, 173)
(231, 188, 174)
(222, 197, 187)
(230, 232, 230)
(239, 249, 253)
(238, 250, 254)
(239, 252, 255)
(239, 251, 255)
(239, 251, 255)
(239, 253, 255)
(239, 252, 254)
(240, 251, 253)
(239, 250, 252)
(239, 252, 254)
(239, 251, 254)
(239, 251, 255)
(238, 249, 254)
(237, 249, 254)
(236, 250, 254)
(235, 249, 254)
(237, 248, 254)
(237, 245, 251)
(237, 243, 248)
(237, 244, 250)
(239, 246, 253)
(238, 249, 255)
(235, 249, 254)
(236, 251, 255)
(238, 250, 255)
(237, 248, 254)
(235, 248, 253)
(235, 249, 255)
(237, 250, 255)
(237, 249, 255)
(237, 249, 255)
(236, 247, 253)
(236, 248, 254)
(236, 248, 254)
(235, 248, 254)
(235, 248, 254)
(234, 248, 255)
(233, 248, 255)
(232, 247, 254)
(232, 246, 254)
(231, 245, 253)
(231, 247, 254)
(231, 246, 253)
(231, 245, 253)
(232, 245, 253)
(231, 244, 252)
(231, 244, 252)
(229, 243, 251)
(230, 245, 254)
(229, 245, 252)
(228, 244, 252)
(228, 243, 252)
(230, 243, 252)
(229, 240, 251)
(228, 239, 250)
(225, 237, 247)
(222, 233, 242)
(215, 226, 234)
(184, 195, 204)
(176, 189, 197)
(185, 199, 207)
(189, 204, 212)
(190, 205, 214)
(192, 206, 216)
(193, 207, 216)
(194, 208, 218)
(163, 178, 185)
(163, 179, 186)
(164, 182, 189)
(165, 183, 189)
(165, 185, 188)
(167, 186, 190)
(169, 187, 192)
(168, 185, 188)
(171, 187, 191)
(170, 186, 190)
(169, 186, 191)
(169, 187, 193)
(170, 188, 195)
(171, 190, 195)
(171, 189, 193)
(173, 190, 194)
(174, 189, 193)
(174, 189, 193)
(174, 190, 193)
(172, 192, 193)
(172, 192, 192)
(173, 190, 192)
(177, 193, 195)
(177, 192, 196)
(178, 193, 197)
(178, 193, 196)
(178, 193, 197)
(176, 192, 195)
(176, 192, 194)
(181, 194, 198)
(181, 192, 197)
(183, 195, 198)
(180, 195, 199)
(179, 196, 200)
(178, 196, 200)
(179, 196, 201)
(181, 196, 201)
(181, 194, 200)
(181, 195, 199)
(180, 196, 198)
(178, 196, 198)
(178, 195, 199)
(182, 196, 200)
(183, 197, 201)
(185, 197, 204)
(182, 197, 202)
(183, 197, 200)
(186, 184, 187)
(168, 140, 135)
(179, 137, 125)
(195, 148, 134)
(204, 152, 141)
(209, 158, 145)
(211, 165, 151)
(215, 170, 157)
(222, 183, 167)
(228, 189, 172)
(234, 187, 174)
(235, 184, 171)
(232, 186, 171)
(223, 197, 186)
(231, 232, 229)
(238, 248, 253)
(237, 248, 253)
(239, 250, 254)
(239, 250, 254)
(238, 249, 253)
(237, 250, 253)
(237, 249, 253)
(238, 249, 253)
(238, 249, 253)
(237, 249, 253)
(236, 249, 253)
(237, 249, 254)
(235, 246, 253)
(234, 246, 251)
(233, 248, 251)
(232, 247, 254)
(234, 247, 255)
(237, 248, 255)
(238, 246, 253)
(238, 246, 253)
(237, 246, 254)
(236, 246, 254)
(235, 247, 254)
(233, 248, 252)
(235, 248, 253)
(237, 248, 254)
(236, 247, 254)
(235, 247, 254)
(235, 248, 254)
(234, 247, 253)
(235, 247, 253)
(235, 247, 253)
(236, 248, 254)
(235, 246, 253)
(234, 246, 253)
(233, 246, 253)
(232, 246, 254)
(231, 246, 253)
(231, 245, 253)
(232, 245, 253)
(232, 244, 252)
(229, 244, 250)
(228, 243, 248)
(229, 243, 249)
(229, 242, 249)
(230, 243, 249)
(229, 242, 249)
(229, 242, 249)
(231, 242, 251)
(228, 242, 250)
(226, 243, 250)
(224, 243, 249)
(225, 242, 249)
(227, 239, 248)
(227, 237, 246)
(224, 235, 244)
(219, 229, 238)
(206, 217, 225)
(177, 189, 197)
(182, 194, 202)
(187, 200, 208)
(189, 204, 212)
(189, 204, 213)
(191, 206, 216)
(192, 208, 217)
(193, 208, 219)
(163, 177, 186)
(163, 178, 188)
(162, 178, 187)
(162, 179, 184)
(162, 181, 183)
(162, 182, 184)
(164, 183, 187)
(162, 181, 183)
(168, 186, 187)
(167, 185, 187)
(166, 183, 186)
(166, 184, 189)
(166, 184, 189)
(166, 185, 190)
(166, 184, 188)
(171, 187, 191)
(172, 186, 190)
(170, 184, 188)
(170, 186, 188)
(169, 188, 188)
(169, 188, 189)
(172, 187, 190)
(173, 188, 193)
(173, 188, 193)
(171, 187, 192)
(169, 186, 190)
(171, 189, 192)
(172, 189, 191)
(174, 191, 193)
(179, 193, 195)
(177, 189, 193)
(179, 192, 195)
(177, 191, 195)
(175, 192, 196)
(175, 192, 197)
(176, 192, 196)
(176, 191, 196)
(177, 191, 195)
(177, 191, 194)
(176, 192, 195)
(174, 193, 194)
(173, 192, 194)
(178, 193, 195)
(180, 193, 196)
(182, 194, 198)
(181, 194, 197)
(180, 194, 196)
(185, 182, 186)
(171, 140, 138)
(180, 137, 126)
(194, 147, 133)
(205, 152, 142)
(212, 158, 147)
(211, 163, 149)
(215, 167, 155)
(219, 178, 162)
(227, 186, 168)
(236, 186, 171)
(238, 182, 170)
(235, 184, 170)
(224, 194, 184)
(229, 228, 226)
(234, 244, 249)
(233, 243, 249)
(235, 245, 249)
(234, 245, 249)
(233, 245, 249)
(231, 244, 248)
(231, 243, 248)
(233, 245, 250)
(231, 243, 248)
(230, 243, 249)
(231, 244, 250)
(231, 243, 251)
(230, 240, 249)
(229, 241, 246)
(229, 243, 246)
(228, 242, 249)
(229, 243, 250)
(230, 243, 248)
(232, 244, 248)
(230, 243, 246)
(229, 243, 247)
(227, 241, 246)
(229, 242, 247)
(231, 243, 247)
(230, 243, 247)
(230, 243, 249)
(229, 244, 251)
(229, 243, 251)
(230, 243, 250)
(230, 243, 249)
(230, 243, 249)
(230, 243, 248)
(229, 241, 247)
(228, 241, 247)
(228, 241, 247)
(228, 241, 249)
(227, 242, 249)
(226, 241, 248)
(226, 240, 247)
(227, 240, 248)
(226, 237, 246)
(224, 238, 243)
(223, 237, 241)
(223, 238, 242)
(225, 239, 243)
(225, 238, 242)
(224, 237, 242)
(224, 238, 242)
(225, 237, 244)
(225, 237, 244)
(222, 236, 243)
(222, 237, 244)
(221, 236, 244)
(220, 233, 241)
(219, 232, 238)
(217, 227, 236)
(209, 220, 228)
(186, 199, 205)
(176, 189, 196)
(185, 198, 206)
(189, 202, 211)
(189, 204, 212)
(187, 204, 212)
(189, 206, 215)
(192, 208, 219)
(193, 208, 220)
(141, 155, 163)
(145, 159, 168)
(142, 158, 166)
(144, 161, 164)
(144, 162, 163)
(141, 159, 161)
(140, 158, 161)
(141, 161, 162)
(144, 163, 164)
(146, 164, 166)
(145, 162, 164)
(142, 159, 162)
(144, 163, 166)
(145, 163, 167)
(146, 163, 167)
(148, 164, 167)
(150, 165, 168)
(149, 163, 166)
(147, 162, 163)
(147, 164, 164)
(149, 164, 166)
(153, 167, 171)
(152, 166, 171)
(152, 167, 172)
(151, 167, 172)
(150, 167, 171)
(150, 168, 170)
(155, 170, 171)
(156, 168, 170)
(159, 170, 172)
(160, 170, 173)
(163, 173, 177)
(163, 173, 178)
(159, 171, 176)
(161, 173, 179)
(161, 173, 178)
(162, 173, 179)
(161, 173, 177)
(162, 176, 179)
(161, 176, 179)
(159, 176, 177)
(158, 176, 176)
(161, 175, 176)
(164, 175, 177)
(164, 173, 176)
(163, 174, 177)
(163, 174, 176)
(170, 166, 171)
(165, 136, 135)
(177, 134, 123)
(191, 144, 129)
(205, 152, 140)
(214, 157, 148)
(214, 160, 148)
(214, 160, 150)
(218, 171, 157)
(228, 181, 164)
(237, 182, 167)
(240, 178, 166)
(235, 179, 166)
(219, 186, 177)
(212, 211, 209)
(212, 223, 228)
(212, 222, 228)
(214, 223, 228)
(213, 222, 227)
(212, 223, 227)
(208, 222, 225)
(207, 219, 223)
(209, 221, 226)
(209, 221, 227)
(210, 223, 228)
(211, 224, 229)
(210, 223, 230)
(212, 222, 230)
(212, 222, 228)
(210, 222, 226)
(207, 222, 226)
(207, 222, 227)
(207, 222, 226)
(207, 223, 225)
(207, 224, 226)
(205, 224, 224)
(205, 224, 225)
(209, 224, 227)
(211, 223, 226)
(209, 221, 225)
(209, 224, 230)
(206, 224, 231)
(208, 223, 231)
(211, 225, 232)
(209, 223, 229)
(208, 223, 227)
(208, 222, 226)
(209, 223, 228)
(209, 222, 229)
(209, 222, 230)
(209, 222, 230)
(208, 222, 230)
(208, 223, 230)
(209, 222, 230)
(208, 220, 228)
(208, 218, 226)
(207, 220, 224)
(204, 219, 222)
(207, 221, 224)
(206, 220, 223)
(204, 219, 222)
(204, 219, 222)
(203, 219, 222)
(205, 219, 223)
(205, 217, 223)
(208, 218, 225)
(207, 216, 225)
(203, 214, 222)
(200, 213, 219)
(196, 211, 217)
(190, 202, 210)
(177, 189, 196)
(155, 169, 175)
(177, 190, 197)
(188, 201, 209)
(190, 203, 212)
(190, 205, 213)
(189, 206, 213)
(191, 207, 215)
(193, 207, 219)
(195, 208, 221)
(129, 143, 147)
(130, 145, 149)
(131, 147, 150)
(127, 145, 145)
(129, 147, 148)
(129, 147, 149)
(129, 148, 151)
(129, 149, 151)
(133, 151, 153)
(135, 152, 154)
(136, 152, 155)
(137, 152, 155)
(136, 153, 155)
(139, 155, 158)
(138, 153, 157)
(141, 155, 158)
(141, 155, 158)
(141, 155, 157)
(142, 155, 157)
(142, 156, 157)
(144, 157, 159)
(143, 157, 160)
(145, 158, 163)
(143, 157, 162)
(145, 159, 164)
(145, 159, 161)
(145, 160, 161)
(147, 160, 161)
(149, 159, 161)
(151, 161, 164)
(151, 160, 163)
(154, 163, 167)
(154, 161, 167)
(154, 161, 168)
(157, 163, 171)
(156, 163, 169)
(155, 163, 169)
(155, 164, 169)
(156, 167, 170)
(155, 168, 169)
(155, 169, 170)
(155, 168, 169)
(156, 166, 169)
(159, 167, 171)
(161, 168, 172)
(158, 168, 170)
(157, 169, 171)
(164, 162, 168)
(161, 136, 135)
(170, 132, 119)
(186, 141, 125)
(202, 149, 138)
(210, 152, 144)
(214, 155, 146)
(216, 154, 147)
(217, 162, 152)
(227, 173, 160)
(236, 174, 163)
(240, 174, 163)
(235, 175, 164)
(217, 183, 175)
(200, 199, 198)
(195, 207, 212)
(195, 206, 211)
(197, 207, 211)
(197, 207, 211)
(196, 207, 211)
(193, 207, 210)
(191, 204, 208)
(193, 205, 210)
(193, 205, 210)
(194, 208, 211)
(193, 207, 211)
(194, 207, 211)
(196, 207, 212)
(195, 207, 211)
(194, 207, 210)
(191, 206, 210)
(193, 207, 212)
(194, 206, 210)
(194, 208, 211)
(191, 208, 211)
(187, 207, 208)
(189, 208, 209)
(191, 207, 210)
(194, 209, 212)
(191, 205, 209)
(193, 207, 213)
(194, 206, 213)
(196, 208, 217)
(196, 209, 217)
(192, 207, 212)
(191, 207, 210)
(189, 205, 208)
(192, 208, 213)
(192, 207, 213)
(195, 209, 217)
(193, 206, 214)
(191, 206, 213)
(190, 204, 212)
(190, 203, 211)
(192, 203, 211)
(193, 203, 211)
(192, 204, 210)
(188, 202, 206)
(192, 206, 210)
(188, 202, 205)
(187, 202, 205)
(186, 202, 205)
(184, 201, 204)
(185, 201, 205)
(184, 198, 203)
(190, 200, 207)
(189, 197, 206)
(189, 197, 205)
(184, 194, 201)
(175, 187, 193)
(162, 175, 183)
(137, 150, 157)
(140, 153, 160)
(179, 192, 200)
(190, 202, 211)
(191, 204, 213)
(193, 207, 215)
(190, 206, 212)
(192, 206, 214)
(196, 209, 220)
(196, 208, 220)
(131, 145, 145)
(130, 144, 146)
(131, 148, 148)
(124, 142, 142)
(129, 148, 147)
(128, 146, 148)
(132, 150, 154)
(129, 149, 151)
(133, 152, 153)
(136, 153, 154)
(135, 150, 151)
(139, 154, 155)
(138, 154, 155)
(142, 157, 160)
(140, 154, 158)
(143, 157, 160)
(140, 154, 156)
(141, 155, 156)
(146, 158, 160)
(144, 155, 157)
(145, 158, 160)
(142, 157, 159)
(146, 160, 163)
(143, 156, 161)
(148, 160, 164)
(148, 160, 162)
(148, 159, 159)
(148, 160, 160)
(147, 160, 161)
(148, 161, 163)
(148, 161, 162)
(152, 165, 167)
(151, 160, 166)
(152, 159, 165)
(155, 159, 167)
(157, 160, 167)
(156, 161, 168)
(156, 164, 169)
(157, 166, 169)
(155, 166, 168)
(158, 170, 171)
(155, 165, 168)
(160, 166, 171)
(158, 163, 169)
(162, 168, 173)
(161, 171, 174)
(159, 172, 175)
(167, 166, 172)
(160, 139, 138)
(164, 131, 117)
(179, 138, 121)
(197, 145, 134)
(209, 148, 142)
(212, 149, 142)
(216, 150, 144)
(215, 155, 147)
(224, 165, 155)
(235, 169, 161)
(238, 169, 161)
(233, 171, 162)
(215, 181, 174)
(200, 201, 200)
(200, 212, 217)
(197, 208, 213)
(200, 210, 215)
(201, 210, 215)
(197, 208, 212)
(197, 210, 214)
(194, 207, 210)
(199, 210, 214)
(195, 207, 211)
(197, 211, 213)
(194, 208, 210)
(195, 208, 210)
(198, 210, 212)
(197, 210, 213)
(197, 211, 214)
(194, 208, 211)
(197, 210, 214)
(198, 208, 212)
(200, 210, 215)
(198, 210, 217)
(197, 212, 217)
(195, 212, 214)
(195, 210, 214)
(195, 212, 215)
(194, 210, 214)
(199, 211, 218)
(202, 208, 217)
(203, 211, 221)
(198, 211, 219)
(195, 211, 215)
(195, 212, 214)
(194, 211, 214)
(198, 215, 219)
(196, 211, 217)
(198, 211, 219)
(196, 209, 217)
(196, 210, 218)
(194, 209, 216)
(195, 208, 216)
(197, 208, 217)
(197, 206, 215)
(196, 208, 214)
(191, 204, 210)
(196, 209, 214)
(192, 206, 211)
(191, 207, 211)
(190, 207, 211)
(190, 208, 211)
(191, 207, 210)
(189, 203, 208)
(193, 205, 211)
(191, 201, 208)
(193, 200, 208)
(188, 195, 201)
(182, 190, 196)
(166, 179, 187)
(137, 151, 158)
(133, 148, 155)
(174, 188, 196)
(188, 201, 210)
(191, 204, 213)
(192, 206, 214)
(191, 205, 211)
(193, 205, 213)
(197, 208, 218)
(198, 209, 219)
