# Image Size: 128x128
# Format: (R, G, B) per line
(191, 208, 216)
(189, 207, 217)
(191, 211, 220)
(189, 209, 218)
(193, 211, 221)
(191, 209, 218)
(194, 214, 221)
(187, 212, 216)
(193, 212, 218)
(199, 211, 219)
(199, 211, 219)
(196, 213, 219)
(195, 214, 220)
(198, 217, 223)
(197, 212, 221)
(201, 218, 226)
(198, 217, 223)
(199, 220, 226)
(199, 218, 225)
(201, 219, 229)
(200, 217, 228)
(202, 221, 228)
(203, 222, 229)
(202, 219, 226)
(204, 220, 227)
(207, 222, 229)
(209, 224, 231)
(206, 222, 229)
(206, 224, 230)
(212, 225, 233)
(212, 222, 231)
(210, 223, 231)
(208, 223, 230)
(206, 223, 230)
(207, 223, 232)
(210, 224, 235)
(208, 224, 234)
(208, 225, 232)
(210, 225, 232)
(211, 227, 234)
(208, 227, 233)
(210, 227, 234)
(213, 225, 233)
(211, 226, 231)
(210, 225, 231)
(214, 228, 237)
(209, 223, 232)
(219, 231, 237)
(142, 148, 148)
(80, 78, 74)
(94, 84, 75)
(111, 94, 84)
(127, 108, 101)
(136, 114, 107)
(147, 124, 112)
(156, 130, 112)
(166, 139, 121)
(166, 140, 125)
(173, 149, 138)
(184, 161, 151)
(195, 173, 162)
(192, 170, 159)
(194, 169, 164)
(197, 173, 165)
(187, 166, 153)
(190, 171, 158)
(196, 178, 168)
(194, 178, 170)
(185, 170, 163)
(179, 161, 152)
(185, 169, 159)
(186, 172, 161)
(189, 173, 165)
(189, 171, 161)
(193, 176, 166)
(194, 177, 167)
(199, 180, 171)
(199, 180, 173)
(198, 177, 175)
(201, 179, 179)
(198, 178, 177)
(201, 184, 178)
(201, 183, 178)
(200, 179, 177)
(197, 179, 171)
(198, 183, 172)
(196, 182, 172)
(200, 184, 178)
(198, 176, 173)
(197, 173, 171)
(197, 180, 173)
(191, 174, 164)
(189, 171, 159)
(191, 171, 160)
(186, 165, 152)
(183, 164, 151)
(180, 161, 149)
(175, 159, 146)
(166, 155, 142)
(163, 149, 138)
(165, 139, 132)
(163, 132, 126)
(162, 132, 124)
(160, 135, 123)
(170, 148, 133)
(178, 154, 140)
(184, 159, 147)
(189, 165, 154)
(190, 169, 159)
(199, 180, 171)
(198, 176, 169)
(202, 180, 170)
(208, 188, 173)
(216, 199, 181)
(215, 197, 181)
(215, 197, 185)
(217, 199, 187)
(214, 202, 187)
(214, 202, 186)
(218, 203, 188)
(219, 201, 187)
(216, 197, 183)
(218, 200, 185)
(210, 193, 176)
(207, 182, 171)
(188, 171, 154)
(150, 147, 136)
(120, 131, 134)
(191, 208, 216)
(189, 208, 217)
(192, 214, 221)
(189, 209, 217)
(192, 211, 220)
(191, 210, 217)
(192, 212, 218)
(189, 214, 218)
(193, 212, 219)
(197, 211, 220)
(197, 210, 218)
(196, 213, 220)
(195, 214, 221)
(198, 216, 223)
(199, 215, 223)
(200, 218, 225)
(198, 217, 223)
(197, 218, 223)
(196, 215, 222)
(201, 219, 229)
(201, 218, 228)
(203, 221, 228)
(203, 220, 228)
(203, 220, 228)
(205, 221, 228)
(205, 221, 228)
(206, 222, 229)
(205, 222, 229)
(205, 224, 230)
(209, 223, 231)
(209, 222, 230)
(209, 222, 230)
(208, 224, 231)
(207, 224, 231)
(208, 224, 232)
(210, 225, 235)
(208, 224, 232)
(209, 226, 233)
(210, 226, 232)
(210, 225, 231)
(209, 228, 232)
(207, 225, 230)
(210, 224, 231)
(210, 226, 231)
(209, 225, 231)
(213, 227, 236)
(214, 227, 236)
(220, 230, 236)
(95, 99, 98)
(81, 77, 71)
(98, 87, 78)
(118, 102, 91)
(129, 110, 101)
(140, 119, 109)
(148, 125, 112)
(156, 130, 113)
(164, 137, 121)
(164, 138, 125)
(167, 143, 131)
(176, 154, 142)
(188, 166, 155)
(190, 168, 157)
(189, 164, 157)
(192, 168, 159)
(186, 164, 151)
(186, 165, 153)
(185, 167, 158)
(190, 173, 165)
(184, 168, 160)
(180, 161, 152)
(182, 165, 155)
(182, 167, 157)
(184, 167, 159)
(186, 166, 158)
(186, 168, 159)
(188, 171, 162)
(193, 176, 166)
(196, 177, 170)
(198, 177, 174)
(201, 180, 178)
(197, 177, 175)
(197, 179, 172)
(196, 177, 171)
(195, 173, 169)
(190, 171, 163)
(191, 175, 165)
(193, 177, 168)
(193, 174, 169)
(191, 167, 164)
(194, 170, 166)
(187, 170, 163)
(186, 169, 159)
(183, 165, 154)
(184, 163, 152)
(181, 160, 149)
(177, 157, 146)
(176, 156, 145)
(167, 149, 137)
(161, 148, 135)
(155, 139, 127)
(160, 135, 126)
(165, 136, 127)
(158, 131, 122)
(158, 135, 121)
(170, 148, 133)
(174, 151, 136)
(182, 157, 145)
(187, 163, 152)
(189, 168, 157)
(200, 181, 171)
(201, 181, 173)
(204, 183, 173)
(209, 190, 174)
(210, 193, 175)
(210, 192, 177)
(215, 197, 185)
(218, 200, 187)
(216, 205, 189)
(215, 203, 187)
(215, 199, 184)
(217, 199, 185)
(215, 196, 182)
(216, 198, 183)
(209, 192, 175)
(206, 184, 172)
(193, 177, 162)
(144, 142, 133)
(120, 130, 134)
(190, 209, 216)
(184, 205, 211)
(188, 212, 218)
(190, 210, 217)
(193, 212, 219)
(192, 211, 217)
(194, 215, 219)
(189, 214, 219)
(192, 213, 220)
(196, 211, 220)
(198, 213, 221)
(195, 213, 220)
(196, 215, 222)
(199, 215, 223)
(199, 216, 224)
(201, 220, 227)
(196, 216, 222)
(197, 218, 223)
(196, 215, 222)
(202, 220, 230)
(201, 218, 228)
(204, 221, 230)
(202, 219, 227)
(204, 220, 228)
(203, 221, 227)
(204, 222, 227)
(205, 223, 228)
(205, 223, 228)
(205, 224, 230)
(206, 222, 229)
(209, 222, 230)
(210, 223, 231)
(209, 225, 232)
(206, 223, 230)
(209, 225, 233)
(209, 225, 233)
(208, 226, 232)
(210, 227, 233)
(212, 228, 232)
(209, 224, 228)
(209, 227, 230)
(210, 227, 232)
(209, 227, 231)
(210, 228, 232)
(207, 225, 230)
(211, 226, 234)
(214, 225, 234)
(219, 226, 232)
(77, 77, 75)
(87, 81, 72)
(108, 97, 84)
(124, 109, 95)
(133, 115, 103)
(143, 122, 110)
(148, 126, 111)
(158, 130, 115)
(164, 136, 121)
(164, 139, 125)
(164, 140, 128)
(173, 150, 139)
(184, 162, 151)
(188, 165, 155)
(186, 162, 152)
(187, 163, 152)
(183, 161, 148)
(178, 157, 146)
(183, 163, 154)
(187, 169, 162)
(186, 169, 160)
(179, 159, 149)
(178, 159, 150)
(183, 165, 157)
(180, 162, 154)
(182, 162, 155)
(182, 162, 156)
(185, 166, 159)
(190, 174, 164)
(192, 174, 166)
(194, 174, 170)
(196, 175, 172)
(192, 171, 167)
(192, 173, 166)
(191, 171, 163)
(192, 168, 162)
(187, 167, 158)
(191, 173, 163)
(186, 169, 160)
(187, 168, 162)
(189, 166, 160)
(191, 168, 161)
(183, 166, 157)
(185, 168, 158)
(185, 167, 157)
(182, 161, 151)
(179, 157, 147)
(174, 152, 143)
(172, 150, 141)
(163, 142, 131)
(157, 141, 128)
(151, 131, 120)
(156, 131, 121)
(161, 134, 123)
(153, 130, 117)
(160, 138, 122)
(169, 147, 132)
(172, 149, 134)
(179, 155, 142)
(187, 163, 151)
(194, 173, 161)
(202, 183, 172)
(204, 185, 174)
(205, 186, 174)
(209, 190, 176)
(210, 192, 178)
(208, 190, 178)
(214, 196, 184)
(215, 198, 186)
(216, 204, 189)
(216, 204, 188)
(216, 200, 185)
(217, 199, 185)
(214, 195, 181)
(213, 195, 180)
(208, 191, 175)
(202, 184, 171)
(185, 172, 161)
(134, 133, 129)
(120, 130, 135)
(190, 211, 219)
(185, 208, 215)
(190, 215, 221)
(189, 212, 219)
(191, 211, 218)
(192, 212, 218)
(195, 216, 220)
(190, 213, 219)
(193, 215, 221)
(191, 211, 218)
(195, 214, 221)
(194, 213, 220)
(198, 215, 223)
(204, 217, 226)
(196, 214, 221)
(199, 219, 226)
(194, 215, 220)
(199, 219, 225)
(198, 217, 224)
(202, 221, 229)
(202, 219, 229)
(204, 221, 231)
(202, 219, 228)
(203, 220, 227)
(203, 222, 228)
(205, 224, 228)
(205, 224, 228)
(204, 223, 227)
(204, 225, 230)
(206, 224, 230)
(211, 224, 232)
(207, 222, 229)
(208, 224, 231)
(206, 223, 231)
(211, 227, 235)
(210, 226, 233)
(209, 228, 232)
(209, 227, 231)
(209, 225, 229)
(212, 227, 230)
(209, 225, 228)
(210, 228, 231)
(208, 227, 230)
(211, 230, 234)
(207, 225, 231)
(213, 228, 236)
(213, 223, 230)
(182, 187, 192)
(82, 78, 74)
(96, 86, 76)
(112, 101, 86)
(126, 112, 95)
(135, 120, 105)
(144, 125, 111)
(150, 128, 113)
(158, 130, 116)
(160, 133, 119)
(163, 138, 125)
(163, 139, 127)
(168, 144, 132)
(179, 157, 144)
(185, 161, 149)
(180, 158, 145)
(180, 159, 145)
(183, 162, 148)
(177, 156, 146)
(181, 161, 153)
(181, 162, 155)
(181, 161, 152)
(173, 152, 143)
(172, 152, 143)
(177, 158, 151)
(171, 151, 145)
(171, 150, 145)
(174, 153, 148)
(176, 158, 152)
(181, 167, 157)
(186, 169, 161)
(189, 170, 164)
(191, 170, 165)
(186, 165, 159)
(189, 169, 160)
(187, 166, 157)
(188, 164, 155)
(186, 165, 154)
(188, 169, 159)
(186, 169, 161)
(184, 165, 158)
(186, 166, 156)
(186, 166, 155)
(182, 165, 155)
(183, 166, 156)
(184, 166, 156)
(179, 159, 150)
(174, 151, 144)
(169, 147, 141)
(164, 142, 134)
(156, 135, 124)
(149, 128, 117)
(149, 126, 114)
(155, 129, 118)
(160, 135, 121)
(153, 132, 117)
(158, 138, 122)
(164, 142, 126)
(172, 149, 133)
(180, 156, 142)
(188, 164, 151)
(195, 174, 161)
(202, 183, 170)
(200, 184, 169)
(203, 188, 173)
(206, 189, 177)
(205, 187, 176)
(209, 191, 180)
(212, 194, 184)
(213, 199, 187)
(213, 201, 186)
(217, 203, 187)
(218, 202, 187)
(216, 198, 184)
(212, 194, 179)
(209, 191, 175)
(205, 188, 171)
(197, 182, 167)
(170, 161, 154)
(132, 132, 135)
(123, 131, 139)
(187, 210, 219)
(184, 209, 217)
(188, 214, 222)
(186, 210, 218)
(189, 211, 218)
(194, 214, 221)
(194, 216, 221)
(194, 216, 222)
(189, 212, 218)
(189, 212, 218)
(194, 216, 222)
(195, 214, 222)
(198, 212, 221)
(204, 215, 225)
(195, 215, 222)
(198, 218, 225)
(196, 216, 223)
(201, 221, 228)
(198, 217, 224)
(204, 223, 230)
(202, 219, 227)
(202, 222, 231)
(202, 222, 230)
(204, 223, 230)
(204, 223, 229)
(205, 224, 228)
(206, 224, 228)
(206, 224, 228)
(205, 226, 231)
(205, 223, 229)
(210, 225, 232)
(207, 223, 230)
(208, 225, 232)
(207, 223, 230)
(208, 224, 231)
(211, 227, 234)
(207, 226, 231)
(208, 226, 230)
(212, 228, 233)
(214, 228, 232)
(212, 227, 232)
(214, 229, 234)
(210, 227, 229)
(209, 227, 230)
(206, 225, 230)
(215, 229, 236)
(217, 226, 231)
(99, 103, 104)
(84, 79, 72)
(103, 93, 81)
(119, 108, 94)
(128, 117, 99)
(136, 125, 107)
(146, 132, 115)
(153, 135, 120)
(153, 128, 115)
(157, 132, 119)
(159, 136, 124)
(159, 138, 126)
(158, 137, 124)
(167, 146, 133)
(172, 151, 137)
(170, 151, 136)
(171, 152, 137)
(176, 157, 144)
(172, 152, 143)
(176, 157, 150)
(184, 165, 158)
(175, 157, 148)
(168, 147, 137)
(167, 147, 138)
(167, 148, 140)
(168, 148, 142)
(167, 146, 141)
(166, 145, 140)
(173, 155, 149)
(174, 159, 153)
(182, 166, 160)
(184, 166, 160)
(185, 164, 159)
(182, 161, 155)
(183, 162, 156)
(185, 164, 155)
(182, 161, 150)
(185, 164, 154)
(187, 168, 160)
(180, 162, 156)
(179, 160, 153)
(184, 166, 155)
(179, 162, 149)
(176, 159, 148)
(177, 160, 150)
(176, 158, 148)
(171, 149, 142)
(170, 145, 140)
(161, 138, 133)
(154, 132, 125)
(146, 125, 114)
(143, 120, 110)
(144, 119, 110)
(157, 129, 118)
(160, 133, 121)
(153, 131, 115)
(161, 139, 125)
(169, 147, 133)
(177, 154, 140)
(180, 156, 143)
(189, 165, 154)
(193, 172, 160)
(200, 179, 168)
(196, 183, 166)
(196, 183, 167)
(203, 187, 176)
(202, 183, 175)
(205, 187, 177)
(206, 191, 179)
(209, 195, 184)
(209, 195, 181)
(209, 194, 180)
(210, 194, 180)
(212, 194, 180)
(209, 191, 177)
(208, 189, 172)
(203, 184, 167)
(191, 179, 160)
(160, 154, 149)
(125, 126, 136)
(123, 131, 141)
(191, 214, 223)
(186, 211, 220)
(188, 214, 223)
(187, 211, 220)
(193, 215, 223)
(192, 212, 220)
(191, 214, 220)
(192, 213, 220)
(191, 214, 219)
(190, 213, 219)
(193, 215, 221)
(197, 214, 222)
(202, 216, 225)
(202, 215, 224)
(197, 217, 224)
(200, 220, 227)
(197, 217, 224)
(199, 219, 226)
(200, 219, 226)
(202, 221, 227)
(201, 220, 226)
(200, 222, 229)
(199, 222, 228)
(201, 224, 229)
(202, 224, 229)
(204, 223, 228)
(209, 225, 229)
(208, 224, 229)
(206, 226, 232)
(207, 225, 231)
(210, 225, 232)
(208, 224, 231)
(210, 227, 234)
(209, 225, 232)
(211, 225, 232)
(212, 227, 236)
(208, 226, 233)
(208, 228, 233)
(213, 228, 234)
(214, 227, 233)
(214, 226, 234)
(215, 229, 235)
(211, 226, 229)
(211, 228, 231)
(208, 225, 231)
(215, 229, 235)
(223, 230, 234)
(71, 73, 71)
(85, 81, 72)
(107, 97, 85)
(121, 110, 98)
(129, 118, 102)
(134, 123, 106)
(144, 131, 114)
(151, 134, 121)
(150, 127, 113)
(155, 131, 119)
(157, 135, 123)
(156, 136, 124)
(152, 133, 120)
(157, 139, 124)
(167, 148, 133)
(167, 148, 134)
(167, 149, 136)
(166, 148, 136)
(168, 149, 140)
(169, 151, 145)
(177, 159, 153)
(168, 151, 143)
(159, 139, 129)
(159, 141, 130)
(162, 145, 135)
(159, 141, 134)
(165, 145, 140)
(166, 147, 141)
(170, 153, 146)
(171, 156, 150)
(173, 157, 152)
(176, 157, 152)
(177, 157, 151)
(179, 158, 153)
(185, 164, 159)
(182, 162, 155)
(180, 159, 151)
(179, 160, 151)
(180, 162, 155)
(177, 159, 154)
(176, 159, 152)
(176, 160, 150)
(173, 157, 144)
(168, 150, 138)
(168, 151, 140)
(167, 147, 138)
(166, 143, 137)
(163, 138, 132)
(157, 132, 126)
(147, 125, 117)
(139, 118, 108)
(136, 113, 104)
(149, 123, 114)
(155, 126, 117)
(156, 128, 117)
(156, 131, 117)
(166, 143, 130)
(171, 149, 138)
(179, 155, 143)
(182, 158, 147)
(188, 164, 154)
(193, 170, 160)
(196, 174, 164)
(191, 177, 160)
(197, 183, 167)
(200, 184, 173)
(204, 186, 177)
(202, 185, 173)
(206, 190, 177)
(207, 193, 181)
(208, 192, 180)
(205, 189, 176)
(210, 194, 180)
(210, 194, 179)
(206, 189, 174)
(206, 187, 170)
(202, 184, 166)
(189, 177, 157)
(153, 148, 145)
(128, 129, 140)
(124, 130, 141)
(188, 211, 220)
(187, 211, 220)
(188, 214, 223)
(189, 213, 223)
(192, 214, 224)
(192, 212, 221)
(191, 214, 222)
(191, 211, 219)
(194, 215, 222)
(193, 216, 222)
(194, 214, 221)
(199, 215, 223)
(204, 217, 226)
(204, 218, 227)
(198, 217, 224)
(200, 220, 227)
(201, 220, 227)
(202, 220, 227)
(200, 219, 225)
(203, 222, 228)
(202, 220, 226)
(199, 224, 230)
(199, 224, 229)
(200, 224, 229)
(201, 223, 228)
(203, 222, 227)
(208, 224, 230)
(210, 224, 231)
(208, 227, 233)
(206, 222, 229)
(210, 225, 232)
(209, 225, 232)
(210, 228, 234)
(209, 225, 232)
(212, 227, 234)
(210, 225, 233)
(208, 227, 233)
(209, 228, 234)
(212, 228, 234)
(214, 227, 234)
(214, 227, 235)
(216, 229, 235)
(214, 226, 230)
(215, 230, 234)
(211, 226, 232)
(219, 231, 237)
(174, 179, 181)
(78, 77, 73)
(90, 85, 75)
(109, 99, 88)
(123, 111, 100)
(129, 117, 102)
(137, 125, 108)
(143, 129, 113)
(148, 130, 119)
(151, 130, 117)
(154, 132, 119)
(153, 132, 120)
(150, 132, 120)
(147, 129, 116)
(150, 133, 119)
(157, 139, 124)
(160, 140, 128)
(161, 142, 129)
(162, 143, 130)
(167, 147, 137)
(168, 149, 143)
(171, 153, 145)
(160, 143, 134)
(150, 130, 119)
(155, 136, 125)
(156, 139, 129)
(157, 139, 130)
(161, 142, 135)
(163, 144, 137)
(163, 146, 139)
(163, 146, 142)
(164, 145, 141)
(169, 150, 144)
(173, 152, 147)
(178, 157, 152)
(181, 162, 156)
(178, 159, 152)
(176, 157, 150)
(176, 157, 149)
(174, 155, 148)
(174, 156, 150)
(171, 154, 147)
(171, 155, 146)
(165, 150, 138)
(163, 145, 133)
(159, 141, 129)
(155, 135, 125)
(159, 136, 128)
(156, 130, 123)
(148, 122, 114)
(138, 116, 106)
(130, 109, 98)
(134, 111, 101)
(146, 120, 111)
(155, 127, 119)
(157, 129, 118)
(168, 140, 127)
(173, 148, 136)
(172, 148, 138)
(181, 156, 146)
(181, 157, 147)
(188, 164, 154)
(188, 164, 154)
(189, 165, 155)
(188, 172, 153)
(194, 179, 164)
(201, 184, 174)
(202, 184, 173)
(203, 187, 173)
(204, 188, 173)
(205, 190, 178)
(207, 190, 179)
(205, 187, 176)
(207, 190, 178)
(208, 192, 178)
(205, 189, 173)
(206, 186, 169)
(200, 181, 164)
(179, 170, 151)
(144, 142, 141)
(126, 128, 140)
(125, 131, 142)
(189, 210, 218)
(189, 212, 219)
(190, 215, 222)
(187, 211, 220)
(192, 215, 223)
(193, 213, 222)
(192, 215, 222)
(195, 214, 222)
(196, 216, 223)
(194, 214, 221)
(195, 214, 221)
(200, 214, 223)
(201, 215, 224)
(201, 218, 226)
(200, 219, 226)
(201, 220, 227)
(200, 217, 225)
(202, 219, 227)
(200, 217, 224)
(204, 222, 228)
(203, 222, 227)
(202, 224, 230)
(202, 224, 229)
(201, 225, 229)
(202, 225, 230)
(205, 226, 231)
(207, 225, 232)
(207, 223, 231)
(209, 225, 232)
(210, 223, 231)
(211, 225, 233)
(209, 225, 231)
(209, 227, 231)
(208, 225, 229)
(211, 226, 232)
(211, 225, 233)
(212, 230, 235)
(208, 227, 231)
(212, 230, 234)
(213, 226, 232)
(215, 228, 234)
(214, 227, 233)
(212, 224, 229)
(216, 231, 236)
(215, 229, 235)
(226, 235, 240)
(65, 65, 65)
(81, 73, 67)
(98, 89, 78)
(116, 107, 95)
(123, 110, 100)
(131, 114, 102)
(137, 121, 104)
(140, 123, 107)
(150, 131, 120)
(151, 129, 116)
(154, 132, 119)
(154, 133, 121)
(149, 129, 118)
(146, 128, 116)
(146, 127, 113)
(153, 134, 120)
(160, 139, 127)
(157, 136, 123)
(156, 135, 121)
(162, 141, 128)
(168, 148, 138)
(165, 146, 137)
(150, 132, 122)
(144, 121, 110)
(150, 129, 117)
(153, 133, 122)
(152, 132, 122)
(159, 138, 128)
(156, 136, 126)
(152, 134, 123)
(155, 136, 129)
(159, 140, 133)
(163, 143, 135)
(168, 148, 140)
(169, 149, 142)
(171, 154, 146)
(170, 152, 146)
(173, 154, 148)
(169, 150, 142)
(170, 150, 141)
(171, 151, 144)
(166, 147, 140)
(168, 151, 142)
(162, 145, 134)
(154, 135, 123)
(152, 133, 121)
(151, 130, 119)
(151, 126, 116)
(147, 120, 110)
(135, 109, 96)
(133, 108, 95)
(130, 105, 92)
(138, 113, 101)
(145, 119, 109)
(153, 128, 116)
(157, 132, 119)
(168, 142, 128)
(173, 148, 136)
(175, 151, 140)
(180, 156, 145)
(184, 160, 149)
(184, 160, 149)
(189, 165, 154)
(187, 163, 152)
(185, 165, 147)
(193, 174, 160)
(199, 181, 170)
(196, 180, 166)
(203, 188, 169)
(203, 188, 170)
(204, 186, 174)
(209, 189, 180)
(207, 187, 178)
(207, 189, 178)
(206, 190, 177)
(203, 186, 170)
(202, 183, 166)
(199, 180, 163)
(168, 162, 149)
(134, 138, 140)
(127, 134, 144)
(126, 131, 142)
(188, 207, 212)
(190, 211, 215)
(193, 216, 221)
(191, 214, 220)
(194, 215, 223)
(192, 214, 221)
(193, 216, 222)
(195, 212, 220)
(197, 214, 222)
(194, 213, 220)
(199, 215, 223)
(203, 215, 225)
(203, 217, 226)
(199, 218, 225)
(198, 216, 224)
(205, 222, 230)
(204, 221, 229)
(205, 222, 230)
(203, 220, 227)
(203, 221, 226)
(200, 219, 223)
(205, 222, 229)
(203, 222, 228)
(204, 225, 230)
(201, 224, 229)
(202, 225, 230)
(205, 227, 233)
(205, 224, 231)
(210, 223, 231)
(213, 225, 234)
(214, 227, 234)
(210, 226, 231)
(209, 227, 231)
(208, 224, 229)
(213, 228, 233)
(214, 228, 233)
(211, 229, 232)
(211, 231, 233)
(213, 230, 233)
(213, 228, 231)
(215, 229, 233)
(216, 231, 236)
(215, 230, 235)
(216, 232, 238)
(213, 226, 233)
(195, 200, 206)
(72, 66, 67)
(94, 78, 73)
(107, 95, 83)
(120, 110, 99)
(128, 111, 103)
(139, 118, 107)
(145, 125, 108)
(149, 129, 112)
(151, 130, 118)
(155, 130, 117)
(155, 131, 118)
(152, 129, 117)
(148, 127, 116)
(145, 125, 114)
(144, 123, 111)
(147, 126, 113)
(148, 124, 114)
(149, 124, 111)
(153, 129, 112)
(159, 136, 119)
(161, 139, 125)
(156, 136, 125)
(138, 118, 107)
(133, 109, 97)
(142, 118, 106)
(146, 125, 113)
(151, 128, 118)
(153, 129, 118)
(147, 125, 113)
(148, 128, 116)
(151, 131, 122)
(154, 134, 125)
(158, 138, 127)
(163, 144, 132)
(164, 147, 137)
(166, 150, 142)
(168, 152, 144)
(170, 149, 144)
(169, 149, 140)
(168, 147, 135)
(166, 145, 134)
(164, 142, 134)
(161, 141, 132)
(152, 134, 123)
(147, 127, 115)
(145, 125, 114)
(144, 123, 111)
(144, 118, 107)
(135, 107, 94)
(127, 101, 86)
(129, 102, 86)
(136, 105, 92)
(141, 112, 98)
(146, 121, 107)
(161, 138, 122)
(163, 141, 125)
(165, 140, 125)
(171, 146, 133)
(173, 149, 136)
(177, 153, 140)
(182, 158, 145)
(187, 162, 149)
(181, 156, 143)
(183, 158, 145)
(185, 161, 144)
(190, 168, 154)
(193, 174, 162)
(192, 176, 159)
(195, 180, 158)
(198, 182, 162)
(204, 183, 171)
(207, 185, 177)
(206, 186, 178)
(204, 186, 175)
(199, 183, 170)
(199, 183, 168)
(196, 177, 161)
(191, 171, 155)
(154, 152, 145)
(125, 134, 138)
(125, 135, 145)
(129, 134, 145)
(190, 208, 214)
(192, 211, 216)
(194, 215, 221)
(193, 213, 219)
(197, 214, 221)
(194, 213, 221)
(193, 216, 222)
(196, 214, 220)
(198, 215, 224)
(196, 213, 222)
(199, 215, 224)
(202, 215, 224)
(203, 217, 226)
(201, 218, 226)
(201, 218, 227)
(205, 222, 230)
(202, 220, 228)
(204, 222, 229)
(202, 220, 227)
(205, 223, 229)
(204, 223, 228)
(207, 224, 228)
(203, 222, 228)
(202, 224, 230)
(202, 225, 231)
(204, 227, 232)
(203, 225, 231)
(205, 225, 232)
(213, 228, 235)
(210, 224, 232)
(213, 226, 233)
(211, 226, 232)
(210, 226, 232)
(210, 226, 231)
(213, 228, 234)
(215, 228, 234)
(214, 230, 235)
(212, 229, 232)
(214, 230, 234)
(214, 229, 233)
(214, 228, 232)
(214, 231, 235)
(215, 230, 235)
(217, 230, 239)
(217, 230, 236)
(111, 117, 117)
(81, 74, 70)
(102, 85, 77)
(112, 99, 90)
(125, 113, 105)
(133, 116, 107)
(141, 122, 110)
(145, 125, 110)
(151, 129, 115)
(153, 127, 118)
(158, 130, 121)
(153, 130, 119)
(150, 128, 117)
(149, 125, 115)
(146, 125, 114)
(140, 120, 108)
(138, 116, 105)
(140, 116, 103)
(144, 117, 105)
(146, 118, 106)
(151, 129, 115)
(150, 133, 117)
(145, 127, 114)
(129, 107, 97)
(128, 101, 89)
(136, 110, 99)
(141, 117, 107)
(145, 122, 112)
(143, 119, 109)
(144, 122, 111)
(147, 128, 115)
(150, 128, 119)
(152, 129, 121)
(157, 134, 126)
(156, 138, 127)
(159, 145, 134)
(162, 147, 139)
(165, 149, 143)
(169, 151, 145)
(165, 146, 135)
(166, 145, 131)
(161, 139, 126)
(158, 136, 125)
(156, 135, 126)
(148, 128, 120)
(143, 123, 113)
(142, 121, 110)
(139, 116, 104)
(134, 108, 99)
(126, 99, 90)
(125, 98, 86)
(127, 99, 85)
(133, 102, 89)
(138, 109, 96)
(148, 122, 109)
(157, 134, 120)
(161, 139, 124)
(164, 139, 125)
(172, 147, 134)
(170, 144, 131)
(177, 150, 136)
(179, 156, 142)
(180, 160, 146)
(179, 156, 144)
(183, 155, 145)
(180, 157, 142)
(184, 164, 150)
(188, 169, 156)
(190, 174, 157)
(193, 178, 158)
(195, 179, 161)
(202, 183, 171)
(205, 184, 178)
(208, 186, 176)
(205, 184, 173)
(195, 180, 170)
(196, 181, 170)
(198, 179, 167)
(188, 171, 160)
(145, 146, 144)
(128, 135, 141)
(128, 136, 146)
(130, 135, 147)
(196, 213, 221)
(192, 211, 218)
(196, 216, 223)
(195, 212, 220)
(198, 213, 222)
(196, 212, 220)
(193, 216, 222)
(198, 217, 223)
(198, 214, 223)
(197, 214, 224)
(200, 217, 227)
(202, 218, 226)
(203, 219, 227)
(206, 220, 231)
(203, 219, 227)
(203, 220, 228)
(202, 221, 228)
(204, 223, 230)
(201, 220, 227)
(204, 223, 230)
(203, 222, 229)
(205, 222, 226)
(201, 222, 227)
(203, 226, 232)
(204, 226, 232)
(206, 226, 232)
(206, 225, 232)
(208, 228, 235)
(211, 228, 235)
(210, 226, 233)
(212, 227, 234)
(211, 226, 233)
(214, 229, 236)
(212, 227, 234)
(214, 228, 236)
(215, 228, 235)
(215, 229, 234)
(214, 229, 234)
(215, 230, 237)
(215, 230, 237)
(215, 230, 235)
(214, 231, 235)
(214, 228, 235)
(220, 230, 240)
(212, 224, 227)
(71, 77, 72)
(81, 74, 65)
(107, 92, 83)
(122, 109, 101)
(132, 118, 110)
(137, 121, 111)
(142, 126, 113)
(149, 130, 118)
(152, 129, 119)
(155, 127, 119)
(160, 131, 125)
(150, 126, 118)
(146, 124, 115)
(147, 123, 113)
(144, 122, 111)
(138, 120, 108)
(133, 111, 101)
(134, 112, 97)
(137, 109, 99)
(139, 109, 102)
(140, 117, 108)
(138, 125, 109)
(130, 113, 100)
(125, 99, 92)
(123, 93, 84)
(131, 103, 94)
(136, 110, 102)
(138, 115, 107)
(137, 113, 104)
(141, 120, 109)
(142, 124, 111)
(149, 126, 116)
(152, 126, 119)
(155, 130, 124)
(155, 137, 127)
(154, 140, 129)
(164, 148, 140)
(162, 146, 140)
(163, 149, 140)
(160, 143, 131)
(160, 139, 125)
(153, 131, 117)
(149, 126, 114)
(148, 125, 117)
(141, 120, 112)
(141, 120, 111)
(138, 116, 105)
(129, 105, 94)
(125, 98, 92)
(122, 94, 89)
(123, 96, 88)
(126, 99, 87)
(133, 104, 91)
(144, 116, 105)
(152, 125, 114)
(156, 131, 119)
(162, 137, 124)
(162, 137, 123)
(166, 141, 127)
(171, 145, 131)
(173, 145, 132)
(177, 154, 140)
(175, 159, 143)
(173, 154, 142)
(182, 154, 146)
(179, 158, 145)
(181, 163, 149)
(184, 166, 152)
(188, 172, 155)
(189, 173, 156)
(192, 176, 161)
(201, 183, 172)
(201, 183, 176)
(206, 183, 172)
(202, 180, 168)
(193, 177, 169)
(196, 181, 173)
(192, 176, 165)
(178, 166, 158)
(140, 142, 144)
(132, 137, 143)
(128, 133, 144)
(127, 134, 145)
(193, 210, 219)
(193, 212, 220)
(196, 216, 224)
(194, 212, 221)
(199, 215, 223)
(195, 212, 220)
(194, 216, 222)
(197, 216, 223)
(200, 217, 227)
(198, 215, 225)
(198, 216, 226)
(198, 215, 223)
(199, 216, 224)
(204, 219, 230)
(204, 221, 229)
(204, 221, 229)
(203, 222, 229)
(204, 223, 230)
(202, 221, 228)
(205, 224, 231)
(206, 225, 231)
(208, 224, 229)
(206, 225, 231)
(203, 223, 230)
(208, 227, 233)
(208, 225, 232)
(210, 226, 233)
(210, 227, 235)
(210, 227, 234)
(210, 226, 233)
(211, 226, 233)
(212, 226, 234)
(216, 230, 238)
(211, 225, 233)
(215, 229, 237)
(216, 229, 235)
(215, 230, 235)
(216, 231, 236)
(217, 232, 238)
(217, 232, 239)
(216, 231, 237)
(215, 229, 235)
(214, 227, 235)
(218, 231, 238)
(157, 167, 167)
(74, 74, 66)
(90, 80, 70)
(122, 108, 96)
(128, 113, 104)
(141, 124, 115)
(146, 128, 116)
(148, 130, 116)
(155, 137, 124)
(160, 139, 128)
(157, 132, 124)
(162, 134, 128)
(150, 126, 118)
(144, 121, 112)
(146, 122, 112)
(141, 119, 109)
(131, 114, 101)
(128, 109, 95)
(130, 110, 92)
(128, 103, 89)
(133, 104, 96)
(133, 108, 97)
(125, 106, 92)
(126, 104, 92)
(120, 92, 86)
(126, 96, 89)
(127, 101, 92)
(129, 105, 95)
(134, 111, 102)
(135, 114, 104)
(134, 114, 104)
(132, 116, 104)
(142, 118, 108)
(147, 121, 114)
(152, 127, 120)
(158, 137, 127)
(156, 140, 128)
(159, 142, 133)
(161, 143, 136)
(153, 138, 127)
(155, 136, 125)
(150, 129, 117)
(146, 122, 111)
(141, 117, 106)
(136, 113, 104)
(136, 113, 104)
(136, 113, 103)
(129, 104, 92)
(124, 97, 86)
(122, 93, 85)
(122, 93, 86)
(124, 96, 86)
(136, 109, 97)
(145, 120, 106)
(152, 127, 115)
(153, 126, 115)
(154, 127, 115)
(159, 131, 118)
(163, 134, 121)
(163, 137, 124)
(164, 139, 126)
(168, 144, 130)
(171, 151, 135)
(172, 156, 140)
(168, 149, 136)
(173, 150, 138)
(175, 154, 141)
(180, 161, 147)
(182, 164, 150)
(188, 171, 154)
(188, 171, 153)
(191, 173, 157)
(201, 182, 169)
(199, 181, 171)
(202, 181, 169)
(201, 182, 170)
(197, 183, 173)
(197, 182, 170)
(186, 172, 160)
(170, 164, 156)
(135, 138, 141)
(129, 135, 143)
(128, 135, 145)
(127, 135, 146)
(193, 211, 221)
(193, 213, 222)
(194, 214, 223)
(196, 214, 224)
(198, 215, 224)
(195, 214, 221)
(196, 216, 223)
(196, 215, 222)
(200, 218, 228)
(196, 216, 225)
(197, 218, 227)
(199, 219, 226)
(202, 219, 228)
(204, 221, 231)
(203, 220, 228)
(202, 221, 228)
(204, 223, 230)
(204, 224, 231)
(202, 222, 229)
(204, 224, 231)
(202, 222, 228)
(211, 225, 231)
(207, 224, 231)
(206, 225, 232)
(207, 224, 231)
(211, 227, 233)
(212, 227, 234)
(210, 226, 234)
(209, 226, 233)
(211, 227, 234)
(215, 230, 237)
(215, 228, 236)
(216, 229, 237)
(215, 228, 236)
(216, 230, 238)
(216, 229, 235)
(218, 231, 236)
(216, 231, 235)
(216, 231, 237)
(216, 230, 239)
(215, 230, 237)
(217, 230, 238)
(219, 231, 240)
(235, 249, 252)
(73, 76, 73)
(90, 82, 73)
(110, 98, 85)
(130, 118, 104)
(135, 119, 107)
(149, 131, 119)
(152, 133, 119)
(155, 136, 122)
(164, 146, 133)
(165, 146, 134)
(164, 142, 132)
(161, 135, 127)
(153, 129, 120)
(145, 122, 113)
(146, 120, 111)
(140, 117, 106)
(129, 112, 97)
(124, 105, 89)
(124, 104, 84)
(124, 102, 85)
(126, 101, 89)
(130, 103, 92)
(133, 105, 94)
(122, 93, 82)
(122, 92, 82)
(125, 99, 91)
(126, 103, 94)
(128, 106, 94)
(131, 108, 94)
(137, 113, 102)
(128, 105, 96)
(128, 106, 97)
(136, 111, 101)
(141, 114, 105)
(153, 126, 118)
(158, 136, 123)
(158, 139, 125)
(157, 139, 126)
(148, 130, 119)
(142, 125, 113)
(142, 123, 111)
(139, 116, 106)
(139, 115, 105)
(137, 113, 103)
(134, 110, 99)
(132, 108, 97)
(134, 107, 96)
(126, 98, 86)
(124, 94, 82)
(125, 95, 85)
(130, 100, 91)
(141, 113, 101)
(143, 118, 105)
(148, 124, 111)
(151, 127, 115)
(150, 125, 113)
(152, 124, 111)
(159, 128, 116)
(161, 128, 116)
(161, 133, 120)
(163, 139, 126)
(163, 144, 128)
(162, 144, 128)
(169, 150, 134)
(171, 151, 135)
(171, 151, 136)
(176, 155, 142)
(179, 158, 145)
(183, 162, 149)
(185, 165, 149)
(187, 167, 150)
(193, 172, 156)
(203, 181, 169)
(198, 179, 166)
(197, 179, 166)
(198, 181, 170)
(198, 183, 171)
(195, 179, 165)
(180, 171, 157)
(151, 151, 145)
(127, 138, 143)
(126, 138, 146)
(128, 139, 150)
(129, 138, 150)
(196, 214, 225)
(195, 213, 224)
(195, 215, 224)
(193, 211, 221)
(197, 215, 225)
(196, 215, 222)
(198, 217, 224)
(197, 216, 223)
(199, 217, 227)
(198, 219, 229)
(195, 218, 226)
(198, 219, 225)
(201, 220, 229)
(202, 221, 232)
(203, 222, 230)
(203, 222, 229)
(204, 223, 230)
(203, 223, 230)
(202, 222, 229)
(204, 224, 231)
(203, 223, 230)
(210, 225, 231)
(207, 224, 231)
(208, 226, 234)
(208, 224, 231)
(214, 228, 234)
(213, 228, 234)
(212, 228, 236)
(209, 226, 233)
(211, 227, 234)
(215, 230, 237)
(213, 226, 234)
(217, 230, 238)
(215, 228, 236)
(218, 231, 239)
(217, 229, 236)
(217, 230, 235)
(215, 230, 235)
(216, 232, 238)
(216, 230, 239)
(216, 230, 239)
(219, 231, 240)
(217, 229, 236)
(153, 164, 164)
(87, 84, 79)
(99, 88, 77)
(120, 110, 95)
(134, 121, 106)
(144, 128, 114)
(153, 134, 120)
(155, 136, 121)
(162, 143, 128)
(172, 152, 138)
(170, 149, 137)
(168, 144, 135)
(163, 138, 129)
(154, 133, 123)
(150, 129, 119)
(147, 120, 111)
(139, 114, 104)
(129, 109, 95)
(126, 102, 87)
(122, 100, 82)
(124, 102, 86)
(126, 101, 88)
(131, 102, 91)
(132, 99, 88)
(124, 91, 80)
(126, 95, 82)
(126, 100, 92)
(124, 101, 90)
(125, 102, 88)
(129, 103, 88)
(133, 103, 91)
(129, 99, 90)
(130, 101, 94)
(135, 108, 98)
(140, 113, 104)
(150, 123, 114)
(155, 131, 119)
(155, 133, 119)
(145, 125, 112)
(140, 120, 109)
(141, 122, 110)
(139, 118, 107)
(136, 113, 103)
(137, 113, 103)
(137, 112, 101)
(134, 109, 96)
(130, 105, 92)
(130, 102, 90)
(123, 95, 82)
(120, 91, 79)
(128, 98, 86)
(138, 110, 99)
(143, 116, 103)
(145, 120, 107)
(147, 122, 110)
(147, 122, 110)
(150, 125, 112)
(153, 125, 112)
(156, 125, 113)
(160, 128, 115)
(163, 133, 121)
(163, 138, 125)
(160, 140, 124)
(159, 139, 122)
(165, 144, 127)
(170, 147, 131)
(170, 151, 135)
(175, 154, 141)
(178, 157, 144)
(182, 160, 147)
(190, 168, 153)
(192, 171, 155)
(196, 173, 158)
(203, 179, 167)
(198, 177, 163)
(197, 179, 167)
(197, 180, 170)
(196, 179, 167)
(193, 176, 161)
(175, 167, 156)
(141, 147, 143)
(131, 141, 148)
(130, 141, 151)
(128, 137, 150)
(127, 138, 149)
(196, 214, 225)
(195, 213, 224)
(198, 217, 227)
(194, 212, 222)
(198, 216, 226)
(197, 216, 223)
(200, 217, 225)
(198, 217, 224)
(200, 218, 228)
(198, 219, 228)
(195, 218, 226)
(198, 220, 226)
(202, 221, 230)
(204, 222, 233)
(203, 222, 230)
(205, 224, 231)
(202, 221, 228)
(204, 224, 231)
(202, 222, 229)
(204, 224, 231)
(204, 224, 231)
(208, 224, 231)
(207, 224, 232)
(207, 226, 233)
(208, 225, 232)
(213, 229, 234)
(213, 228, 235)
(211, 227, 235)
(213, 229, 236)
(211, 227, 234)
(215, 228, 236)
(215, 228, 236)
(218, 231, 239)
(216, 229, 237)
(217, 230, 238)
(217, 230, 237)
(217, 230, 236)
(216, 231, 236)
(217, 232, 238)
(217, 231, 239)
(217, 232, 239)
(215, 229, 237)
(227, 238, 243)
(71, 74, 73)
(102, 93, 86)
(109, 99, 85)
(129, 122, 105)
(145, 131, 116)
(150, 133, 118)
(157, 140, 124)
(162, 143, 127)
(170, 149, 135)
(178, 157, 143)
(172, 150, 138)
(169, 142, 133)
(166, 143, 132)
(156, 138, 126)
(154, 134, 123)
(150, 123, 114)
(136, 109, 100)
(129, 105, 92)
(129, 101, 87)
(125, 100, 85)
(125, 102, 87)
(130, 104, 91)
(132, 102, 92)
(128, 95, 83)
(122, 88, 75)
(125, 92, 76)
(127, 96, 87)
(122, 93, 81)
(121, 93, 79)
(124, 94, 78)
(126, 94, 81)
(131, 99, 89)
(134, 104, 96)
(139, 112, 101)
(142, 115, 105)
(149, 122, 112)
(149, 123, 111)
(146, 122, 108)
(138, 116, 103)
(136, 116, 105)
(136, 116, 104)
(137, 114, 104)
(137, 113, 103)
(136, 110, 101)
(136, 111, 99)
(130, 105, 91)
(127, 102, 87)
(125, 99, 85)
(120, 92, 80)
(119, 91, 78)
(138, 110, 98)
(140, 114, 101)
(144, 119, 105)
(143, 117, 105)
(144, 116, 107)
(143, 117, 106)
(147, 122, 108)
(152, 125, 112)
(154, 125, 113)
(158, 127, 114)
(159, 129, 117)
(161, 135, 121)
(162, 139, 125)
(159, 136, 120)
(163, 138, 123)
(169, 144, 129)
(170, 150, 133)
(180, 156, 144)
(181, 157, 145)
(184, 160, 149)
(193, 169, 156)
(196, 173, 159)
(200, 177, 163)
(204, 179, 169)
(202, 180, 164)
(200, 182, 170)
(195, 178, 168)
(195, 175, 163)
(191, 174, 159)
(163, 159, 151)
(137, 144, 143)
(132, 141, 151)
(132, 142, 154)
(130, 139, 153)
(127, 138, 149)
(193, 211, 223)
(198, 215, 227)
(199, 216, 227)
(198, 216, 226)
(198, 218, 227)
(196, 216, 223)
(202, 219, 227)
(200, 217, 225)
(201, 220, 229)
(196, 217, 226)
(200, 223, 231)
(198, 221, 227)
(203, 222, 230)
(205, 222, 232)
(203, 221, 229)
(205, 224, 231)
(203, 222, 229)
(207, 226, 233)
(205, 224, 231)
(206, 225, 232)
(206, 224, 232)
(209, 226, 233)
(207, 226, 233)
(209, 228, 234)
(209, 227, 233)
(213, 229, 234)
(212, 228, 234)
(209, 226, 234)
(213, 229, 236)
(213, 228, 235)
(218, 231, 239)
(215, 228, 236)
(218, 231, 239)
(216, 229, 237)
(218, 231, 239)
(218, 231, 239)
(218, 233, 238)
(215, 230, 235)
(219, 233, 240)
(218, 231, 240)
(218, 231, 238)
(218, 231, 236)
(183, 191, 193)
(87, 82, 78)
(112, 98, 88)
(122, 112, 97)
(139, 132, 114)
(154, 139, 123)
(162, 145, 128)
(166, 149, 131)
(173, 152, 136)
(180, 157, 143)
(180, 157, 143)
(178, 153, 141)
(173, 144, 135)
(161, 140, 127)
(161, 145, 130)
(155, 135, 123)
(152, 123, 115)
(139, 109, 101)
(130, 102, 91)
(133, 101, 88)
(130, 102, 90)
(131, 103, 90)
(136, 107, 95)
(129, 99, 89)
(127, 96, 84)
(125, 93, 79)
(123, 88, 71)
(119, 79, 70)
(121, 83, 72)
(120, 85, 71)
(123, 91, 76)
(126, 95, 81)
(131, 103, 90)
(141, 116, 104)
(151, 123, 111)
(148, 121, 110)
(145, 118, 108)
(142, 115, 103)
(141, 115, 101)
(135, 113, 99)
(134, 113, 102)
(139, 115, 105)
(135, 111, 101)
(135, 109, 100)
(135, 108, 98)
(133, 105, 93)
(129, 102, 87)
(125, 99, 83)
(115, 90, 75)
(121, 94, 82)
(132, 105, 94)
(140, 113, 101)
(138, 115, 99)
(137, 114, 100)
(139, 114, 103)
(141, 112, 104)
(140, 113, 103)
(146, 120, 108)
(148, 122, 109)
(149, 123, 109)
(151, 124, 109)
(157, 129, 116)
(160, 132, 120)
(160, 133, 120)
(161, 134, 121)
(162, 135, 122)
(171, 146, 132)
(177, 155, 140)
(189, 163, 151)
(189, 162, 151)
(188, 162, 153)
(195, 171, 159)
(198, 174, 160)
(203, 179, 168)
(203, 179, 170)
(203, 181, 167)
(201, 182, 171)
(201, 183, 172)
(195, 174, 161)
(183, 168, 158)
(157, 156, 153)
(135, 141, 146)
(130, 141, 151)
(130, 142, 155)
(133, 144, 158)
(131, 141, 153)
(198, 216, 228)
(198, 214, 227)
(200, 215, 227)
(198, 218, 227)
(196, 219, 226)
(195, 216, 223)
(201, 218, 226)
(203, 219, 227)
(204, 221, 231)
(198, 218, 227)
(200, 221, 230)
(201, 221, 228)
(205, 222, 230)
(207, 222, 233)
(206, 223, 232)
(203, 222, 229)
(205, 224, 231)
(207, 226, 233)
(205, 222, 230)
(209, 225, 233)
(209, 225, 233)
(209, 226, 233)
(208, 225, 233)
(209, 228, 234)
(210, 226, 232)
(214, 229, 234)
(213, 229, 235)
(212, 228, 236)
(215, 231, 238)
(215, 230, 237)
(219, 232, 240)
(216, 229, 237)
(219, 232, 240)
(217, 230, 238)
(219, 232, 240)
(217, 231, 239)
(218, 233, 239)
(216, 231, 237)
(219, 232, 240)
(217, 230, 239)
(221, 232, 240)
(227, 237, 240)
(82, 84, 81)
(95, 85, 77)
(118, 106, 93)
(135, 125, 109)
(148, 137, 120)
(162, 146, 130)
(166, 148, 130)
(177, 157, 141)
(184, 160, 146)
(184, 159, 145)
(182, 157, 144)
(180, 155, 143)
(175, 148, 137)
(167, 145, 130)
(167, 149, 133)
(161, 139, 127)
(156, 126, 118)
(145, 113, 106)
(133, 105, 93)
(134, 103, 90)
(133, 102, 89)
(139, 106, 92)
(133, 99, 88)
(128, 99, 89)
(121, 96, 86)
(105, 76, 64)
(112, 76, 62)
(122, 80, 69)
(126, 88, 75)
(126, 92, 78)
(127, 96, 81)
(135, 106, 93)
(139, 115, 102)
(146, 124, 112)
(151, 125, 112)
(144, 119, 107)
(141, 116, 104)
(140, 112, 100)
(140, 112, 99)
(137, 114, 102)
(131, 111, 101)
(134, 109, 101)
(131, 105, 95)
(132, 107, 95)
(135, 108, 96)
(131, 103, 90)
(125, 97, 83)
(120, 94, 79)
(118, 94, 81)
(134, 108, 97)
(140, 113, 104)
(141, 115, 101)
(136, 111, 96)
(136, 112, 100)
(137, 112, 103)
(140, 113, 105)
(139, 113, 104)
(141, 116, 105)
(144, 119, 105)
(144, 118, 104)
(147, 120, 106)
(148, 122, 110)
(154, 127, 115)
(160, 129, 117)
(161, 133, 120)
(163, 138, 125)
(168, 146, 133)
(178, 155, 142)
(187, 160, 149)
(189, 161, 150)
(187, 161, 152)
(192, 168, 156)
(197, 173, 161)
(204, 182, 171)
(203, 180, 173)
(197, 177, 165)
(197, 182, 170)
(199, 183, 168)
(190, 172, 156)
(173, 164, 157)
(145, 148, 152)
(136, 142, 149)
(136, 139, 152)
(137, 140, 156)
(135, 141, 157)
(131, 140, 153)
(197, 214, 227)
(198, 213, 226)
(202, 216, 227)
(199, 217, 227)
(196, 219, 225)
(196, 218, 224)
(203, 221, 228)
(206, 220, 229)
(204, 219, 229)
(201, 220, 229)
(202, 222, 231)
(201, 220, 227)
(205, 223, 231)
(208, 223, 234)
(204, 222, 230)
(206, 225, 232)
(206, 225, 232)
(207, 225, 232)
(206, 223, 231)
(212, 226, 235)
(212, 225, 234)
(211, 227, 234)
(209, 226, 235)
(211, 227, 235)
(213, 228, 233)
(215, 228, 234)
(215, 229, 236)
(213, 229, 237)
(216, 231, 238)
(215, 230, 237)
(218, 231, 239)
(218, 230, 239)
(219, 232, 240)
(217, 230, 238)
(218, 231, 239)
(217, 231, 240)
(218, 233, 240)
(217, 232, 239)
(218, 231, 239)
(219, 230, 240)
(220, 230, 237)
(182, 190, 192)
(90, 89, 83)
(102, 92, 82)
(121, 111, 96)
(139, 129, 114)
(156, 141, 127)
(164, 148, 132)
(168, 150, 132)
(187, 164, 149)
(189, 163, 150)
(187, 160, 147)
(184, 159, 146)
(183, 159, 147)
(178, 152, 141)
(174, 150, 135)
(169, 149, 133)
(164, 140, 128)
(164, 131, 124)
(148, 117, 109)
(136, 109, 97)
(135, 105, 92)
(137, 105, 90)
(134, 99, 83)
(132, 97, 84)
(125, 98, 87)
(86, 65, 57)
(73, 46, 37)
(102, 66, 56)
(118, 82, 68)
(126, 95, 80)
(125, 95, 81)
(132, 103, 90)
(138, 110, 99)
(136, 111, 100)
(142, 119, 109)
(145, 120, 107)
(141, 117, 104)
(139, 114, 102)
(138, 110, 98)
(138, 110, 98)
(135, 112, 101)
(128, 108, 99)
(131, 105, 97)
(133, 106, 96)
(132, 106, 93)
(133, 105, 92)
(130, 102, 88)
(123, 94, 80)
(121, 93, 79)
(127, 102, 90)
(138, 111, 103)
(139, 112, 103)
(141, 114, 101)
(136, 110, 97)
(136, 111, 100)
(137, 113, 104)
(138, 114, 106)
(138, 114, 104)
(140, 117, 105)
(141, 117, 103)
(144, 118, 104)
(149, 121, 108)
(149, 124, 112)
(150, 123, 111)
(157, 125, 114)
(163, 133, 121)
(164, 141, 127)
(169, 149, 136)
(176, 153, 142)
(187, 159, 148)
(187, 159, 148)
(188, 161, 153)
(194, 170, 159)
(197, 174, 162)
(200, 178, 168)
(200, 178, 171)
(198, 181, 169)
(196, 183, 170)
(193, 178, 162)
(184, 169, 152)
(161, 158, 152)
(139, 145, 152)
(139, 143, 154)
(140, 142, 155)
(141, 144, 159)
(138, 144, 160)
(134, 142, 156)
(195, 213, 225)
(198, 214, 227)
(200, 215, 228)
(199, 217, 227)
(195, 218, 225)
(196, 218, 224)
(203, 221, 228)
(200, 215, 222)
(203, 218, 227)
(201, 219, 229)
(201, 221, 229)
(201, 222, 228)
(206, 224, 231)
(209, 224, 234)
(207, 224, 233)
(209, 226, 234)
(204, 223, 231)
(207, 224, 233)
(206, 222, 230)
(213, 227, 236)
(211, 224, 233)
(213, 227, 235)
(212, 228, 235)
(213, 228, 235)
(214, 228, 233)
(215, 227, 233)
(217, 230, 237)
(216, 230, 239)
(216, 231, 237)
(215, 230, 237)
(218, 232, 240)
(218, 231, 239)
(219, 232, 239)
(216, 230, 236)
(218, 231, 239)
(217, 230, 240)
(216, 232, 239)
(216, 232, 239)
(220, 233, 241)
(221, 231, 239)
(226, 236, 241)
(95, 101, 99)
(90, 84, 76)
(105, 95, 83)
(127, 117, 101)
(151, 138, 123)
(163, 144, 130)
(165, 147, 131)
(175, 156, 139)
(195, 171, 157)
(193, 165, 152)
(190, 163, 151)
(188, 164, 151)
(182, 158, 147)
(177, 151, 139)
(180, 153, 139)
(171, 147, 132)
(164, 136, 123)
(166, 133, 122)
(150, 119, 109)
(138, 109, 98)
(135, 104, 92)
(135, 101, 87)
(128, 90, 77)
(122, 85, 74)
(88, 57, 49)
(38, 13, 6)
(46, 17, 10)
(72, 35, 27)
(104, 70, 57)
(111, 79, 66)
(112, 80, 69)
(124, 91, 82)
(125, 93, 84)
(130, 102, 90)
(138, 112, 100)
(139, 116, 101)
(140, 117, 103)
(135, 111, 98)
(135, 108, 96)
(134, 108, 96)
(133, 110, 99)
(128, 107, 97)
(130, 107, 97)
(129, 104, 93)
(131, 103, 91)
(131, 103, 89)
(122, 94, 80)
(119, 91, 77)
(128, 102, 87)
(134, 111, 97)
(140, 114, 105)
(141, 113, 102)
(141, 113, 101)
(137, 110, 99)
(139, 112, 103)
(137, 113, 106)
(136, 112, 104)
(140, 114, 106)
(136, 113, 102)
(137, 113, 100)
(142, 116, 103)
(145, 117, 104)
(146, 124, 112)
(148, 122, 112)
(156, 125, 114)
(161, 133, 121)
(164, 142, 129)
(169, 147, 136)
(176, 153, 143)
(185, 158, 147)
(187, 160, 149)
(189, 163, 154)
(190, 166, 156)
(195, 172, 161)
(195, 174, 164)
(197, 177, 169)
(198, 181, 171)
(196, 180, 169)
(188, 172, 157)
(179, 166, 152)
(151, 152, 149)
(133, 142, 150)
(136, 143, 154)
(139, 144, 156)
(138, 144, 158)
(137, 144, 159)
(133, 141, 155)
(192, 216, 227)
(195, 215, 228)
(199, 216, 229)
(200, 218, 229)
(199, 220, 229)
(198, 219, 226)
(203, 220, 229)
(198, 217, 223)
(203, 220, 228)
(203, 220, 228)
(203, 222, 229)
(203, 223, 230)
(204, 223, 230)
(206, 223, 231)
(210, 225, 234)
(209, 224, 234)
(206, 223, 233)
(208, 226, 236)
(207, 224, 233)
(210, 225, 234)
(212, 225, 234)
(214, 227, 234)
(214, 227, 233)
(215, 230, 235)
(214, 229, 234)
(216, 231, 237)
(219, 232, 240)
(218, 231, 238)
(216, 231, 237)
(216, 231, 238)
(217, 232, 239)
(217, 232, 239)
(218, 233, 239)
(217, 232, 237)
(220, 233, 239)
(219, 231, 240)
(217, 233, 239)
(217, 235, 240)
(218, 231, 240)
(224, 232, 239)
(160, 167, 166)
(99, 98, 93)
(102, 89, 80)
(117, 106, 94)
(144, 130, 115)
(163, 145, 127)
(170, 148, 132)
(180, 157, 141)
(185, 165, 150)
(200, 178, 164)
(197, 171, 158)
(196, 171, 158)
(189, 169, 157)
(184, 162, 150)
(183, 154, 142)
(179, 151, 139)
(175, 146, 134)
(168, 138, 123)
(165, 135, 119)
(150, 119, 106)
(142, 109, 99)
(140, 105, 95)
(130, 94, 85)
(99, 60, 55)
(65, 23, 20)
(61, 19, 14)
(57, 17, 9)
(58, 18, 9)
(67, 25, 17)
(77, 34, 25)
(95, 52, 45)
(109, 65, 61)
(117, 74, 69)
(123, 83, 75)
(129, 96, 82)
(137, 111, 93)
(136, 117, 100)
(135, 114, 100)
(137, 114, 101)
(134, 110, 96)
(132, 108, 95)
(132, 108, 96)
(130, 108, 97)
(125, 108, 93)
(130, 107, 93)
(130, 102, 89)
(124, 96, 82)
(121, 95, 81)
(131, 106, 93)
(141, 117, 104)
(141, 120, 105)
(141, 117, 102)
(141, 113, 99)
(140, 111, 99)
(138, 109, 101)
(138, 110, 104)
(137, 112, 105)
(140, 112, 104)
(141, 109, 103)
(137, 111, 102)
(137, 113, 103)
(143, 117, 104)
(141, 118, 102)
(141, 121, 111)
(151, 126, 119)
(157, 130, 119)
(154, 135, 120)
(162, 141, 129)
(171, 144, 135)
(175, 153, 142)
(182, 158, 148)
(188, 164, 154)
(191, 166, 156)
(191, 165, 156)
(195, 170, 159)
(197, 177, 163)
(196, 181, 166)
(197, 179, 171)
(195, 172, 164)
(192, 171, 161)
(171, 160, 154)
(148, 151, 152)
(133, 144, 151)
(135, 146, 156)
(136, 147, 157)
(137, 148, 158)
(134, 144, 155)
(138, 145, 159)
(193, 218, 224)
(195, 216, 224)
(201, 220, 228)
(200, 219, 228)
(199, 220, 229)
(199, 219, 228)
(206, 223, 233)
(199, 218, 226)
(202, 221, 228)
(202, 221, 228)
(204, 224, 231)
(203, 223, 230)
(205, 224, 231)
(208, 225, 233)
(208, 223, 232)
(209, 226, 234)
(207, 224, 232)
(208, 226, 233)
(210, 227, 235)
(211, 227, 235)
(212, 225, 233)
(216, 229, 237)
(215, 228, 235)
(214, 229, 234)
(214, 229, 234)
(216, 231, 237)
(215, 228, 236)
(216, 229, 237)
(216, 230, 238)
(216, 230, 239)
(218, 232, 241)
(217, 231, 239)
(220, 234, 242)
(216, 230, 238)
(218, 232, 240)
(220, 233, 242)
(219, 231, 239)
(220, 233, 241)
(222, 235, 242)
(213, 220, 223)
(96, 97, 93)
(103, 96, 87)
(112, 99, 88)
(126, 114, 100)
(150, 137, 122)
(166, 148, 132)
(173, 151, 135)
(187, 164, 148)
(196, 176, 160)
(207, 187, 171)
(202, 177, 163)
(194, 172, 157)
(190, 171, 157)
(184, 162, 149)
(182, 155, 142)
(178, 150, 138)
(175, 147, 134)
(170, 143, 126)
(161, 135, 118)
(148, 120, 106)
(137, 106, 94)
(121, 87, 75)
(90, 56, 44)
(85, 47, 39)
(84, 40, 36)
(87, 39, 35)
(91, 42, 35)
(91, 39, 33)
(93, 41, 36)
(95, 48, 43)
(106, 61, 56)
(106, 61, 56)
(119, 76, 70)
(126, 87, 79)
(129, 97, 84)
(136, 110, 96)
(142, 117, 102)
(140, 115, 101)
(137, 112, 99)
(134, 109, 95)
(132, 109, 94)
(126, 104, 91)
(129, 108, 96)
(128, 109, 96)
(127, 102, 91)
(121, 94, 83)
(123, 97, 84)
(131, 106, 94)
(143, 118, 107)
(150, 124, 114)
(147, 122, 108)
(146, 120, 107)
(140, 113, 101)
(140, 113, 102)
(137, 112, 102)
(134, 111, 103)
(137, 117, 107)
(138, 113, 103)
(134, 105, 97)
(133, 108, 98)
(136, 112, 102)
(148, 122, 109)
(146, 121, 106)
(145, 124, 113)
(154, 128, 119)
(157, 131, 118)
(155, 135, 120)
(163, 141, 129)
(171, 144, 135)
(170, 147, 137)
(179, 158, 147)
(183, 162, 151)
(187, 165, 154)
(186, 162, 152)
(190, 166, 154)
(194, 174, 160)
(199, 184, 169)
(193, 179, 168)
(190, 174, 164)
(176, 162, 153)
(161, 155, 152)
(143, 148, 152)
(137, 147, 155)
(136, 144, 155)
(133, 145, 155)
(135, 146, 156)
(137, 148, 158)
(138, 146, 158)
(193, 216, 221)
(196, 218, 223)
(202, 221, 227)
(198, 218, 225)
(201, 221, 229)
(200, 219, 228)
(204, 221, 231)
(201, 221, 228)
(203, 222, 229)
(203, 222, 229)
(205, 225, 232)
(204, 223, 230)
(205, 224, 231)
(208, 224, 232)
(209, 224, 232)
(208, 225, 233)
(207, 224, 232)
(209, 226, 233)
(210, 227, 234)
(211, 227, 234)
(212, 227, 234)
(216, 229, 237)
(215, 228, 235)
(216, 229, 235)
(217, 230, 237)
(218, 231, 239)
(216, 229, 237)
(218, 231, 239)
(218, 230, 239)
(217, 230, 238)
(219, 232, 241)
(217, 230, 239)
(221, 234, 243)
(217, 230, 239)
(219, 232, 242)
(219, 232, 240)
(224, 234, 243)
(220, 230, 238)
(225, 235, 240)
(118, 123, 123)
(112, 108, 100)
(117, 105, 93)
(121, 107, 94)
(138, 124, 110)
(157, 141, 127)
(172, 152, 138)
(180, 157, 142)
(191, 168, 151)
(198, 180, 163)
(203, 184, 167)
(201, 179, 163)
(194, 172, 158)
(190, 170, 156)
(186, 163, 151)
(183, 154, 142)
(180, 151, 140)
(177, 149, 136)
(170, 145, 128)
(162, 138, 120)
(143, 116, 101)
(124, 94, 81)
(100, 67, 52)
(92, 60, 46)
(91, 55, 45)
(94, 51, 45)
(101, 53, 47)
(105, 56, 48)
(110, 61, 54)
(108, 59, 54)
(111, 63, 60)
(121, 75, 71)
(122, 78, 72)
(130, 89, 80)
(138, 100, 90)
(136, 105, 93)
(140, 113, 100)
(142, 113, 98)
(142, 113, 99)
(134, 106, 93)
(132, 107, 92)
(128, 106, 90)
(129, 109, 93)
(127, 106, 94)
(126, 103, 92)
(121, 96, 86)
(123, 97, 88)
(131, 107, 96)
(143, 118, 108)
(149, 124, 115)
(153, 126, 117)
(149, 123, 109)
(149, 121, 109)
(142, 116, 106)
(139, 114, 104)
(134, 111, 101)
(131, 111, 100)
(132, 113, 101)
(135, 113, 101)
(134, 109, 99)
(135, 112, 102)
(141, 118, 106)
(153, 127, 113)
(149, 122, 108)
(147, 123, 111)
(153, 128, 117)
(154, 129, 115)
(156, 133, 119)
(164, 141, 129)
(172, 146, 136)
(173, 148, 139)
(176, 156, 145)
(181, 163, 150)
(189, 169, 158)
(190, 169, 158)
(191, 169, 156)
(189, 169, 156)
(194, 179, 165)
(191, 178, 164)
(180, 167, 156)
(167, 158, 152)
(150, 150, 149)
(142, 150, 155)
(137, 146, 154)
(138, 145, 155)
(136, 146, 156)
(139, 148, 159)
(139, 147, 158)
(141, 147, 159)
(191, 214, 220)
(197, 219, 225)
(201, 221, 228)
(199, 219, 226)
(199, 219, 227)
(199, 219, 228)
(203, 221, 231)
(201, 221, 229)
(203, 222, 229)
(203, 222, 230)
(204, 224, 232)
(204, 224, 231)
(206, 224, 232)
(208, 223, 232)
(208, 225, 232)
(206, 223, 230)
(207, 224, 231)
(209, 226, 233)
(209, 226, 233)
(212, 228, 235)
(215, 229, 236)
(218, 231, 239)
(216, 229, 237)
(217, 230, 237)
(216, 229, 237)
(218, 231, 239)
(217, 230, 238)
(219, 232, 241)
(218, 231, 240)
(217, 230, 238)
(219, 232, 240)
(218, 231, 239)
(219, 232, 240)
(217, 230, 239)
(222, 235, 244)
(218, 232, 240)
(223, 234, 243)
(221, 230, 238)
(213, 219, 222)
(109, 110, 105)
(118, 109, 98)
(122, 107, 92)
(133, 118, 101)
(147, 132, 117)
(165, 148, 134)
(180, 158, 145)
(185, 162, 147)
(198, 175, 158)
(202, 184, 167)
(203, 185, 167)
(199, 178, 162)
(196, 173, 159)
(191, 168, 156)
(188, 163, 151)
(183, 153, 140)
(185, 154, 143)
(181, 153, 139)
(168, 143, 125)
(158, 134, 116)
(141, 114, 100)
(102, 70, 56)
(100, 65, 50)
(103, 67, 52)
(111, 71, 59)
(112, 69, 60)
(115, 69, 61)
(118, 73, 62)
(122, 80, 69)
(119, 80, 71)
(121, 79, 74)
(130, 89, 82)
(132, 92, 82)
(137, 99, 86)
(144, 107, 96)
(142, 111, 99)
(141, 113, 102)
(143, 113, 97)
(139, 111, 97)
(136, 108, 95)
(133, 106, 91)
(131, 108, 92)
(130, 109, 94)
(125, 103, 90)
(126, 101, 90)
(122, 95, 85)
(131, 106, 95)
(140, 117, 107)
(152, 129, 119)
(155, 130, 121)
(154, 127, 118)
(151, 123, 110)
(148, 120, 109)
(142, 115, 106)
(139, 114, 106)
(135, 112, 103)
(133, 112, 101)
(132, 113, 100)
(137, 117, 104)
(136, 112, 101)
(139, 117, 105)
(145, 123, 110)
(150, 125, 111)
(149, 120, 107)
(151, 124, 112)
(155, 130, 117)
(156, 130, 116)
(160, 135, 121)
(165, 140, 129)
(174, 147, 138)
(179, 154, 144)
(181, 161, 150)
(179, 161, 149)
(191, 172, 160)
(195, 174, 162)
(194, 172, 159)
(188, 168, 155)
(187, 171, 155)
(188, 175, 159)
(173, 162, 150)
(157, 151, 146)
(145, 148, 150)
(141, 151, 157)
(139, 148, 158)
(143, 149, 159)
(142, 149, 160)
(144, 149, 161)
(144, 147, 159)
(145, 149, 160)
(196, 217, 228)
(197, 218, 228)
(198, 220, 230)
(197, 218, 228)
(200, 220, 229)
(201, 220, 228)
(203, 222, 230)
(199, 219, 226)
(207, 226, 233)
(203, 222, 229)
(204, 224, 232)
(203, 223, 230)
(209, 226, 233)
(208, 224, 231)
(208, 225, 233)
(208, 225, 232)
(207, 224, 230)
(212, 230, 234)
(209, 227, 231)
(213, 229, 235)
(214, 229, 236)
(218, 231, 239)
(217, 230, 238)
(218, 231, 239)
(216, 229, 237)
(217, 230, 238)
(219, 232, 240)
(218, 230, 240)
(219, 230, 239)
(219, 230, 239)
(220, 233, 239)
(218, 231, 237)
(220, 233, 239)
(218, 231, 239)
(224, 237, 245)
(219, 233, 241)
(223, 236, 243)
(233, 242, 247)
(100, 101, 100)
(118, 111, 102)
(128, 116, 101)
(137, 122, 103)
(146, 129, 111)
(157, 140, 123)
(173, 154, 140)
(182, 160, 147)
(188, 165, 150)
(200, 178, 160)
(205, 187, 170)
(202, 183, 167)
(201, 180, 164)
(199, 174, 161)
(195, 169, 158)
(190, 162, 151)
(188, 156, 143)
(182, 148, 136)
(179, 149, 135)
(171, 145, 128)
(157, 129, 114)
(111, 80, 67)
(98, 62, 48)
(108, 71, 54)
(119, 76, 62)
(125, 80, 69)
(125, 81, 70)
(125, 79, 69)
(129, 86, 75)
(129, 90, 78)
(130, 96, 85)
(134, 100, 91)
(138, 104, 92)
(136, 103, 88)
(141, 105, 90)
(146, 111, 97)
(146, 114, 101)
(142, 112, 100)
(138, 110, 92)
(135, 107, 93)
(137, 109, 96)
(139, 113, 98)
(133, 108, 93)
(131, 106, 92)
(127, 103, 90)
(125, 99, 86)
(129, 103, 90)
(144, 120, 108)
(152, 131, 119)
(158, 137, 125)
(160, 136, 125)
(156, 129, 118)
(150, 123, 109)
(145, 118, 107)
(140, 113, 104)
(138, 112, 104)
(137, 111, 102)
(139, 114, 103)
(140, 119, 105)
(141, 123, 109)
(140, 119, 106)
(142, 120, 107)
(143, 119, 107)
(144, 119, 105)
(145, 116, 103)
(149, 121, 109)
(157, 131, 117)
(155, 129, 113)
(163, 136, 121)
(171, 144, 133)
(176, 150, 141)
(182, 157, 146)
(185, 164, 153)
(186, 166, 155)
(190, 171, 158)
(193, 171, 158)
(195, 171, 159)
(188, 165, 152)
(186, 167, 153)
(180, 162, 148)
(169, 156, 147)
(155, 151, 150)
(140, 146, 151)
(139, 150, 158)
(140, 150, 159)
(145, 152, 161)
(143, 149, 161)
(146, 151, 163)
(150, 154, 165)
(145, 149, 160)
(202, 220, 235)
(202, 221, 235)
(198, 220, 232)
(201, 222, 232)
(203, 221, 231)
(203, 220, 228)
(204, 223, 230)
(204, 223, 230)
(206, 225, 232)
(205, 222, 230)
(208, 227, 234)
(205, 225, 231)
(207, 224, 231)
(207, 223, 230)
(207, 224, 232)
(209, 226, 233)
(210, 226, 232)
(212, 228, 233)
(211, 227, 232)
(216, 231, 237)
(215, 230, 237)
(217, 230, 238)
(217, 230, 238)
(218, 231, 239)
(218, 231, 239)
(218, 231, 239)
(219, 232, 241)
(219, 230, 240)
(221, 231, 239)
(220, 232, 238)
(220, 233, 238)
(217, 231, 235)
(220, 233, 239)
(220, 233, 241)
(222, 236, 243)
(221, 235, 240)
(224, 236, 241)
(180, 187, 188)
(119, 114, 109)
(127, 114, 101)
(131, 118, 101)
(142, 128, 110)
(159, 140, 123)
(170, 151, 135)
(180, 160, 145)
(190, 167, 153)
(197, 174, 159)
(200, 179, 163)
(205, 186, 171)
(203, 185, 170)
(200, 179, 163)
(201, 175, 162)
(194, 166, 155)
(194, 161, 152)
(191, 157, 145)
(186, 153, 138)
(177, 148, 132)
(165, 138, 121)
(133, 102, 89)
(86, 49, 39)
(92, 51, 39)
(104, 65, 49)
(120, 79, 65)
(129, 91, 78)
(129, 93, 79)
(132, 94, 80)
(135, 96, 82)
(139, 101, 88)
(138, 105, 93)
(141, 112, 99)
(138, 109, 94)
(138, 109, 93)
(144, 112, 94)
(142, 109, 94)
(145, 113, 99)
(136, 105, 92)
(133, 107, 89)
(135, 109, 94)
(135, 110, 96)
(128, 103, 89)
(130, 105, 90)
(130, 105, 91)
(128, 103, 89)
(129, 104, 89)
(148, 122, 107)
(160, 136, 123)
(161, 139, 125)
(161, 141, 126)
(165, 143, 128)
(158, 133, 119)
(148, 122, 108)
(139, 114, 102)
(139, 114, 103)
(142, 116, 107)
(148, 120, 110)
(150, 120, 110)
(146, 121, 109)
(139, 121, 107)
(144, 125, 111)
(145, 122, 109)
(145, 121, 109)
(139, 115, 103)
(145, 116, 106)
(150, 120, 109)
(154, 128, 113)
(159, 133, 116)
(164, 135, 121)
(171, 143, 131)
(175, 149, 139)
(183, 157, 146)
(187, 163, 152)
(186, 166, 154)
(189, 169, 156)
(195, 173, 160)
(191, 166, 154)
(187, 163, 151)
(184, 163, 150)
(179, 160, 147)
(170, 157, 149)
(154, 152, 154)
(144, 150, 158)
(138, 150, 158)
(143, 154, 163)
(144, 153, 160)
(142, 152, 161)
(144, 154, 163)
(140, 150, 159)
(141, 151, 160)
(201, 218, 233)
(201, 220, 233)
(195, 218, 228)
(200, 221, 231)
(204, 221, 231)
(203, 220, 229)
(204, 223, 230)
(203, 221, 229)
(207, 224, 232)
(206, 222, 230)
(207, 225, 232)
(204, 223, 230)
(208, 225, 232)
(208, 224, 230)
(209, 225, 233)
(210, 226, 233)
(211, 227, 233)
(214, 229, 234)
(214, 229, 234)
(216, 231, 237)
(214, 229, 236)
(218, 231, 239)
(216, 229, 237)
(217, 231, 238)
(217, 230, 238)
(217, 231, 239)
(219, 232, 241)
(219, 231, 241)
(221, 232, 239)
(221, 233, 240)
(220, 233, 238)
(219, 232, 236)
(219, 233, 240)
(219, 232, 241)
(220, 235, 242)
(221, 233, 240)
(229, 237, 241)
(107, 107, 107)
(117, 107, 98)
(130, 113, 99)
(141, 125, 109)
(155, 139, 122)
(169, 148, 132)
(174, 153, 138)
(187, 165, 150)
(195, 172, 157)
(196, 173, 158)
(201, 181, 165)
(204, 187, 172)
(204, 188, 172)
(202, 183, 168)
(198, 173, 160)
(195, 165, 155)
(194, 161, 151)
(190, 157, 144)
(184, 152, 137)
(176, 148, 131)
(155, 128, 111)
(103, 70, 57)
(99, 59, 50)
(98, 55, 44)
(110, 71, 54)
(116, 79, 64)
(123, 92, 76)
(127, 99, 83)
(129, 100, 83)
(134, 99, 82)
(139, 104, 89)
(142, 110, 98)
(142, 112, 99)
(140, 110, 96)
(138, 109, 93)
(142, 110, 94)
(141, 108, 94)
(142, 111, 97)
(135, 107, 92)
(133, 108, 89)
(132, 107, 92)
(128, 106, 92)
(129, 106, 92)
(130, 107, 91)
(128, 104, 90)
(131, 107, 93)
(139, 116, 101)
(158, 133, 119)
(164, 139, 126)
(163, 141, 127)
(162, 141, 125)
(162, 140, 123)
(156, 132, 116)
(147, 121, 109)
(143, 118, 105)
(144, 121, 108)
(147, 123, 110)
(149, 123, 111)
(150, 121, 111)
(143, 117, 105)
(143, 122, 109)
(145, 126, 112)
(147, 123, 111)
(140, 116, 104)
(137, 116, 102)
(142, 114, 104)
(149, 117, 107)
(155, 128, 113)
(154, 127, 111)
(163, 132, 119)
(170, 140, 129)
(171, 146, 134)
(182, 155, 143)
(184, 160, 148)
(189, 169, 155)
(191, 171, 156)
(193, 171, 158)
(193, 168, 157)
(189, 164, 154)
(185, 164, 152)
(182, 165, 153)
(169, 159, 153)
(150, 151, 154)
(143, 152, 159)
(140, 151, 159)
(140, 150, 157)
(142, 151, 158)
(143, 153, 161)
(140, 151, 160)
(142, 154, 162)
(138, 152, 160)
(205, 220, 232)
(202, 220, 230)
(198, 221, 228)
(200, 222, 230)
(204, 222, 231)
(205, 220, 230)
(205, 223, 232)
(203, 220, 228)
(210, 225, 233)
(207, 222, 231)
(207, 224, 232)
(206, 225, 231)
(211, 229, 234)
(209, 225, 230)
(210, 226, 234)
(212, 227, 234)
(212, 227, 233)
(214, 229, 233)
(213, 228, 233)
(215, 230, 236)
(214, 229, 236)
(217, 230, 238)
(218, 231, 239)
(217, 232, 239)
(217, 232, 239)
(217, 232, 239)
(219, 231, 240)
(219, 230, 240)
(220, 231, 240)
(221, 234, 242)
(219, 232, 238)
(220, 233, 239)
(220, 234, 242)
(220, 234, 244)
(222, 236, 245)
(222, 235, 240)
(170, 172, 176)
(126, 118, 117)
(120, 106, 95)
(144, 127, 110)
(152, 134, 119)
(167, 147, 133)
(176, 154, 140)
(180, 158, 144)
(189, 167, 151)
(196, 173, 157)
(204, 181, 166)
(204, 183, 169)
(204, 188, 175)
(205, 190, 176)
(204, 187, 172)
(196, 172, 159)
(196, 168, 157)
(193, 162, 150)
(185, 154, 139)
(178, 149, 133)
(165, 140, 122)
(126, 101, 83)
(102, 68, 56)
(107, 65, 58)
(106, 63, 53)
(110, 72, 56)
(116, 79, 65)
(120, 89, 74)
(126, 100, 84)
(130, 103, 85)
(137, 104, 87)
(142, 107, 93)
(143, 109, 97)
(142, 108, 96)
(139, 107, 94)
(139, 108, 95)
(142, 109, 96)
(144, 110, 98)
(138, 107, 94)
(134, 107, 92)
(132, 106, 88)
(130, 105, 90)
(129, 106, 93)
(128, 107, 93)
(128, 108, 91)
(130, 109, 94)
(139, 118, 103)
(151, 129, 115)
(162, 138, 125)
(165, 139, 126)
(161, 138, 124)
(160, 138, 122)
(159, 138, 121)
(156, 133, 116)
(152, 126, 115)
(149, 125, 112)
(149, 127, 112)
(150, 129, 113)
(151, 128, 114)
(148, 123, 111)
(140, 114, 103)
(145, 123, 110)
(142, 123, 109)
(146, 121, 109)
(139, 117, 104)
(139, 118, 105)
(140, 113, 104)
(149, 116, 106)
(150, 122, 108)
(152, 124, 110)
(160, 128, 116)
(168, 137, 127)
(169, 144, 132)
(179, 152, 140)
(183, 160, 145)
(188, 169, 152)
(190, 171, 156)
(195, 173, 160)
(195, 172, 161)
(192, 170, 159)
(184, 165, 154)
(183, 170, 158)
(165, 160, 155)
(148, 152, 155)
(143, 153, 160)
(141, 153, 160)
(141, 150, 157)
(145, 154, 161)
(147, 153, 162)
(143, 152, 160)
(144, 153, 162)
(142, 152, 162)
(206, 223, 230)
(200, 219, 225)
(199, 221, 226)
(200, 222, 229)
(204, 222, 231)
(205, 220, 230)
(206, 223, 232)
(205, 221, 230)
(209, 224, 233)
(205, 220, 229)
(208, 225, 233)
(207, 226, 232)
(210, 228, 233)
(209, 225, 231)
(211, 227, 234)
(214, 228, 236)
(212, 227, 233)
(215, 230, 235)
(216, 229, 235)
(215, 230, 236)
(213, 227, 236)
(217, 230, 237)
(217, 230, 237)
(217, 232, 238)
(216, 231, 238)
(217, 232, 239)
(219, 232, 241)
(220, 233, 242)
(219, 230, 240)
(218, 232, 241)
(222, 235, 243)
(222, 235, 242)
(221, 235, 243)
(218, 232, 242)
(221, 234, 243)
(225, 237, 240)
(108, 103, 106)
(123, 108, 105)
(131, 114, 102)
(154, 135, 118)
(163, 143, 127)
(174, 151, 137)
(180, 158, 144)
(188, 167, 150)
(191, 168, 152)
(202, 179, 163)
(206, 184, 168)
(207, 185, 171)
(202, 186, 173)
(206, 191, 178)
(202, 185, 172)
(197, 174, 162)
(199, 171, 158)
(193, 162, 148)
(182, 152, 137)
(169, 143, 126)
(144, 120, 101)
(96, 71, 54)
(105, 70, 58)
(112, 69, 62)
(116, 74, 63)
(112, 76, 60)
(123, 81, 69)
(122, 85, 73)
(122, 92, 77)
(130, 100, 83)
(137, 103, 88)
(142, 105, 93)
(139, 102, 91)
(144, 106, 94)
(143, 108, 96)
(143, 109, 97)
(139, 108, 96)
(139, 108, 96)
(133, 104, 91)
(129, 102, 88)
(129, 103, 86)
(131, 106, 92)
(130, 108, 95)
(125, 105, 90)
(128, 109, 94)
(139, 120, 105)
(152, 132, 116)
(161, 140, 126)
(164, 140, 128)
(164, 139, 127)
(164, 140, 127)
(163, 141, 126)
(166, 143, 127)
(163, 139, 123)
(154, 128, 116)
(151, 129, 115)
(151, 131, 115)
(153, 134, 118)
(148, 127, 112)
(143, 119, 107)
(143, 117, 106)
(143, 119, 108)
(144, 123, 111)
(145, 121, 110)
(141, 119, 106)
(138, 119, 105)
(143, 117, 107)
(148, 116, 106)
(148, 120, 106)
(151, 122, 108)
(160, 128, 115)
(164, 134, 123)
(170, 145, 132)
(177, 150, 137)
(181, 158, 142)
(189, 170, 154)
(191, 172, 156)
(186, 167, 152)
(190, 170, 155)
(191, 173, 159)
(191, 174, 162)
(183, 174, 163)
(163, 162, 158)
(148, 155, 158)
(141, 153, 159)
(143, 155, 161)
(143, 152, 159)
(148, 155, 164)
(149, 153, 161)
(147, 151, 160)
(149, 156, 165)
(147, 154, 164)
(200, 223, 228)
(199, 222, 227)
(201, 223, 230)
(202, 222, 231)
(203, 222, 230)
(205, 222, 229)
(208, 225, 231)
(204, 223, 229)
(207, 224, 232)
(207, 223, 231)
(210, 227, 235)
(206, 225, 232)
(208, 227, 234)
(209, 228, 235)
(214, 228, 234)
(215, 228, 234)
(212, 227, 232)
(216, 231, 236)
(214, 229, 235)
(217, 231, 239)
(216, 229, 238)
(219, 234, 239)
(216, 231, 236)
(219, 234, 240)
(216, 231, 238)
(216, 231, 238)
(218, 233, 240)
(217, 233, 239)
(218, 232, 239)
(217, 234, 241)
(219, 234, 242)
(221, 233, 240)
(221, 236, 241)
(220, 232, 238)
(222, 231, 238)
(177, 186, 184)
(109, 100, 94)
(132, 112, 102)
(148, 126, 112)
(161, 140, 122)
(168, 148, 128)
(179, 156, 138)
(182, 164, 147)
(185, 165, 148)
(194, 172, 156)
(199, 183, 166)
(207, 188, 172)
(209, 186, 171)
(208, 189, 173)
(205, 186, 173)
(202, 181, 171)
(200, 173, 162)
(197, 167, 150)
(188, 157, 138)
(178, 148, 131)
(154, 126, 113)
(106, 78, 64)
(109, 77, 64)
(114, 78, 64)
(117, 79, 66)
(121, 84, 73)
(120, 85, 73)
(123, 86, 75)
(123, 87, 73)
(125, 90, 75)
(126, 93, 77)
(127, 96, 84)
(135, 103, 91)
(140, 105, 94)
(147, 108, 92)
(142, 108, 90)
(140, 110, 93)
(135, 111, 94)
(129, 106, 90)
(128, 103, 88)
(130, 104, 89)
(130, 105, 90)
(128, 103, 90)
(126, 105, 92)
(131, 110, 97)
(139, 118, 105)
(156, 136, 121)
(164, 142, 126)
(164, 143, 128)
(165, 143, 129)
(167, 144, 132)
(172, 151, 138)
(171, 149, 136)
(169, 143, 130)
(167, 139, 127)
(156, 134, 120)
(154, 133, 120)
(153, 134, 120)
(153, 133, 119)
(148, 125, 112)
(147, 121, 107)
(146, 116, 104)
(145, 117, 107)
(143, 122, 111)
(146, 123, 112)
(143, 122, 109)
(143, 124, 108)
(145, 120, 105)
(145, 118, 104)
(145, 119, 105)
(150, 122, 108)
(155, 128, 113)
(156, 133, 117)
(171, 148, 132)
(176, 153, 138)
(182, 157, 143)
(187, 164, 150)
(191, 171, 155)
(186, 169, 151)
(186, 171, 150)
(187, 173, 154)
(186, 173, 155)
(180, 171, 166)
(158, 156, 157)
(146, 154, 158)
(143, 154, 160)
(144, 153, 160)
(147, 154, 161)
(148, 154, 162)
(155, 161, 168)
(148, 157, 164)
(148, 158, 167)
(151, 159, 170)
(197, 221, 225)
(200, 223, 229)
(199, 222, 229)
(202, 222, 231)
(204, 223, 230)
(205, 223, 230)
(208, 226, 230)
(204, 225, 229)
(206, 225, 231)
(207, 223, 230)
(209, 226, 233)
(207, 226, 232)
(210, 229, 235)
(209, 226, 233)
(215, 228, 235)
(215, 228, 235)
(212, 227, 232)
(215, 230, 235)
(215, 230, 236)
(218, 231, 238)
(216, 229, 237)
(219, 234, 239)
(215, 230, 236)
(218, 232, 239)
(216, 230, 238)
(218, 232, 239)
(218, 233, 240)
(218, 234, 240)
(217, 232, 238)
(216, 233, 239)
(222, 235, 243)
(221, 231, 240)
(221, 236, 241)
(221, 235, 241)
(233, 242, 248)
(102, 106, 101)
(118, 108, 97)
(137, 118, 101)
(156, 135, 115)
(165, 145, 126)
(173, 149, 135)
(181, 157, 144)
(187, 168, 151)
(193, 171, 154)
(197, 174, 158)
(201, 184, 166)
(209, 190, 172)
(212, 188, 172)
(209, 189, 173)
(203, 185, 171)
(199, 179, 168)
(197, 173, 160)
(189, 162, 144)
(181, 152, 134)
(170, 142, 126)
(129, 101, 88)
(114, 85, 71)
(112, 81, 67)
(117, 82, 68)
(120, 84, 71)
(123, 88, 76)
(123, 90, 78)
(128, 93, 84)
(127, 91, 79)
(128, 94, 80)
(127, 96, 81)
(127, 99, 84)
(133, 103, 89)
(136, 105, 89)
(140, 108, 91)
(139, 108, 91)
(135, 106, 90)
(133, 105, 90)
(131, 107, 91)
(130, 108, 92)
(129, 108, 92)
(129, 105, 89)
(128, 104, 91)
(131, 109, 94)
(139, 117, 103)
(148, 127, 112)
(166, 144, 130)
(167, 145, 129)
(163, 145, 129)
(163, 144, 130)
(168, 148, 135)
(172, 154, 140)
(171, 152, 138)
(168, 146, 131)
(167, 143, 128)
(163, 140, 126)
(155, 134, 121)
(155, 136, 122)
(153, 133, 119)
(147, 125, 111)
(148, 123, 109)
(148, 120, 106)
(145, 118, 106)
(145, 124, 111)
(150, 128, 115)
(151, 129, 116)
(147, 128, 113)
(148, 123, 109)
(146, 118, 104)
(144, 115, 101)
(150, 120, 107)
(154, 127, 112)
(159, 137, 120)
(170, 148, 132)
(175, 152, 137)
(186, 159, 146)
(190, 164, 152)
(192, 167, 155)
(190, 169, 153)
(191, 172, 155)
(192, 175, 159)
(187, 170, 155)
(173, 165, 161)
(153, 153, 154)
(148, 155, 159)
(145, 155, 162)
(144, 153, 160)
(148, 156, 162)
(147, 154, 161)
(151, 157, 165)
(150, 159, 167)
(152, 162, 171)
(158, 167, 178)
(198, 223, 228)
(198, 221, 227)
(198, 222, 229)
(201, 221, 230)
(204, 223, 230)
(205, 222, 229)
(207, 225, 229)
(200, 222, 226)
(205, 225, 231)
(207, 224, 231)
(211, 228, 235)
(207, 226, 232)
(211, 229, 235)
(209, 226, 233)
(215, 229, 237)
(215, 228, 235)
(212, 227, 232)
(216, 231, 236)
(215, 230, 235)
(217, 230, 236)
(216, 229, 236)
(218, 234, 239)
(218, 231, 238)
(220, 233, 241)
(217, 230, 238)
(218, 232, 240)
(218, 233, 240)
(217, 233, 239)
(218, 233, 237)
(216, 232, 238)
(224, 235, 243)
(220, 230, 239)
(219, 235, 241)
(217, 231, 236)
(214, 221, 224)
(102, 99, 90)
(123, 112, 95)
(146, 127, 105)
(159, 137, 115)
(169, 150, 131)
(176, 150, 137)
(184, 160, 147)
(192, 170, 153)
(195, 172, 156)
(199, 173, 158)
(203, 184, 166)
(212, 192, 174)
(212, 188, 170)
(208, 188, 170)
(200, 181, 166)
(199, 180, 166)
(194, 169, 155)
(182, 156, 138)
(173, 145, 127)
(147, 122, 105)
(114, 86, 73)
(114, 84, 72)
(117, 86, 73)
(121, 86, 73)
(120, 86, 74)
(122, 91, 78)
(126, 97, 83)
(132, 99, 91)
(130, 97, 87)
(130, 98, 84)
(128, 99, 83)
(128, 104, 86)
(129, 104, 87)
(134, 107, 89)
(132, 105, 87)
(132, 105, 88)
(132, 104, 89)
(131, 104, 90)
(132, 109, 94)
(127, 109, 91)
(127, 110, 92)
(128, 105, 90)
(132, 109, 94)
(138, 115, 98)
(150, 127, 111)
(159, 136, 120)
(170, 147, 132)
(171, 148, 133)
(165, 147, 131)
(167, 147, 133)
(171, 150, 137)
(169, 151, 136)
(170, 152, 136)
(169, 147, 133)
(168, 145, 129)
(163, 141, 127)
(156, 135, 122)
(156, 137, 123)
(154, 134, 120)
(149, 128, 113)
(145, 122, 107)
(146, 120, 105)
(144, 120, 105)
(140, 120, 105)
(151, 130, 116)
(155, 134, 121)
(155, 135, 120)
(154, 128, 114)
(151, 120, 107)
(146, 115, 102)
(152, 121, 107)
(155, 127, 111)
(159, 136, 119)
(167, 146, 129)
(175, 153, 137)
(187, 162, 149)
(189, 163, 151)
(188, 164, 152)
(191, 169, 155)
(194, 174, 158)
(194, 176, 162)
(181, 165, 153)
(165, 159, 158)
(153, 154, 158)
(148, 156, 161)
(145, 155, 162)
(146, 155, 161)
(149, 156, 162)
(150, 157, 164)
(153, 160, 168)
(154, 164, 172)
(156, 168, 176)
(166, 176, 186)
(199, 224, 231)
(198, 222, 230)
(198, 221, 229)
(201, 221, 229)
(202, 222, 229)
(205, 223, 228)
(207, 225, 229)
(202, 224, 228)
(205, 226, 232)
(205, 224, 230)
(208, 227, 233)
(207, 226, 232)
(209, 228, 234)
(210, 227, 234)
(214, 227, 235)
(214, 228, 236)
(213, 228, 234)
(216, 230, 235)
(216, 229, 235)
(217, 230, 236)
(217, 230, 236)
(218, 231, 238)
(218, 231, 239)
(219, 232, 240)
(219, 232, 240)
(221, 234, 242)
(219, 233, 241)
(218, 233, 239)
(219, 234, 237)
(219, 234, 239)
(226, 235, 243)
(225, 235, 245)
(221, 237, 244)
(225, 240, 243)
(100, 105, 102)
(119, 110, 92)
(139, 124, 104)
(153, 132, 112)
(169, 146, 128)
(176, 156, 138)
(184, 156, 142)
(189, 163, 148)
(192, 167, 151)
(196, 169, 154)
(197, 168, 154)
(200, 178, 161)
(210, 186, 168)
(210, 184, 166)
(206, 183, 164)
(199, 178, 161)
(195, 174, 158)
(185, 160, 145)
(171, 144, 128)
(161, 135, 118)
(119, 95, 79)
(101, 73, 60)
(112, 82, 70)
(117, 86, 73)
(122, 90, 77)
(120, 90, 76)
(121, 93, 79)
(124, 99, 84)
(131, 103, 93)
(133, 104, 92)
(129, 101, 86)
(127, 101, 84)
(127, 104, 87)
(125, 101, 83)
(127, 100, 83)
(128, 99, 84)
(125, 96, 82)
(128, 100, 87)
(129, 103, 89)
(124, 102, 86)
(122, 102, 85)
(127, 107, 89)
(134, 110, 97)
(139, 116, 101)
(147, 124, 107)
(161, 137, 119)
(165, 140, 124)
(168, 143, 129)
(169, 144, 132)
(170, 147, 133)
(173, 148, 135)
(173, 148, 135)
(171, 148, 134)
(170, 148, 132)
(172, 147, 132)
(170, 145, 130)
(165, 143, 127)
(161, 141, 126)
(157, 138, 124)
(152, 133, 119)
(152, 132, 116)
(155, 133, 118)
(150, 127, 111)
(151, 130, 111)
(153, 133, 116)
(158, 138, 122)
(165, 143, 129)
(167, 145, 132)
(162, 135, 121)
(157, 127, 113)
(155, 123, 108)
(157, 125, 110)
(159, 130, 114)
(161, 137, 119)
(169, 146, 130)
(177, 153, 137)
(185, 163, 149)
(186, 165, 152)
(186, 167, 153)
(191, 173, 158)
(193, 177, 161)
(187, 174, 160)
(174, 163, 153)
(160, 158, 159)
(152, 156, 162)
(147, 156, 163)
(145, 155, 163)
(147, 156, 161)
(152, 159, 165)
(152, 159, 166)
(158, 166, 174)
(157, 168, 177)
(163, 176, 184)
(175, 186, 196)
(200, 223, 231)
(199, 222, 230)
(199, 222, 229)
(204, 224, 231)
(204, 223, 229)
(205, 223, 228)
(207, 225, 229)
(205, 227, 230)
(205, 226, 229)
(208, 227, 231)
(209, 228, 232)
(208, 228, 231)
(209, 228, 232)
(209, 227, 231)
(213, 228, 235)
(215, 230, 236)
(213, 228, 233)
(218, 231, 237)
(216, 229, 235)
(219, 232, 238)
(217, 230, 236)
(219, 232, 240)
(219, 232, 240)
(219, 232, 240)
(220, 233, 241)
(220, 233, 241)
(218, 232, 240)
(219, 234, 240)
(219, 234, 237)
(222, 235, 240)
(226, 233, 242)
(224, 234, 244)
(224, 238, 244)
(221, 232, 233)
(89, 88, 83)
(124, 109, 91)
(144, 124, 106)
(162, 140, 123)
(176, 153, 137)
(181, 155, 140)
(192, 165, 148)
(194, 164, 148)
(195, 166, 152)
(193, 163, 149)
(191, 161, 148)
(195, 171, 155)
(206, 180, 163)
(211, 181, 163)
(203, 176, 157)
(195, 169, 152)
(192, 168, 150)
(175, 148, 132)
(162, 133, 119)
(136, 107, 92)
(94, 66, 52)
(97, 69, 56)
(105, 76, 64)
(110, 80, 67)
(115, 86, 72)
(116, 88, 74)
(116, 92, 76)
(117, 97, 78)
(121, 97, 83)
(124, 98, 82)
(123, 96, 78)
(123, 96, 78)
(120, 94, 79)
(120, 91, 78)
(124, 90, 78)
(125, 91, 79)
(117, 84, 73)
(115, 85, 73)
(117, 89, 76)
(113, 88, 73)
(118, 93, 78)
(127, 104, 86)
(134, 112, 98)
(150, 128, 113)
(154, 131, 113)
(161, 136, 119)
(161, 135, 119)
(161, 135, 122)
(161, 136, 123)
(163, 140, 126)
(166, 139, 127)
(167, 139, 127)
(167, 141, 127)
(168, 143, 128)
(169, 141, 127)
(168, 141, 126)
(159, 137, 121)
(163, 141, 126)
(167, 147, 132)
(166, 147, 133)
(167, 147, 132)
(167, 145, 130)
(162, 141, 123)
(161, 140, 119)
(165, 144, 125)
(167, 147, 130)
(168, 146, 132)
(171, 146, 133)
(168, 140, 127)
(164, 135, 120)
(163, 134, 118)
(164, 135, 119)
(168, 141, 125)
(169, 143, 127)
(177, 151, 136)
(181, 154, 139)
(183, 162, 147)
(185, 166, 151)
(188, 169, 153)
(189, 173, 155)
(185, 173, 156)
(179, 171, 157)
(165, 159, 151)
(157, 159, 162)
(150, 157, 165)
(144, 154, 162)
(149, 159, 166)
(149, 158, 163)
(155, 162, 169)
(154, 162, 169)
(156, 166, 175)
(164, 177, 185)
(173, 187, 195)
(185, 198, 207)
(198, 221, 228)
(201, 223, 231)
(201, 223, 229)
(202, 222, 228)
(204, 223, 228)
(205, 223, 227)
(205, 224, 228)
(203, 225, 228)
(205, 226, 229)
(207, 226, 230)
(208, 228, 231)
(207, 228, 231)
(210, 230, 233)
(209, 228, 232)
(212, 228, 234)
(213, 228, 234)
(215, 229, 235)
(217, 231, 236)
(216, 229, 236)
(219, 232, 238)
(217, 232, 237)
(216, 230, 238)
(219, 232, 240)
(219, 232, 240)
(218, 232, 239)
(219, 232, 240)
(218, 233, 240)
(217, 232, 238)
(219, 235, 239)
(219, 233, 238)
(223, 232, 240)
(225, 235, 244)
(221, 236, 239)
(165, 172, 169)
(98, 91, 84)
(125, 107, 94)
(150, 129, 112)
(165, 144, 124)
(178, 155, 135)
(188, 159, 143)
(197, 169, 153)
(195, 163, 149)
(199, 169, 155)
(198, 166, 154)
(192, 159, 147)
(192, 166, 150)
(197, 168, 151)
(202, 171, 153)
(195, 165, 148)
(188, 160, 143)
(182, 155, 136)
(168, 139, 122)
(162, 130, 117)
(112, 78, 66)
(99, 67, 54)
(92, 63, 50)
(98, 69, 56)
(104, 75, 62)
(110, 81, 68)
(112, 84, 70)
(110, 86, 69)
(110, 89, 70)
(113, 89, 72)
(113, 87, 69)
(113, 85, 67)
(114, 84, 67)
(113, 83, 70)
(117, 82, 71)
(118, 79, 70)
(113, 79, 67)
(106, 71, 60)
(104, 70, 59)
(107, 75, 64)
(109, 80, 66)
(114, 88, 73)
(126, 104, 86)
(141, 120, 104)
(160, 138, 123)
(164, 139, 123)
(168, 142, 126)
(168, 142, 127)
(156, 131, 116)
(158, 135, 121)
(159, 140, 124)
(166, 143, 128)
(176, 151, 136)
(176, 152, 137)
(179, 155, 140)
(180, 155, 140)
(180, 153, 138)
(175, 152, 135)
(172, 150, 135)
(173, 151, 136)
(172, 151, 138)
(169, 148, 135)
(169, 146, 131)
(168, 148, 130)
(166, 145, 124)
(168, 145, 127)
(169, 148, 131)
(170, 147, 132)
(172, 145, 132)
(173, 145, 132)
(164, 139, 122)
(165, 138, 122)
(166, 139, 123)
(173, 147, 132)
(174, 148, 134)
(180, 154, 139)
(185, 154, 141)
(181, 158, 142)
(186, 165, 149)
(189, 167, 152)
(187, 169, 152)
(183, 169, 153)
(171, 162, 152)
(163, 158, 154)
(152, 157, 161)
(148, 157, 163)
(148, 158, 166)
(147, 157, 164)
(151, 159, 164)
(155, 162, 169)
(154, 164, 172)
(166, 177, 184)
(173, 186, 194)
(179, 193, 201)
(190, 203, 212)
(200, 220, 227)
(203, 223, 230)
(203, 223, 229)
(202, 223, 227)
(204, 223, 228)
(205, 224, 228)
(205, 224, 228)
(202, 224, 227)
(205, 227, 230)
(208, 227, 231)
(208, 228, 231)
(205, 227, 230)
(209, 230, 234)
(209, 228, 232)
(212, 229, 234)
(213, 229, 234)
(215, 230, 235)
(217, 231, 236)
(218, 231, 237)
(220, 233, 239)
(217, 232, 237)
(217, 231, 239)
(218, 231, 239)
(220, 232, 241)
(218, 231, 239)
(218, 232, 240)
(219, 233, 239)
(216, 232, 237)
(220, 235, 240)
(219, 233, 238)
(223, 233, 241)
(220, 232, 240)
(224, 238, 241)
(108, 110, 105)
(101, 88, 79)
(129, 109, 98)
(158, 136, 118)
(169, 147, 125)
(178, 154, 132)
(193, 162, 146)
(196, 168, 153)
(194, 162, 147)
(199, 170, 154)
(202, 170, 157)
(198, 164, 153)
(199, 170, 157)
(195, 163, 148)
(197, 162, 146)
(186, 154, 138)
(180, 150, 132)
(173, 144, 124)
(169, 138, 121)
(146, 111, 99)
(105, 67, 57)
(106, 70, 57)
(98, 68, 55)
(99, 68, 56)
(108, 77, 65)
(108, 77, 65)
(110, 80, 66)
(106, 80, 64)
(104, 82, 63)
(106, 79, 63)
(106, 76, 59)
(106, 75, 57)
(107, 73, 58)
(107, 72, 61)
(109, 71, 61)
(112, 69, 61)
(104, 71, 57)
(102, 69, 56)
(105, 70, 59)
(111, 78, 67)
(117, 88, 74)
(128, 103, 88)
(151, 130, 112)
(175, 156, 140)
(189, 167, 151)
(186, 161, 146)
(187, 161, 147)
(186, 160, 145)
(178, 153, 139)
(185, 164, 149)
(179, 163, 146)
(183, 164, 147)
(192, 171, 153)
(195, 174, 157)
(193, 171, 155)
(188, 163, 148)
(183, 158, 144)
(186, 162, 145)
(181, 158, 143)
(177, 154, 139)
(177, 154, 142)
(173, 151, 138)
(171, 149, 134)
(171, 151, 134)
(170, 148, 129)
(170, 146, 128)
(173, 150, 134)
(175, 150, 136)
(171, 142, 129)
(176, 148, 134)
(169, 144, 128)
(165, 140, 125)
(167, 141, 126)
(173, 147, 133)
(175, 150, 137)
(182, 156, 143)
(189, 159, 146)
(183, 157, 142)
(188, 164, 149)
(189, 165, 150)
(187, 167, 151)
(180, 166, 152)
(169, 161, 154)
(160, 157, 157)
(154, 160, 166)
(147, 157, 163)
(148, 158, 166)
(150, 158, 164)
(155, 162, 168)
(158, 167, 173)
(161, 171, 179)
(172, 184, 190)
(178, 191, 198)
(185, 199, 207)
(195, 209, 218)
(203, 222, 228)
(204, 223, 228)
(202, 221, 226)
(203, 222, 226)
(205, 224, 228)
(205, 224, 228)
(205, 224, 228)
(203, 225, 228)
(207, 228, 231)
(207, 226, 230)
(207, 227, 230)
(206, 228, 231)
(207, 229, 232)
(205, 226, 229)
(212, 230, 234)
(215, 232, 235)
(213, 229, 233)
(215, 230, 235)
(216, 231, 236)
(218, 233, 238)
(216, 231, 237)
(218, 233, 240)
(216, 231, 238)
(221, 234, 242)
(218, 232, 240)
(218, 233, 239)
(218, 234, 239)
(217, 233, 238)
(219, 234, 240)
(220, 235, 240)
(223, 235, 242)
(221, 234, 242)
(220, 233, 234)
(74, 72, 62)
(102, 84, 70)
(137, 118, 101)
(162, 141, 120)
(177, 155, 132)
(185, 158, 138)
(196, 165, 150)
(200, 170, 154)
(199, 170, 154)
(201, 171, 155)
(204, 172, 158)
(206, 171, 161)
(195, 165, 152)
(188, 154, 141)
(185, 148, 134)
(176, 142, 127)
(170, 140, 121)
(161, 133, 112)
(157, 125, 108)
(109, 72, 61)
(113, 73, 63)
(110, 71, 58)
(101, 69, 56)
(107, 75, 63)
(107, 72, 61)
(112, 77, 66)
(110, 75, 63)
(106, 75, 60)
(103, 76, 58)
(106, 72, 59)
(107, 69, 56)
(103, 64, 49)
(101, 63, 49)
(106, 68, 55)
(110, 69, 58)
(113, 69, 57)
(108, 74, 59)
(111, 79, 64)
(116, 87, 73)
(130, 105, 90)
(147, 124, 108)
(161, 139, 123)
(179, 159, 140)
(187, 170, 151)
(194, 174, 157)
(192, 168, 155)
(191, 165, 152)
(189, 164, 151)
(188, 165, 149)
(187, 167, 149)
(186, 172, 153)
(189, 172, 153)
(195, 174, 155)
(195, 172, 155)
(194, 171, 155)
(190, 164, 151)
(188, 161, 148)
(185, 159, 142)
(187, 163, 146)
(182, 159, 144)
(179, 155, 143)
(178, 156, 143)
(176, 154, 139)
(173, 152, 136)
(173, 149, 131)
(172, 144, 129)
(177, 153, 138)
(177, 152, 137)
(170, 139, 126)
(176, 147, 131)
(176, 150, 134)
(170, 144, 129)
(171, 145, 132)
(174, 149, 136)
(179, 155, 143)
(181, 157, 144)
(186, 159, 146)
(186, 160, 145)
(186, 161, 147)
(188, 163, 150)
(185, 166, 152)
(175, 164, 152)
(164, 162, 157)
(156, 158, 162)
(152, 161, 167)
(151, 161, 168)
(148, 158, 166)
(153, 162, 168)
(159, 166, 172)
(164, 174, 180)
(168, 181, 189)
(180, 192, 198)
(190, 203, 209)
(195, 211, 218)
(201, 216, 225)
(200, 217, 224)
(204, 222, 227)
(204, 223, 228)
(203, 224, 227)
(203, 224, 227)
(206, 227, 230)
(206, 225, 230)
(204, 226, 230)
(208, 228, 233)
(209, 227, 232)
(209, 228, 232)
(207, 228, 231)
(209, 231, 234)
(206, 227, 230)
(212, 231, 235)
(213, 230, 233)
(213, 230, 233)
(217, 232, 236)
(217, 232, 237)
(218, 233, 239)
(216, 232, 238)
(214, 230, 237)
(219, 234, 241)
(216, 230, 238)
(216, 230, 237)
(219, 234, 239)
(219, 234, 239)
(217, 233, 239)
(218, 233, 239)
(219, 234, 239)
(220, 234, 240)
(218, 232, 237)
(137, 147, 145)
(91, 84, 71)
(119, 98, 79)
(144, 124, 102)
(164, 146, 123)
(174, 151, 133)
(186, 155, 141)
(200, 168, 154)
(204, 171, 154)
(195, 165, 147)
(200, 169, 154)
(208, 176, 163)
(207, 171, 162)
(198, 167, 155)
(187, 154, 140)
(177, 139, 126)
(162, 127, 112)
(151, 118, 100)
(155, 125, 106)
(133, 102, 85)
(117, 79, 68)
(112, 70, 61)
(109, 68, 55)
(113, 76, 64)
(107, 71, 61)
(113, 75, 65)
(113, 75, 64)
(112, 75, 64)
(108, 73, 60)
(106, 74, 59)
(112, 71, 63)
(117, 73, 63)
(113, 68, 56)
(110, 69, 54)
(110, 72, 58)
(113, 75, 61)
(120, 80, 65)
(125, 91, 76)
(128, 99, 83)
(138, 115, 97)
(156, 138, 120)
(170, 151, 135)
(175, 153, 137)
(187, 163, 145)
(186, 167, 149)
(195, 173, 158)
(191, 165, 153)
(193, 166, 155)
(194, 171, 157)
(190, 169, 153)
(185, 166, 148)
(185, 168, 150)
(190, 169, 150)
(196, 173, 156)
(199, 173, 159)
(197, 171, 157)
(194, 165, 153)
(193, 164, 152)
(190, 166, 148)
(186, 161, 146)
(182, 159, 145)
(182, 158, 146)
(179, 156, 143)
(176, 154, 139)
(173, 150, 135)
(177, 151, 135)
(176, 147, 133)
(177, 151, 137)
(178, 152, 137)
(174, 143, 129)
(175, 147, 131)
(174, 148, 132)
(174, 148, 133)
(174, 149, 136)
(174, 150, 138)
(182, 160, 147)
(182, 159, 146)
(188, 164, 151)
(182, 160, 147)
(182, 160, 146)
(184, 163, 149)
(176, 161, 148)
(167, 161, 152)
(155, 160, 158)
(153, 162, 167)
(152, 164, 169)
(155, 166, 171)
(157, 166, 173)
(157, 166, 172)
(163, 171, 177)
(174, 184, 191)
(181, 194, 202)
(192, 203, 208)
(198, 211, 218)
(203, 218, 225)
(211, 225, 234)
(201, 220, 227)
(205, 224, 231)
(201, 223, 229)
(202, 226, 230)
(200, 224, 228)
(205, 227, 231)
(204, 225, 228)
(205, 224, 231)
(212, 229, 237)
(211, 225, 233)
(212, 227, 234)
(212, 227, 234)
(213, 230, 235)
(210, 228, 232)
(214, 230, 236)
(214, 229, 236)
(214, 229, 236)
(216, 231, 238)
(214, 229, 234)
(216, 232, 237)
(214, 230, 236)
(218, 234, 242)
(219, 232, 240)
(221, 232, 239)
(218, 230, 236)
(219, 234, 240)
(218, 232, 239)
(219, 232, 240)
(218, 233, 238)
(219, 233, 239)
(221, 234, 240)
(226, 238, 238)
(73, 75, 67)
(101, 85, 70)
(132, 107, 88)
(158, 135, 116)
(170, 152, 132)
(178, 157, 139)
(186, 158, 142)
(198, 163, 149)
(206, 172, 156)
(200, 166, 150)
(201, 165, 152)
(207, 172, 162)
(203, 169, 159)
(195, 163, 151)
(179, 147, 132)
(168, 136, 121)
(158, 122, 106)
(152, 114, 99)
(149, 118, 103)
(115, 84, 71)
(115, 72, 64)
(112, 69, 58)
(112, 70, 55)
(116, 74, 65)
(114, 74, 65)
(119, 78, 68)
(115, 75, 64)
(114, 75, 65)
(111, 75, 64)
(110, 76, 65)
(109, 71, 62)
(116, 72, 62)
(119, 71, 59)
(118, 75, 62)
(115, 81, 67)
(116, 86, 72)
(127, 94, 80)
(131, 104, 88)
(138, 114, 96)
(152, 130, 112)
(169, 148, 133)
(181, 158, 146)
(184, 159, 146)
(187, 162, 145)
(186, 162, 148)
(193, 164, 154)
(192, 162, 152)
(194, 169, 158)
(192, 173, 158)
(188, 167, 152)
(184, 162, 145)
(188, 166, 151)
(186, 165, 148)
(191, 171, 156)
(197, 175, 163)
(199, 177, 166)
(197, 172, 160)
(195, 171, 156)
(186, 163, 147)
(181, 160, 146)
(179, 158, 146)
(179, 157, 146)
(180, 158, 144)
(176, 152, 136)
(176, 148, 133)
(179, 148, 132)
(179, 149, 134)
(176, 147, 135)
(176, 147, 135)
(173, 145, 130)
(173, 146, 129)
(173, 149, 133)
(173, 152, 138)
(173, 152, 140)
(176, 154, 143)
(180, 156, 144)
(186, 161, 148)
(192, 168, 157)
(182, 161, 150)
(178, 156, 142)
(179, 158, 141)
(173, 160, 148)
(162, 159, 155)
(157, 164, 166)
(154, 166, 170)
(154, 167, 170)
(158, 169, 173)
(163, 170, 177)
(164, 173, 180)
(170, 182, 189)
(179, 192, 199)
(185, 198, 206)
(197, 207, 216)
(206, 217, 225)
(210, 223, 231)
(217, 231, 240)
(202, 221, 228)
(204, 224, 231)
(202, 224, 230)
(201, 225, 229)
(200, 224, 228)
(204, 227, 231)
(203, 225, 229)
(205, 225, 232)
(212, 229, 237)
(211, 226, 233)
(212, 227, 234)
(212, 227, 234)
(214, 230, 235)
(209, 227, 231)
(214, 230, 236)
(215, 230, 237)
(214, 229, 236)
(216, 231, 238)
(215, 230, 235)
(216, 233, 237)
(214, 231, 236)
(220, 233, 242)
(221, 232, 241)
(221, 231, 239)
(218, 231, 237)
(218, 234, 239)
(217, 234, 238)
(218, 234, 239)
(219, 233, 238)
(221, 236, 241)
(220, 232, 236)
(151, 158, 157)
(91, 85, 76)
(113, 95, 79)
(144, 121, 100)
(169, 146, 128)
(178, 159, 141)
(180, 160, 143)
(187, 160, 145)
(194, 162, 148)
(200, 165, 152)
(203, 167, 152)
(199, 163, 149)
(203, 167, 157)
(199, 166, 155)
(192, 161, 148)
(171, 139, 124)
(164, 131, 116)
(150, 116, 100)
(148, 112, 97)
(133, 101, 87)
(112, 81, 67)
(116, 75, 65)
(112, 72, 61)
(112, 74, 59)
(120, 77, 68)
(123, 78, 71)
(124, 79, 70)
(119, 75, 66)
(119, 76, 67)
(116, 74, 66)
(114, 75, 67)
(114, 76, 64)
(118, 76, 63)
(124, 78, 64)
(122, 81, 68)
(121, 88, 75)
(125, 96, 83)
(136, 106, 94)
(143, 118, 102)
(150, 126, 108)
(166, 139, 121)
(178, 150, 136)
(185, 156, 145)
(188, 161, 147)
(185, 160, 143)
(185, 156, 144)
(191, 162, 150)
(190, 164, 153)
(190, 168, 154)
(188, 168, 153)
(184, 160, 144)
(184, 157, 142)
(186, 162, 146)
(184, 163, 145)
(190, 171, 155)
(194, 175, 161)
(200, 181, 168)
(194, 173, 160)
(192, 172, 157)
(183, 163, 146)
(181, 161, 146)
(178, 159, 145)
(178, 157, 144)
(180, 155, 141)
(175, 148, 132)
(179, 150, 133)
(178, 147, 129)
(180, 148, 133)
(177, 146, 134)
(175, 145, 133)
(173, 144, 131)
(173, 144, 130)
(175, 149, 134)
(175, 153, 139)
(176, 154, 143)
(180, 158, 146)
(182, 157, 145)
(186, 161, 148)
(189, 166, 155)
(187, 166, 155)
(179, 158, 144)
(175, 156, 139)
(168, 159, 147)
(161, 162, 159)
(160, 170, 172)
(159, 172, 175)
(160, 174, 177)
(168, 179, 183)
(171, 180, 187)
(175, 185, 192)
(178, 192, 199)
(186, 198, 207)
(192, 205, 213)
(204, 215, 224)
(210, 221, 230)
(216, 229, 237)
(222, 235, 244)
(201, 223, 228)
(202, 224, 229)
(203, 225, 230)
(204, 226, 231)
(203, 225, 230)
(203, 226, 231)
(204, 227, 232)
(207, 227, 233)
(210, 227, 234)
(210, 226, 233)
(213, 229, 235)
(211, 227, 232)
(214, 232, 236)
(209, 228, 232)
(213, 230, 236)
(213, 229, 236)
(215, 230, 237)
(217, 232, 239)
(214, 230, 236)
(215, 232, 238)
(215, 231, 238)
(220, 234, 243)
(220, 232, 240)
(220, 232, 239)
(217, 233, 238)
(217, 235, 239)
(217, 235, 238)
(219, 234, 238)
(221, 236, 242)
(217, 233, 236)
(232, 243, 242)
(86, 84, 80)
(111, 96, 87)
(136, 116, 99)
(157, 137, 116)
(175, 153, 136)
(183, 160, 145)
(184, 158, 144)
(191, 163, 150)
(192, 162, 150)
(196, 161, 150)
(198, 160, 146)
(198, 159, 145)
(199, 164, 152)
(195, 164, 151)
(181, 151, 136)
(163, 131, 114)
(147, 114, 97)
(145, 113, 98)
(142, 105, 93)
(114, 76, 65)
(114, 76, 65)
(116, 75, 65)
(112, 77, 65)
(115, 79, 66)
(124, 81, 72)
(126, 80, 73)
(125, 79, 72)
(130, 82, 77)
(126, 80, 74)
(123, 77, 69)
(123, 79, 70)
(119, 81, 66)
(123, 83, 65)
(128, 85, 69)
(132, 92, 79)
(133, 100, 89)
(139, 109, 100)
(148, 116, 108)
(155, 128, 115)
(160, 133, 115)
(167, 137, 119)
(175, 143, 127)
(183, 151, 138)
(185, 156, 142)
(185, 158, 141)
(185, 156, 142)
(184, 156, 143)
(181, 156, 143)
(183, 158, 145)
(181, 155, 140)
(177, 151, 135)
(179, 153, 136)
(180, 154, 137)
(181, 158, 138)
(186, 166, 146)
(192, 173, 157)
(195, 176, 161)
(190, 171, 156)
(182, 163, 146)
(177, 158, 140)
(179, 159, 142)
(179, 157, 143)
(181, 155, 141)
(177, 149, 133)
(177, 147, 130)
(180, 149, 129)
(179, 150, 129)
(179, 149, 131)
(176, 146, 132)
(174, 144, 133)
(177, 147, 138)
(176, 146, 137)
(173, 146, 133)
(173, 149, 135)
(177, 155, 143)
(181, 157, 145)
(183, 158, 145)
(186, 161, 149)
(185, 162, 151)
(185, 163, 151)
(182, 162, 147)
(175, 161, 146)
(166, 162, 154)
(164, 169, 170)
(166, 177, 182)
(169, 182, 186)
(176, 188, 193)
(178, 189, 194)
(181, 191, 198)
(184, 197, 204)
(189, 203, 211)
(196, 209, 217)
(202, 213, 222)
(211, 222, 231)
(216, 227, 237)
(219, 232, 241)
(225, 238, 247)
(200, 225, 229)
(202, 226, 230)
(203, 224, 229)
(206, 225, 231)
(204, 224, 230)
(205, 227, 232)
(204, 227, 233)
(206, 226, 232)
(210, 227, 234)
(209, 227, 231)
(211, 227, 232)
(212, 230, 234)
(212, 231, 235)
(210, 229, 233)
(213, 231, 236)
(213, 230, 237)
(215, 231, 238)
(215, 231, 238)
(215, 232, 239)
(216, 233, 240)
(214, 231, 238)
(216, 235, 241)
(215, 232, 239)
(217, 233, 239)
(216, 232, 238)
(216, 233, 239)
(219, 233, 238)
(221, 233, 238)
(218, 233, 238)
(230, 242, 243)
(131, 132, 131)
(122, 110, 104)
(135, 114, 102)
(156, 133, 114)
(173, 152, 131)
(182, 158, 142)
(182, 154, 140)
(188, 156, 144)
(192, 161, 148)
(193, 162, 149)
(195, 158, 147)
(198, 158, 144)
(199, 161, 145)
(193, 158, 144)
(190, 160, 143)
(177, 148, 129)
(161, 130, 111)
(147, 111, 94)
(143, 107, 94)
(121, 77, 68)
(117, 70, 61)
(115, 72, 61)
(119, 77, 66)
(115, 78, 68)
(124, 84, 76)
(129, 89, 79)
(130, 92, 81)
(129, 88, 81)
(131, 89, 83)
(128, 86, 79)
(126, 84, 75)
(127, 86, 75)
(127, 91, 74)
(136, 97, 80)
(143, 101, 85)
(149, 110, 96)
(151, 117, 106)
(152, 120, 112)
(155, 122, 114)
(159, 127, 115)
(163, 133, 117)
(165, 135, 117)
(170, 140, 121)
(174, 143, 126)
(175, 143, 128)
(177, 145, 131)
(172, 146, 131)
(173, 149, 133)
(173, 149, 134)
(180, 151, 137)
(176, 145, 131)
(170, 143, 125)
(165, 141, 122)
(175, 144, 127)
(175, 147, 128)
(177, 151, 132)
(184, 160, 143)
(186, 160, 145)
(179, 153, 138)
(170, 144, 127)
(169, 146, 128)
(175, 150, 133)
(177, 150, 134)
(176, 147, 131)
(178, 147, 129)
(176, 143, 125)
(175, 145, 124)
(176, 148, 127)
(179, 150, 133)
(175, 146, 132)
(174, 145, 135)
(177, 148, 140)
(174, 145, 137)
(174, 145, 134)
(176, 150, 136)
(180, 156, 144)
(182, 157, 145)
(184, 158, 144)
(183, 159, 146)
(183, 162, 152)
(183, 162, 149)
(183, 168, 153)
(176, 170, 157)
(168, 171, 167)
(173, 183, 186)
(178, 190, 197)
(180, 193, 199)
(185, 197, 204)
(189, 199, 207)
(192, 205, 213)
(194, 208, 217)
(197, 213, 221)
(206, 219, 228)
(212, 222, 232)
(218, 229, 239)
(222, 234, 244)
(225, 238, 247)
(229, 242, 251)
(200, 225, 229)
(202, 226, 230)
(202, 224, 229)
(205, 225, 230)
(205, 224, 230)
(205, 226, 232)
(204, 227, 233)
(207, 226, 232)
(210, 228, 232)
(209, 227, 231)
(212, 230, 234)
(211, 230, 234)
(212, 231, 235)
(211, 229, 233)
(214, 232, 237)
(214, 231, 238)
(214, 230, 237)
(215, 230, 237)
(214, 231, 238)
(216, 233, 240)
(214, 232, 238)
(213, 234, 238)
(215, 234, 239)
(215, 232, 239)
(215, 233, 240)
(218, 235, 242)
(219, 232, 239)
(223, 233, 240)
(224, 236, 238)
(161, 165, 164)
(128, 120, 116)
(132, 115, 106)
(150, 128, 113)
(165, 140, 121)
(178, 153, 134)
(180, 155, 140)
(186, 153, 140)
(189, 152, 140)
(190, 156, 143)
(191, 156, 142)
(193, 153, 141)
(197, 156, 142)
(197, 160, 142)
(189, 154, 138)
(183, 153, 134)
(175, 147, 125)
(162, 131, 110)
(154, 117, 101)
(144, 104, 93)
(124, 76, 68)
(121, 73, 63)
(120, 79, 66)
(122, 82, 70)
(122, 85, 74)
(132, 87, 82)
(133, 95, 84)
(136, 101, 89)
(135, 99, 90)
(130, 93, 85)
(131, 93, 84)
(132, 93, 82)
(134, 96, 82)
(141, 104, 89)
(147, 109, 93)
(154, 114, 99)
(155, 117, 104)
(160, 126, 115)
(160, 127, 116)
(160, 127, 116)
(163, 130, 119)
(165, 134, 119)
(169, 140, 123)
(170, 142, 122)
(170, 140, 122)
(176, 143, 128)
(177, 144, 131)
(177, 149, 134)
(175, 153, 137)
(176, 157, 140)
(181, 156, 140)
(180, 151, 135)
(177, 149, 131)
(172, 145, 125)
(177, 145, 127)
(172, 144, 124)
(173, 146, 126)
(177, 151, 133)
(176, 148, 133)
(171, 141, 125)
(167, 137, 121)
(159, 131, 114)
(165, 135, 119)
(167, 135, 119)
(170, 137, 121)
(175, 141, 123)
(173, 140, 121)
(174, 144, 123)
(173, 146, 127)
(175, 147, 132)
(176, 148, 134)
(174, 147, 135)
(177, 149, 138)
(175, 148, 137)
(175, 147, 134)
(176, 150, 136)
(179, 154, 142)
(181, 157, 145)
(184, 159, 145)
(182, 158, 146)
(183, 162, 151)
(188, 169, 156)
(184, 172, 158)
(171, 169, 162)
(177, 186, 185)
(179, 192, 198)
(184, 197, 206)
(188, 201, 207)
(192, 203, 211)
(198, 208, 217)
(201, 214, 222)
(200, 216, 224)
(203, 220, 228)
(209, 223, 232)
(217, 226, 237)
(222, 234, 243)
(226, 239, 248)
(228, 241, 250)
(232, 244, 254)
(198, 223, 227)
(201, 224, 229)
(204, 225, 230)
(207, 226, 232)
(205, 224, 229)
(205, 225, 231)
(205, 226, 232)
(207, 225, 230)
(211, 229, 233)
(209, 227, 231)
(212, 230, 234)
(210, 229, 233)
(213, 232, 236)
(212, 231, 235)
(214, 231, 237)
(213, 230, 237)
(214, 231, 238)
(216, 232, 239)
(215, 231, 238)
(216, 233, 240)
(215, 232, 238)
(218, 236, 239)
(214, 231, 235)
(218, 235, 242)
(212, 230, 237)
(216, 233, 240)
(220, 232, 238)
(222, 231, 235)
(148, 154, 152)
(121, 116, 113)
(130, 114, 107)
(150, 129, 117)
(160, 135, 120)
(170, 141, 125)
(179, 150, 133)
(179, 152, 137)
(187, 152, 139)
(189, 149, 137)
(188, 150, 136)
(189, 151, 137)
(193, 152, 138)
(192, 151, 136)
(191, 155, 136)
(184, 151, 132)
(178, 148, 128)
(172, 143, 121)
(155, 123, 102)
(154, 118, 103)
(130, 90, 78)
(123, 76, 67)
(125, 81, 70)
(122, 87, 72)
(125, 91, 77)
(132, 96, 85)
(141, 96, 90)
(143, 105, 94)
(143, 108, 95)
(142, 106, 95)
(137, 101, 92)
(137, 100, 91)
(139, 101, 89)
(142, 104, 88)
(149, 111, 98)
(154, 117, 103)
(161, 124, 109)
(163, 128, 114)
(168, 134, 123)
(168, 134, 122)
(172, 139, 124)
(173, 143, 130)
(176, 147, 134)
(182, 152, 136)
(182, 152, 133)
(187, 157, 139)
(191, 161, 144)
(201, 170, 156)
(200, 172, 157)
(200, 179, 162)
(201, 185, 167)
(196, 176, 157)
(203, 177, 160)
(191, 163, 144)
(194, 166, 146)
(190, 161, 143)
(181, 155, 134)
(184, 160, 137)
(182, 156, 138)
(169, 141, 126)
(164, 135, 119)
(158, 128, 112)
(152, 120, 105)
(150, 117, 102)
(154, 118, 104)
(159, 123, 108)
(165, 129, 111)
(167, 133, 114)
(171, 140, 120)
(169, 142, 125)
(169, 141, 126)
(173, 145, 131)
(173, 147, 133)
(176, 150, 136)
(178, 152, 137)
(175, 149, 134)
(176, 150, 136)
(178, 154, 142)
(181, 157, 146)
(185, 160, 146)
(183, 159, 147)
(187, 166, 155)
(188, 170, 158)
(185, 176, 165)
(172, 176, 171)
(185, 197, 200)
(184, 199, 207)
(189, 204, 212)
(194, 207, 214)
(203, 215, 223)
(206, 217, 226)
(210, 223, 233)
(209, 224, 233)
(210, 226, 234)
(219, 231, 240)
(222, 232, 242)
(226, 239, 248)
(228, 241, 250)
(229, 242, 251)
(233, 244, 254)
(202, 224, 229)
(205, 226, 231)
(206, 226, 232)
(207, 226, 232)
(207, 226, 232)
(207, 226, 232)
(210, 228, 234)
(210, 228, 232)
(212, 230, 234)
(210, 228, 232)
(212, 231, 235)
(210, 229, 233)
(212, 231, 235)
(211, 230, 234)
(214, 232, 237)
(212, 229, 236)
(215, 231, 238)
(217, 232, 239)
(216, 231, 238)
(217, 233, 240)
(216, 232, 238)
(220, 233, 238)
(219, 232, 239)
(221, 234, 241)
(215, 230, 236)
(219, 233, 236)
(211, 220, 220)
(114, 117, 115)
(134, 129, 122)
(130, 116, 109)
(152, 128, 120)
(163, 138, 125)
(166, 139, 124)
(171, 140, 125)
(182, 149, 135)
(179, 150, 136)
(186, 152, 139)
(188, 147, 135)
(188, 146, 132)
(187, 147, 132)
(188, 148, 131)
(183, 146, 127)
(180, 147, 128)
(179, 146, 127)
(171, 140, 119)
(154, 123, 102)
(156, 123, 104)
(148, 113, 98)
(120, 83, 69)
(128, 86, 73)
(124, 90, 74)
(131, 104, 85)
(135, 104, 89)
(141, 107, 95)
(149, 108, 100)
(156, 115, 105)
(154, 116, 105)
(152, 114, 102)
(154, 116, 104)
(149, 111, 98)
(149, 111, 96)
(152, 113, 97)
(160, 122, 110)
(166, 130, 116)
(174, 141, 126)
(177, 145, 131)
(182, 151, 138)
(183, 152, 138)
(184, 154, 137)
(188, 163, 147)
(195, 167, 154)
(200, 168, 155)
(199, 164, 149)
(201, 168, 150)
(205, 177, 159)
(202, 176, 160)
(205, 179, 164)
(202, 179, 163)
(203, 181, 165)
(206, 183, 165)
(201, 175, 157)
(199, 171, 152)
(194, 166, 146)
(196, 171, 152)
(196, 174, 153)
(206, 185, 162)
(194, 174, 154)
(206, 183, 167)
(193, 169, 152)
(172, 146, 130)
(163, 133, 119)
(142, 109, 96)
(142, 106, 92)
(146, 108, 93)
(152, 115, 97)
(151, 116, 96)
(162, 129, 111)
(168, 137, 122)
(168, 137, 123)
(166, 137, 123)
(167, 139, 125)
(172, 146, 131)
(181, 155, 140)
(181, 155, 142)
(178, 154, 142)
(181, 159, 147)
(184, 161, 149)
(185, 161, 147)
(189, 166, 153)
(190, 169, 160)
(185, 171, 161)
(176, 171, 164)
(181, 189, 188)
(190, 206, 211)
(191, 208, 216)
(201, 217, 225)
(206, 221, 228)
(211, 224, 233)
(213, 224, 234)
(219, 230, 240)
(218, 231, 240)
(219, 233, 242)
(225, 238, 247)
(225, 236, 245)
(228, 240, 250)
(230, 243, 252)
(233, 246, 255)
(234, 247, 255)
(206, 224, 232)
(207, 226, 233)
(205, 225, 232)
(208, 227, 233)
(207, 226, 232)
(210, 227, 233)
(213, 228, 234)
(213, 228, 233)
(212, 229, 233)
(212, 230, 234)
(214, 233, 237)
(210, 229, 233)
(214, 233, 237)
(212, 231, 235)
(212, 230, 236)
(214, 230, 237)
(217, 232, 239)
(217, 232, 239)
(217, 231, 240)
(219, 233, 242)
(219, 233, 242)
(220, 235, 242)
(218, 231, 239)
(220, 231, 238)
(225, 234, 237)
(184, 188, 187)
(136, 132, 125)
(146, 134, 126)
(145, 127, 116)
(146, 125, 114)
(169, 145, 133)
(168, 140, 128)
(175, 142, 130)
(173, 138, 126)
(176, 142, 131)
(171, 143, 132)
(180, 149, 137)
(183, 145, 132)
(183, 141, 128)
(182, 140, 124)
(181, 144, 126)
(175, 142, 123)
(171, 140, 120)
(170, 137, 118)
(160, 127, 107)
(154, 120, 100)
(145, 112, 93)
(126, 93, 79)
(124, 90, 75)
(134, 97, 79)
(137, 107, 89)
(141, 112, 95)
(150, 113, 100)
(154, 117, 105)
(159, 121, 109)
(165, 124, 114)
(166, 126, 116)
(162, 123, 110)
(162, 126, 110)
(159, 123, 106)
(163, 127, 109)
(169, 133, 115)
(174, 139, 124)
(180, 147, 131)
(185, 158, 141)
(184, 158, 144)
(190, 163, 151)
(192, 166, 152)
(194, 169, 153)
(193, 167, 152)
(197, 167, 156)
(199, 166, 157)
(199, 164, 152)
(201, 169, 153)
(203, 174, 156)
(203, 176, 159)
(203, 178, 163)
(204, 176, 162)
(207, 179, 165)
(203, 176, 161)
(198, 172, 155)
(198, 169, 151)
(196, 165, 146)
(193, 164, 148)
(200, 174, 154)
(205, 184, 162)
(209, 189, 169)
(213, 194, 177)
(214, 195, 178)
(209, 189, 172)
(199, 177, 163)
(191, 163, 149)
(168, 134, 121)
(158, 121, 106)
(144, 107, 91)
(142, 105, 87)
(149, 113, 95)
(160, 125, 110)
(159, 124, 110)
(165, 132, 118)
(166, 135, 122)
(168, 139, 127)
(172, 144, 132)
(179, 155, 142)
(175, 153, 142)
(177, 156, 145)
(180, 159, 146)
(181, 158, 143)
(185, 163, 149)
(187, 167, 157)
(185, 175, 168)
(178, 178, 174)
(191, 203, 206)
(195, 212, 219)
(202, 219, 227)
(209, 225, 232)
(212, 228, 235)
(216, 232, 240)
(221, 233, 243)
(227, 237, 247)
(227, 237, 247)
(225, 239, 248)
(230, 243, 251)
(231, 242, 251)
(233, 246, 255)
(235, 248, 255)
(236, 249, 255)
(235, 248, 255)
(206, 223, 231)
(208, 227, 234)
(205, 225, 232)
(208, 228, 234)
(208, 227, 233)
(210, 226, 232)
(211, 226, 232)
(213, 228, 233)
(213, 229, 234)
(213, 231, 235)
(213, 231, 235)
(211, 230, 235)
(215, 234, 239)
(213, 232, 237)
(214, 231, 238)
(215, 231, 238)
(216, 230, 238)
(217, 232, 239)
(216, 232, 240)
(218, 233, 242)
(217, 232, 240)
(214, 234, 240)
(215, 232, 239)
(227, 238, 243)
(174, 177, 179)
(134, 128, 123)
(147, 131, 121)
(153, 128, 118)
(149, 122, 109)
(158, 135, 121)
(171, 146, 133)
(175, 145, 133)
(176, 142, 129)
(172, 136, 125)
(169, 135, 125)
(167, 138, 128)
(171, 141, 130)
(173, 138, 124)
(174, 132, 118)
(177, 135, 119)
(175, 140, 122)
(167, 139, 118)
(164, 133, 113)
(162, 128, 109)
(157, 123, 103)
(149, 115, 96)
(141, 109, 91)
(127, 95, 81)
(132, 98, 82)
(142, 106, 88)
(144, 111, 94)
(152, 118, 102)
(163, 121, 108)
(163, 122, 109)
(165, 127, 114)
(172, 131, 121)
(173, 134, 124)
(166, 130, 115)
(166, 132, 114)
(166, 135, 115)
(167, 136, 116)
(175, 143, 123)
(180, 147, 130)
(187, 158, 140)
(190, 165, 145)
(192, 168, 152)
(195, 170, 158)
(195, 170, 157)
(194, 172, 155)
(195, 167, 151)
(194, 164, 152)
(196, 165, 155)
(196, 165, 153)
(200, 168, 152)
(203, 173, 155)
(205, 176, 159)
(207, 178, 163)
(208, 177, 164)
(208, 180, 166)
(198, 175, 158)
(193, 170, 152)
(196, 164, 148)
(196, 158, 143)
(194, 159, 145)
(199, 168, 151)
(206, 180, 160)
(210, 188, 168)
(210, 190, 173)
(210, 191, 174)
(212, 194, 176)
(207, 189, 173)
(205, 181, 164)
(202, 172, 157)
(190, 156, 141)
(170, 134, 119)
(142, 106, 90)
(141, 103, 87)
(148, 110, 94)
(152, 115, 100)
(160, 124, 110)
(164, 130, 118)
(165, 133, 122)
(169, 139, 129)
(175, 150, 138)
(170, 149, 137)
(175, 155, 145)
(178, 158, 146)
(179, 158, 143)
(183, 162, 149)
(185, 167, 156)
(176, 170, 164)
(189, 192, 191)
(198, 212, 216)
(204, 221, 229)
(210, 226, 234)
(217, 231, 239)
(219, 234, 242)
(223, 238, 247)
(227, 239, 248)
(231, 241, 250)
(232, 241, 252)
(231, 242, 252)
(234, 246, 254)
(231, 243, 251)
(234, 247, 254)
(235, 248, 255)
(235, 248, 254)
(235, 248, 255)
(205, 223, 229)
(207, 226, 233)
(204, 225, 232)
(210, 230, 237)
(208, 228, 235)
(209, 227, 232)
(212, 228, 233)
(212, 228, 234)
(213, 229, 236)
(212, 230, 235)
(213, 230, 236)
(213, 231, 236)
(217, 233, 240)
(214, 230, 237)
(217, 233, 241)
(217, 232, 239)
(219, 232, 240)
(217, 232, 240)
(214, 230, 239)
(215, 234, 240)
(214, 232, 237)
(215, 233, 237)
(218, 232, 232)
(189, 191, 192)
(135, 125, 124)
(155, 136, 126)
(158, 134, 120)
(154, 126, 115)
(165, 132, 115)
(168, 137, 123)
(177, 146, 134)
(177, 146, 134)
(176, 142, 131)
(172, 135, 127)
(167, 130, 122)
(167, 134, 121)
(167, 133, 120)
(167, 129, 115)
(169, 127, 112)
(165, 126, 109)
(169, 136, 118)
(163, 133, 114)
(160, 127, 108)
(157, 121, 103)
(154, 118, 100)
(145, 112, 93)
(131, 101, 83)
(133, 104, 89)
(140, 109, 94)
(147, 111, 95)
(151, 115, 98)
(162, 124, 105)
(169, 130, 111)
(171, 131, 113)
(171, 133, 115)
(175, 134, 123)
(176, 137, 126)
(175, 139, 127)
(173, 140, 125)
(177, 143, 127)
(176, 143, 125)
(182, 150, 129)
(188, 155, 136)
(194, 163, 144)
(197, 170, 151)
(195, 169, 153)
(196, 171, 158)
(197, 171, 157)
(196, 170, 154)
(195, 165, 149)
(192, 163, 148)
(193, 162, 149)
(196, 164, 150)
(203, 170, 155)
(202, 170, 153)
(204, 175, 156)
(207, 178, 161)
(210, 180, 165)
(206, 177, 163)
(197, 172, 157)
(192, 168, 150)
(193, 161, 144)
(195, 157, 142)
(194, 156, 142)
(193, 158, 140)
(200, 171, 150)
(206, 183, 160)
(204, 185, 163)
(208, 190, 170)
(211, 193, 173)
(207, 188, 168)
(208, 182, 164)
(209, 182, 164)
(208, 183, 165)
(198, 172, 156)
(186, 153, 142)
(147, 107, 97)
(141, 100, 86)
(145, 106, 91)
(152, 113, 100)
(159, 122, 109)
(163, 128, 117)
(168, 136, 125)
(173, 145, 132)
(170, 148, 135)
(172, 154, 144)
(175, 157, 146)
(177, 158, 145)
(183, 165, 152)
(183, 169, 157)
(171, 171, 170)
(196, 204, 208)
(204, 217, 223)
(208, 221, 230)
(218, 230, 239)
(224, 235, 245)
(229, 238, 248)
(231, 241, 251)
(233, 244, 253)
(236, 246, 255)
(236, 246, 254)
(233, 244, 252)
(236, 248, 254)
(235, 247, 253)
(235, 249, 253)
(234, 249, 254)
(233, 248, 254)
(236, 249, 255)
(209, 228, 234)
(209, 228, 235)
(206, 226, 233)
(206, 226, 233)
(208, 228, 235)
(210, 229, 233)
(212, 230, 234)
(210, 227, 233)
(213, 230, 237)
(212, 229, 236)
(216, 233, 240)
(215, 232, 239)
(217, 233, 240)
(216, 231, 238)
(214, 229, 238)
(216, 231, 237)
(218, 231, 238)
(217, 233, 240)
(216, 233, 241)
(214, 231, 238)
(219, 235, 240)
(229, 240, 244)
(188, 194, 189)
(130, 123, 115)
(154, 132, 125)
(162, 132, 121)
(160, 128, 115)
(165, 131, 119)
(172, 138, 120)
(174, 140, 127)
(174, 142, 129)
(178, 146, 133)
(173, 139, 127)
(169, 133, 124)
(162, 126, 118)
(160, 128, 114)
(163, 131, 116)
(165, 129, 114)
(160, 122, 108)
(160, 121, 107)
(162, 127, 112)
(158, 126, 108)
(153, 118, 99)
(150, 113, 95)
(145, 108, 91)
(133, 100, 84)
(136, 107, 91)
(142, 113, 98)
(153, 121, 107)
(156, 121, 107)
(159, 123, 107)
(166, 129, 110)
(172, 135, 115)
(172, 135, 116)
(175, 139, 121)
(179, 141, 127)
(179, 142, 129)
(180, 146, 134)
(179, 145, 133)
(184, 149, 136)
(185, 150, 134)
(187, 154, 135)
(194, 162, 144)
(201, 170, 152)
(201, 173, 154)
(197, 170, 155)
(199, 171, 159)
(199, 170, 156)
(199, 170, 153)
(197, 165, 150)
(194, 163, 149)
(193, 161, 147)
(195, 163, 150)
(199, 167, 152)
(202, 172, 156)
(205, 176, 158)
(207, 180, 162)
(210, 180, 164)
(206, 176, 161)
(196, 168, 154)
(192, 165, 148)
(193, 162, 146)
(193, 157, 141)
(190, 155, 139)
(188, 152, 134)
(190, 156, 136)
(197, 169, 147)
(202, 180, 158)
(206, 188, 166)
(208, 189, 167)
(209, 184, 164)
(210, 181, 162)
(210, 181, 163)
(214, 189, 170)
(214, 191, 175)
(221, 193, 181)
(211, 179, 169)
(168, 137, 124)
(135, 100, 88)
(139, 101, 89)
(146, 110, 97)
(151, 119, 106)
(157, 131, 116)
(166, 141, 126)
(167, 144, 131)
(166, 147, 137)
(174, 156, 145)
(177, 159, 147)
(178, 163, 151)
(178, 169, 159)
(192, 196, 197)
(206, 216, 222)
(212, 223, 231)
(219, 232, 241)
(223, 234, 244)
(229, 239, 249)
(234, 242, 252)
(234, 245, 254)
(235, 247, 255)
(236, 248, 255)
(236, 248, 255)
(236, 248, 254)
(238, 250, 255)
(236, 248, 254)
(236, 251, 255)
(233, 248, 253)
(235, 250, 255)
(235, 249, 255)
(205, 224, 231)
(209, 228, 235)
(209, 228, 235)
(208, 228, 235)
(210, 231, 236)
(211, 230, 234)
(213, 231, 235)
(212, 228, 234)
(213, 229, 236)
(214, 230, 237)
(215, 232, 239)
(214, 231, 238)
(217, 233, 240)
(214, 230, 237)
(216, 230, 239)
(217, 232, 238)
(217, 232, 237)
(216, 232, 240)
(216, 233, 241)
(221, 235, 243)
(223, 234, 240)
(165, 169, 171)
(125, 123, 110)
(147, 130, 110)
(156, 125, 109)
(161, 123, 109)
(167, 127, 113)
(168, 130, 117)
(170, 139, 120)
(172, 138, 124)
(167, 133, 121)
(172, 139, 125)
(168, 135, 120)
(167, 135, 121)
(160, 128, 115)
(157, 127, 113)
(158, 129, 114)
(156, 124, 110)
(154, 118, 105)
(154, 115, 102)
(151, 112, 99)
(145, 107, 92)
(141, 104, 86)
(141, 104, 87)
(135, 99, 85)
(134, 102, 88)
(140, 110, 95)
(154, 122, 108)
(158, 126, 113)
(156, 124, 109)
(160, 126, 110)
(168, 132, 114)
(174, 138, 120)
(177, 142, 123)
(178, 144, 127)
(176, 143, 126)
(179, 146, 131)
(180, 148, 134)
(186, 151, 139)
(190, 153, 142)
(191, 155, 142)
(191, 159, 143)
(195, 163, 148)
(202, 172, 156)
(201, 172, 156)
(199, 170, 156)
(200, 169, 156)
(197, 166, 152)
(193, 161, 145)
(193, 158, 145)
(191, 156, 144)
(193, 160, 147)
(195, 163, 150)
(198, 167, 153)
(204, 175, 160)
(213, 186, 169)
(211, 184, 165)
(212, 182, 165)
(207, 175, 161)
(197, 168, 154)
(193, 164, 149)
(191, 160, 145)
(188, 156, 140)
(187, 156, 138)
(187, 151, 134)
(194, 156, 138)
(195, 161, 142)
(200, 174, 153)
(204, 183, 161)
(204, 183, 162)
(206, 175, 156)
(205, 168, 150)
(208, 174, 156)
(215, 186, 167)
(220, 197, 179)
(227, 202, 188)
(224, 200, 187)
(215, 190, 179)
(201, 172, 163)
(156, 125, 115)
(127, 95, 83)
(133, 104, 91)
(140, 114, 99)
(148, 123, 109)
(158, 136, 123)
(162, 141, 129)
(174, 153, 141)
(176, 158, 147)
(175, 166, 156)
(175, 173, 168)
(202, 210, 213)
(217, 227, 235)
(219, 230, 239)
(227, 238, 248)
(228, 239, 248)
(233, 245, 253)
(233, 245, 253)
(236, 249, 255)
(234, 249, 254)
(235, 250, 255)
(235, 250, 255)
(236, 251, 255)
(236, 251, 255)
(235, 250, 255)
(236, 251, 255)
(234, 249, 254)
(234, 249, 254)
(233, 248, 255)
(206, 225, 232)
(209, 228, 235)
(208, 227, 234)
(209, 230, 235)
(210, 229, 235)
(211, 229, 234)
(213, 231, 235)
(214, 229, 237)
(215, 230, 238)
(214, 229, 237)
(215, 231, 239)
(215, 231, 239)
(215, 232, 240)
(212, 229, 236)
(217, 230, 239)
(217, 232, 238)
(218, 233, 239)
(216, 233, 241)
(217, 233, 241)
(222, 235, 243)
(225, 233, 239)
(132, 132, 129)
(130, 122, 105)
(153, 130, 107)
(159, 124, 105)
(163, 124, 107)
(167, 128, 111)
(169, 133, 117)
(170, 138, 121)
(170, 136, 122)
(166, 130, 117)
(169, 133, 119)
(164, 131, 115)
(162, 131, 114)
(157, 126, 111)
(156, 126, 111)
(154, 126, 110)
(150, 120, 104)
(151, 116, 101)
(148, 110, 95)
(146, 106, 91)
(137, 98, 82)
(136, 99, 81)
(139, 103, 88)
(135, 100, 88)
(137, 106, 94)
(145, 114, 101)
(160, 127, 114)
(161, 128, 114)
(158, 125, 110)
(160, 126, 110)
(168, 132, 114)
(178, 142, 125)
(177, 143, 126)
(178, 144, 128)
(177, 146, 128)
(179, 148, 131)
(178, 146, 132)
(183, 148, 135)
(191, 154, 143)
(194, 160, 147)
(194, 164, 149)
(194, 164, 151)
(200, 171, 156)
(199, 170, 155)
(199, 168, 155)
(196, 164, 152)
(196, 162, 147)
(192, 156, 140)
(192, 155, 142)
(194, 157, 145)
(198, 163, 151)
(198, 166, 154)
(201, 172, 158)
(208, 181, 166)
(215, 188, 172)
(213, 186, 167)
(213, 183, 166)
(210, 178, 163)
(205, 173, 160)
(200, 170, 156)
(195, 164, 149)
(190, 160, 145)
(187, 157, 140)
(190, 155, 139)
(192, 154, 138)
(194, 158, 140)
(201, 172, 151)
(208, 184, 162)
(204, 181, 159)
(206, 171, 152)
(205, 166, 148)
(204, 166, 148)
(209, 178, 158)
(218, 194, 174)
(225, 202, 185)
(230, 205, 192)
(228, 202, 192)
(223, 197, 187)
(208, 181, 170)
(163, 134, 122)
(127, 97, 85)
(137, 104, 92)
(144, 117, 103)
(148, 124, 110)
(161, 136, 123)
(171, 147, 134)
(175, 156, 146)
(171, 164, 158)
(184, 188, 186)
(212, 223, 228)
(218, 230, 238)
(224, 234, 243)
(228, 238, 248)
(231, 242, 251)
(233, 247, 253)
(233, 248, 253)
(236, 251, 255)
(236, 250, 254)
(236, 251, 255)
(236, 251, 255)
(235, 251, 255)
(236, 251, 255)
(235, 249, 254)
(237, 250, 255)
(235, 249, 255)
(234, 248, 254)
(233, 248, 254)
(209, 228, 235)
(209, 228, 235)
(208, 227, 233)
(210, 230, 236)
(208, 227, 232)
(212, 230, 234)
(213, 231, 235)
(215, 229, 238)
(218, 232, 241)
(215, 229, 238)
(217, 231, 240)
(215, 231, 239)
(216, 233, 241)
(214, 231, 239)
(219, 233, 242)
(217, 232, 238)
(219, 235, 240)
(219, 236, 243)
(216, 232, 240)
(224, 235, 243)
(216, 222, 227)
(111, 106, 98)
(128, 114, 96)
(150, 121, 100)
(161, 123, 104)
(160, 122, 101)
(160, 124, 103)
(166, 131, 115)
(172, 138, 122)
(170, 134, 121)
(166, 128, 115)
(160, 124, 110)
(161, 127, 110)
(157, 125, 108)
(150, 119, 102)
(154, 122, 105)
(151, 123, 105)
(147, 119, 100)
(144, 111, 93)
(140, 103, 85)
(140, 101, 82)
(132, 92, 74)
(136, 99, 81)
(140, 105, 91)
(147, 116, 104)
(155, 127, 116)
(155, 124, 112)
(163, 129, 116)
(165, 131, 116)
(161, 128, 112)
(162, 126, 110)
(167, 130, 113)
(175, 138, 121)
(174, 138, 122)
(176, 141, 126)
(178, 145, 126)
(177, 145, 128)
(178, 145, 129)
(182, 146, 132)
(189, 154, 141)
(191, 159, 146)
(192, 165, 150)
(195, 165, 152)
(200, 170, 156)
(198, 167, 153)
(199, 167, 153)
(195, 161, 148)
(194, 158, 143)
(192, 154, 138)
(191, 153, 139)
(197, 159, 146)
(202, 166, 152)
(201, 170, 155)
(202, 175, 159)
(210, 184, 168)
(217, 191, 175)
(214, 187, 169)
(213, 184, 167)
(210, 179, 164)
(207, 175, 162)
(205, 174, 161)
(196, 167, 153)
(192, 163, 149)
(194, 163, 147)
(192, 157, 141)
(192, 156, 139)
(196, 163, 145)
(199, 169, 150)
(206, 178, 158)
(203, 175, 155)
(202, 166, 149)
(202, 163, 145)
(202, 162, 144)
(205, 171, 152)
(213, 185, 166)
(218, 194, 176)
(228, 202, 187)
(232, 205, 192)
(230, 206, 193)
(224, 201, 188)
(214, 188, 176)
(179, 148, 136)
(149, 112, 102)
(140, 111, 97)
(145, 118, 103)
(158, 129, 114)
(171, 144, 130)
(174, 155, 146)
(173, 169, 164)
(200, 209, 208)
(212, 225, 231)
(223, 236, 244)
(228, 239, 248)
(234, 244, 254)
(234, 245, 253)
(234, 249, 254)
(233, 250, 254)
(238, 252, 255)
(237, 250, 253)
(236, 251, 254)
(237, 252, 255)
(235, 250, 254)
(237, 250, 255)
(235, 247, 253)
(239, 249, 255)
(237, 249, 255)
(236, 249, 255)
(234, 248, 255)
(208, 225, 233)
(209, 228, 235)
(207, 226, 232)
(210, 229, 235)
(207, 226, 231)
(211, 230, 234)
(212, 230, 234)
(214, 228, 236)
(218, 231, 240)
(217, 230, 239)
(219, 232, 241)
(216, 231, 239)
(217, 234, 242)
(215, 232, 240)
(217, 233, 240)
(218, 233, 239)
(218, 233, 238)
(219, 236, 242)
(220, 236, 243)
(224, 234, 241)
(205, 210, 215)
(126, 116, 104)
(137, 115, 100)
(151, 115, 102)
(154, 112, 99)
(154, 116, 95)
(157, 123, 101)
(164, 130, 114)
(168, 131, 116)
(166, 126, 115)
(161, 121, 110)
(156, 118, 104)
(155, 119, 103)
(149, 116, 99)
(141, 109, 92)
(148, 115, 94)
(145, 116, 95)
(135, 107, 86)
(138, 105, 84)
(136, 100, 80)
(135, 97, 76)
(132, 95, 74)
(138, 102, 85)
(150, 118, 104)
(163, 134, 121)
(171, 144, 132)
(174, 145, 132)
(163, 130, 116)
(165, 129, 113)
(163, 127, 110)
(162, 125, 107)
(164, 125, 108)
(169, 129, 112)
(172, 133, 117)
(171, 135, 119)
(173, 137, 120)
(175, 139, 123)
(174, 138, 123)
(175, 139, 125)
(183, 148, 134)
(185, 155, 140)
(184, 159, 144)
(191, 160, 148)
(190, 158, 145)
(189, 156, 141)
(193, 158, 144)
(190, 154, 140)
(189, 152, 137)
(192, 155, 138)
(193, 156, 140)
(200, 162, 147)
(199, 163, 147)
(202, 172, 156)
(207, 183, 165)
(216, 192, 174)
(218, 191, 174)
(214, 187, 170)
(211, 184, 167)
(210, 181, 166)
(208, 177, 164)
(205, 175, 163)
(198, 171, 159)
(196, 170, 156)
(201, 169, 154)
(197, 164, 149)
(201, 168, 152)
(202, 172, 155)
(200, 171, 154)
(208, 176, 160)
(205, 172, 156)
(200, 167, 149)
(198, 161, 143)
(201, 163, 144)
(200, 164, 145)
(213, 180, 162)
(215, 188, 170)
(221, 195, 178)
(228, 205, 187)
(231, 210, 192)
(230, 209, 193)
(231, 206, 192)
(228, 200, 187)
(213, 180, 169)
(169, 140, 126)
(149, 122, 105)
(156, 126, 108)
(159, 132, 117)
(170, 154, 145)
(176, 176, 173)
(215, 225, 228)
(220, 234, 241)
(226, 239, 247)
(230, 243, 251)
(235, 246, 254)
(234, 246, 253)
(236, 250, 255)
(233, 249, 254)
(240, 252, 255)
(240, 251, 253)
(239, 251, 255)
(238, 250, 254)
(238, 250, 255)
(240, 250, 255)
(237, 247, 254)
(239, 248, 254)
(240, 249, 255)
(238, 250, 255)
(235, 248, 255)
(210, 227, 235)
(213, 230, 238)
(209, 228, 233)
(214, 233, 238)
(211, 230, 234)
(213, 231, 235)
(215, 231, 236)
(215, 231, 237)
(218, 231, 239)
(219, 232, 240)
(220, 233, 241)
(218, 231, 239)
(217, 233, 240)
(215, 232, 239)
(218, 233, 240)
(219, 234, 240)
(218, 233, 238)
(220, 236, 241)
(220, 235, 242)
(226, 238, 244)
(218, 225, 229)
(133, 121, 113)
(139, 115, 104)
(150, 111, 102)
(151, 109, 97)
(150, 112, 92)
(157, 120, 99)
(165, 126, 112)
(165, 124, 112)
(156, 116, 106)
(155, 115, 105)
(150, 112, 100)
(145, 110, 95)
(141, 108, 92)
(140, 108, 92)
(137, 108, 87)
(139, 111, 90)
(132, 104, 83)
(132, 100, 80)
(128, 94, 74)
(130, 94, 72)
(136, 101, 81)
(150, 115, 101)
(168, 135, 121)
(173, 144, 130)
(182, 154, 141)
(184, 155, 141)
(171, 138, 124)
(169, 132, 116)
(163, 124, 107)
(159, 118, 102)
(160, 118, 103)
(161, 119, 104)
(168, 128, 114)
(168, 130, 116)
(170, 131, 117)
(172, 134, 120)
(170, 134, 118)
(172, 136, 120)
(176, 141, 127)
(181, 148, 132)
(181, 152, 136)
(186, 153, 139)
(185, 150, 135)
(183, 147, 131)
(184, 148, 132)
(191, 153, 140)
(196, 158, 144)
(198, 159, 143)
(196, 161, 145)
(200, 163, 148)
(200, 164, 149)
(205, 177, 160)
(213, 191, 173)
(218, 195, 179)
(219, 191, 177)
(216, 187, 173)
(213, 187, 172)
(209, 183, 168)
(207, 179, 166)
(204, 176, 163)
(199, 174, 160)
(198, 173, 159)
(209, 179, 163)
(205, 175, 159)
(210, 180, 164)
(210, 182, 166)
(209, 182, 165)
(213, 181, 166)
(209, 176, 161)
(206, 176, 159)
(201, 169, 151)
(200, 164, 146)
(203, 166, 148)
(205, 171, 153)
(213, 183, 166)
(214, 191, 173)
(220, 203, 182)
(221, 201, 183)
(225, 201, 187)
(232, 206, 193)
(233, 207, 193)
(222, 197, 183)
(219, 194, 179)
(207, 180, 163)
(190, 163, 144)
(174, 153, 137)
(168, 159, 151)
(199, 202, 201)
(224, 235, 240)
(226, 239, 246)
(231, 244, 251)
(234, 247, 254)
(234, 247, 253)
(236, 249, 254)
(239, 252, 255)
(238, 250, 255)
(240, 251, 254)
(240, 250, 253)
(240, 251, 255)
(242, 253, 255)
(239, 250, 255)
(240, 249, 255)
(239, 248, 255)
(241, 250, 255)
(239, 249, 255)
(237, 248, 255)
(235, 248, 255)
(208, 225, 233)
(211, 228, 236)
(208, 227, 232)
(211, 230, 234)
(210, 229, 233)
(212, 231, 235)
(215, 230, 236)
(216, 231, 238)
(218, 232, 240)
(220, 233, 241)
(219, 232, 240)
(218, 232, 240)
(219, 234, 241)
(215, 231, 238)
(217, 234, 241)
(219, 235, 240)
(223, 236, 242)
(221, 235, 241)
(221, 236, 243)
(224, 237, 243)
(225, 234, 238)
(139, 131, 128)
(140, 121, 111)
(144, 111, 99)
(149, 111, 97)
(146, 110, 92)
(149, 112, 95)
(156, 114, 104)
(156, 115, 103)
(150, 110, 100)
(148, 111, 101)
(143, 108, 96)
(138, 106, 91)
(136, 104, 89)
(134, 105, 89)
(132, 108, 88)
(132, 109, 90)
(134, 108, 91)
(129, 97, 82)
(126, 90, 74)
(133, 98, 79)
(144, 109, 91)
(159, 124, 110)
(173, 139, 125)
(184, 152, 137)
(186, 157, 141)
(194, 165, 149)
(189, 153, 139)
(175, 138, 122)
(165, 126, 110)
(155, 114, 98)
(153, 111, 97)
(155, 113, 100)
(160, 119, 107)
(162, 123, 111)
(162, 123, 110)
(163, 125, 112)
(162, 126, 111)
(165, 130, 114)
(170, 134, 119)
(175, 138, 123)
(171, 137, 121)
(172, 135, 121)
(173, 136, 121)
(181, 144, 127)
(190, 153, 137)
(194, 156, 142)
(198, 159, 145)
(201, 164, 148)
(196, 164, 148)
(197, 161, 147)
(199, 164, 150)
(203, 175, 158)
(211, 188, 172)
(217, 192, 178)
(219, 190, 178)
(218, 187, 176)
(214, 189, 175)
(211, 189, 175)
(202, 178, 164)
(200, 175, 161)
(202, 177, 164)
(205, 181, 167)
(208, 184, 166)
(209, 180, 165)
(213, 183, 169)
(212, 183, 169)
(214, 186, 172)
(214, 186, 171)
(215, 185, 171)
(214, 182, 168)
(207, 176, 159)
(204, 170, 152)
(206, 171, 153)
(207, 174, 157)
(210, 180, 163)
(215, 190, 173)
(214, 193, 177)
(218, 194, 180)
(224, 197, 186)
(232, 205, 193)
(233, 207, 193)
(228, 205, 190)
(222, 198, 184)
(215, 190, 175)
(207, 183, 166)
(191, 174, 161)
(182, 178, 173)
(218, 225, 227)
(227, 240, 246)
(228, 242, 249)
(234, 247, 254)
(234, 249, 253)
(235, 250, 254)
(236, 251, 254)
(239, 252, 255)
(238, 249, 254)
(242, 251, 255)
(239, 248, 253)
(239, 250, 254)
(239, 250, 254)
(238, 250, 255)
(240, 249, 255)
(239, 248, 255)
(239, 250, 255)
(237, 249, 255)
(236, 248, 254)
(235, 248, 255)
(211, 228, 236)
(212, 229, 237)
(208, 227, 233)
(211, 230, 234)
(210, 228, 233)
(215, 233, 237)
(216, 232, 238)
(215, 230, 237)
(217, 231, 239)
(219, 232, 240)
(220, 233, 241)
(219, 232, 240)
(220, 234, 242)
(216, 232, 239)
(219, 237, 242)
(220, 236, 241)
(223, 236, 242)
(223, 236, 242)
(223, 237, 244)
(223, 236, 242)
(223, 234, 239)
(200, 199, 202)
(137, 127, 115)
(140, 116, 97)
(145, 115, 97)
(144, 113, 95)
(147, 111, 97)
(150, 110, 100)
(148, 107, 95)
(145, 108, 97)
(143, 109, 98)
(141, 110, 97)
(135, 105, 91)
(133, 103, 90)
(134, 106, 92)
(125, 107, 90)
(137, 118, 101)
(129, 104, 91)
(122, 90, 78)
(127, 91, 77)
(140, 104, 89)
(151, 116, 100)
(165, 129, 116)
(180, 146, 131)
(191, 158, 143)
(191, 160, 143)
(199, 167, 151)
(200, 163, 149)
(182, 143, 129)
(173, 134, 119)
(157, 117, 103)
(148, 106, 93)
(150, 107, 96)
(148, 109, 98)
(152, 114, 103)
(153, 115, 103)
(153, 117, 103)
(154, 120, 103)
(157, 123, 106)
(162, 125, 109)
(164, 124, 108)
(162, 123, 108)
(164, 125, 111)
(174, 135, 119)
(187, 149, 130)
(193, 153, 137)
(198, 160, 146)
(202, 164, 150)
(201, 164, 149)
(194, 162, 148)
(195, 160, 147)
(200, 165, 152)
(198, 171, 156)
(208, 185, 170)
(215, 190, 177)
(222, 190, 182)
(220, 189, 179)
(214, 189, 177)
(213, 193, 178)
(205, 183, 168)
(202, 177, 163)
(204, 180, 167)
(207, 185, 171)
(206, 186, 167)
(210, 182, 166)
(215, 184, 171)
(215, 184, 171)
(215, 187, 174)
(214, 189, 174)
(217, 190, 175)
(221, 188, 176)
(213, 183, 168)
(207, 176, 158)
(205, 172, 155)
(211, 178, 161)
(205, 176, 160)
(215, 187, 172)
(215, 187, 175)
(218, 190, 179)
(221, 192, 183)
(228, 200, 189)
(232, 204, 191)
(232, 205, 190)
(223, 197, 184)
(219, 194, 181)
(209, 187, 172)
(194, 183, 172)
(201, 202, 197)
(226, 236, 239)
(229, 244, 250)
(233, 245, 252)
(235, 248, 253)
(234, 249, 253)
(234, 251, 253)
(236, 250, 253)
(241, 252, 255)
(239, 248, 254)
(240, 250, 255)
(239, 250, 254)
(239, 251, 255)
(238, 251, 254)
(237, 249, 253)
(238, 249, 254)
(238, 248, 255)
(236, 249, 253)
(237, 249, 255)
(235, 248, 254)
(234, 248, 255)
(207, 227, 233)
(210, 230, 236)
(208, 228, 233)
(212, 231, 236)
(213, 231, 235)
(215, 232, 236)
(214, 229, 234)
(213, 231, 235)
(216, 232, 237)
(216, 231, 236)
(218, 233, 239)
(217, 233, 240)
(220, 235, 242)
(219, 233, 241)
(222, 237, 244)
(221, 235, 240)
(224, 237, 243)
(220, 235, 240)
(223, 238, 243)
(221, 236, 241)
(221, 235, 241)
(233, 238, 244)
(176, 175, 172)
(136, 124, 114)
(142, 121, 107)
(146, 118, 104)
(144, 111, 99)
(146, 110, 101)
(143, 107, 93)
(142, 111, 97)
(137, 111, 97)
(138, 113, 101)
(130, 110, 100)
(117, 105, 95)
(139, 133, 125)
(192, 189, 186)
(188, 179, 176)
(121, 97, 93)
(125, 93, 82)
(131, 102, 85)
(144, 117, 99)
(160, 130, 112)
(174, 141, 124)
(186, 152, 134)
(193, 160, 143)
(195, 166, 148)
(196, 167, 151)
(203, 170, 156)
(194, 158, 142)
(179, 144, 128)
(159, 124, 110)
(150, 108, 94)
(148, 100, 89)
(139, 101, 93)
(135, 107, 96)
(138, 107, 95)
(137, 105, 93)
(145, 110, 97)
(148, 111, 99)
(151, 112, 100)
(151, 110, 98)
(166, 123, 113)
(173, 131, 117)
(180, 140, 124)
(187, 148, 133)
(195, 154, 141)
(200, 160, 149)
(199, 163, 148)
(198, 165, 146)
(195, 163, 148)
(197, 162, 148)
(201, 165, 150)
(206, 175, 159)
(213, 186, 171)
(216, 191, 177)
(220, 194, 183)
(217, 192, 180)
(213, 191, 178)
(215, 192, 176)
(214, 186, 171)
(215, 184, 171)
(208, 181, 168)
(209, 185, 171)
(209, 185, 167)
(210, 183, 168)
(213, 185, 172)
(216, 188, 174)
(213, 187, 171)
(217, 190, 173)
(220, 190, 175)
(223, 191, 179)
(219, 189, 176)
(211, 182, 166)
(211, 181, 164)
(216, 184, 169)
(212, 182, 166)
(217, 188, 173)
(221, 192, 178)
(220, 188, 176)
(225, 193, 181)
(224, 196, 181)
(223, 197, 180)
(221, 197, 180)
(221, 197, 183)
(217, 195, 180)
(206, 189, 175)
(192, 185, 179)
(223, 228, 232)
(232, 243, 253)
(234, 247, 254)
(238, 249, 254)
(239, 249, 254)
(238, 250, 254)
(237, 251, 254)
(238, 252, 255)
(239, 253, 255)
(239, 251, 254)
(240, 252, 255)
(240, 251, 255)
(239, 251, 255)
(236, 249, 254)
(236, 249, 254)
(239, 251, 255)
(237, 249, 255)
(233, 248, 254)
(235, 250, 255)
(233, 247, 254)
(235, 248, 255)
(210, 231, 236)
(208, 228, 234)
(210, 229, 235)
(212, 231, 236)
(213, 231, 235)
(215, 233, 237)
(215, 231, 236)
(216, 232, 237)
(217, 232, 237)
(218, 231, 237)
(218, 234, 240)
(215, 232, 239)
(217, 234, 241)
(217, 233, 240)
(222, 235, 243)
(221, 236, 242)
(220, 235, 240)
(220, 235, 240)
(224, 239, 244)
(222, 237, 243)
(222, 237, 243)
(222, 234, 240)
(226, 235, 238)
(206, 207, 204)
(146, 139, 132)
(135, 122, 114)
(131, 115, 107)
(131, 114, 107)
(126, 109, 97)
(117, 104, 92)
(118, 108, 98)
(137, 128, 120)
(183, 178, 172)
(219, 223, 218)
(210, 219, 215)
(213, 217, 218)
(145, 139, 138)
(128, 106, 102)
(126, 98, 86)
(139, 114, 95)
(153, 129, 109)
(164, 137, 118)
(177, 145, 127)
(188, 152, 136)
(195, 160, 143)
(200, 170, 152)
(202, 175, 157)
(205, 174, 159)
(199, 168, 150)
(184, 152, 137)
(167, 137, 124)
(148, 111, 97)
(139, 98, 88)
(120, 93, 85)
(137, 120, 111)
(125, 103, 91)
(127, 100, 88)
(138, 107, 93)
(136, 103, 88)
(141, 108, 93)
(157, 122, 108)
(171, 134, 122)
(177, 138, 124)
(181, 143, 126)
(186, 147, 131)
(192, 151, 138)
(198, 156, 144)
(200, 161, 147)
(196, 161, 143)
(193, 158, 145)
(197, 159, 146)
(200, 161, 147)
(203, 169, 154)
(210, 183, 167)
(214, 191, 176)
(216, 194, 181)
(216, 192, 180)
(211, 189, 174)
(214, 190, 173)
(219, 189, 173)
(218, 186, 172)
(213, 185, 172)
(210, 185, 171)
(214, 187, 170)
(212, 184, 170)
(212, 184, 171)
(212, 184, 170)
(215, 188, 171)
(216, 187, 171)
(221, 189, 175)
(224, 192, 178)
(221, 191, 176)
(218, 189, 172)
(224, 193, 177)
(226, 193, 178)
(228, 196, 181)
(226, 196, 181)
(221, 192, 178)
(222, 190, 178)
(223, 191, 177)
(219, 189, 173)
(213, 189, 171)
(215, 192, 177)
(215, 192, 177)
(203, 184, 169)
(193, 182, 170)
(204, 203, 200)
(234, 241, 248)
(235, 246, 254)
(236, 249, 255)
(238, 249, 254)
(240, 251, 255)
(239, 251, 255)
(240, 253, 255)
(237, 251, 254)
(240, 253, 255)
(239, 251, 253)
(239, 251, 255)
(239, 250, 254)
(237, 249, 254)
(237, 250, 255)
(236, 249, 255)
(235, 248, 254)
(235, 248, 254)
(237, 248, 255)
(238, 248, 255)
(236, 248, 255)
(233, 246, 253)
(208, 228, 232)
(209, 228, 232)
(210, 229, 233)
(214, 232, 237)
(214, 231, 236)
(215, 233, 238)
(212, 230, 235)
(217, 232, 238)
(218, 232, 238)
(218, 232, 239)
(218, 234, 241)
(214, 233, 239)
(217, 236, 242)
(217, 235, 241)
(222, 237, 244)
(221, 236, 242)
(219, 235, 239)
(220, 235, 240)
(222, 237, 242)
(221, 236, 242)
(221, 236, 243)
(222, 239, 246)
(221, 235, 239)
(226, 235, 236)
(223, 227, 227)
(203, 205, 202)
(185, 185, 182)
(178, 178, 174)
(179, 179, 172)
(191, 194, 186)
(206, 209, 204)
(214, 216, 213)
(222, 228, 227)
(210, 222, 222)
(207, 222, 221)
(204, 211, 212)
(127, 119, 115)
(121, 101, 92)
(129, 105, 92)
(144, 120, 103)
(155, 131, 112)
(167, 140, 121)
(178, 146, 129)
(189, 151, 136)
(196, 160, 144)
(199, 167, 150)
(201, 173, 154)
(206, 176, 157)
(201, 172, 153)
(191, 161, 146)
(166, 138, 125)
(148, 120, 105)
(132, 104, 95)
(138, 123, 118)
(166, 155, 151)
(129, 110, 101)
(98, 73, 61)
(112, 81, 68)
(126, 94, 77)
(136, 104, 86)
(153, 122, 105)
(168, 136, 122)
(176, 139, 124)
(180, 143, 125)
(181, 144, 126)
(185, 145, 129)
(192, 149, 137)
(196, 154, 141)
(192, 154, 138)
(195, 156, 144)
(196, 155, 144)
(200, 159, 147)
(203, 168, 153)
(207, 180, 164)
(211, 188, 173)
(213, 191, 177)
(213, 189, 176)
(210, 188, 173)
(215, 188, 172)
(218, 188, 172)
(220, 188, 173)
(215, 187, 174)
(212, 186, 172)
(211, 184, 167)
(210, 181, 168)
(214, 185, 173)
(215, 187, 173)
(215, 187, 171)
(218, 187, 172)
(221, 188, 175)
(222, 190, 175)
(222, 191, 175)
(222, 192, 174)
(227, 195, 177)
(228, 194, 179)
(230, 198, 183)
(228, 199, 183)
(222, 194, 180)
(219, 189, 176)
(216, 186, 172)
(215, 188, 171)
(211, 186, 169)
(209, 184, 169)
(207, 186, 171)
(198, 185, 171)
(190, 186, 178)
(220, 226, 225)
(234, 244, 250)
(236, 247, 254)
(236, 249, 255)
(236, 249, 253)
(239, 251, 255)
(237, 249, 253)
(239, 253, 255)
(238, 252, 255)
(240, 252, 255)
(240, 251, 253)
(239, 250, 253)
(239, 250, 254)
(236, 249, 253)
(237, 250, 255)
(236, 249, 255)
(235, 248, 254)
(235, 247, 254)
(237, 247, 255)
(236, 246, 255)
(236, 247, 255)
(234, 247, 255)
(210, 229, 233)
(211, 230, 234)
(212, 230, 234)
(214, 232, 236)
(214, 231, 238)
(216, 233, 240)
(213, 230, 237)
(216, 230, 238)
(219, 232, 240)
(218, 231, 239)
(218, 234, 241)
(215, 233, 239)
(216, 235, 241)
(215, 234, 240)
(221, 236, 243)
(221, 236, 242)
(222, 237, 242)
(222, 237, 242)
(222, 237, 242)
(223, 238, 244)
(221, 236, 243)
(221, 238, 246)
(225, 239, 246)
(223, 235, 241)
(220, 231, 236)
(228, 239, 242)
(221, 232, 236)
(225, 236, 238)
(223, 233, 232)
(218, 230, 229)
(217, 229, 229)
(218, 230, 232)
(214, 227, 231)
(207, 223, 227)
(207, 225, 228)
(182, 190, 190)
(120, 109, 102)
(124, 105, 91)
(131, 110, 96)
(151, 127, 113)
(163, 135, 119)
(172, 145, 127)
(183, 152, 136)
(193, 154, 140)
(198, 160, 144)
(201, 167, 151)
(201, 171, 152)
(206, 176, 155)
(200, 172, 151)
(196, 167, 151)
(172, 147, 133)
(149, 128, 114)
(135, 121, 113)
(168, 165, 163)
(175, 170, 170)
(109, 90, 84)
(83, 55, 46)
(92, 57, 45)
(111, 74, 57)
(127, 92, 73)
(145, 113, 96)
(161, 130, 115)
(173, 136, 122)
(177, 140, 123)
(179, 141, 121)
(181, 141, 123)
(189, 145, 132)
(191, 149, 135)
(188, 148, 134)
(190, 150, 140)
(194, 152, 141)
(198, 157, 146)
(198, 162, 148)
(201, 172, 157)
(208, 183, 169)
(212, 189, 174)
(208, 184, 170)
(206, 181, 166)
(213, 185, 169)
(219, 187, 172)
(218, 185, 171)
(214, 185, 170)
(216, 189, 175)
(213, 185, 169)
(210, 181, 168)
(214, 185, 172)
(214, 185, 171)
(216, 187, 171)
(218, 186, 171)
(220, 187, 173)
(221, 189, 174)
(222, 192, 175)
(223, 193, 175)
(226, 193, 176)
(227, 192, 177)
(230, 197, 182)
(230, 200, 186)
(225, 197, 184)
(218, 191, 179)
(212, 184, 171)
(209, 183, 166)
(208, 182, 166)
(202, 176, 161)
(196, 175, 161)
(187, 177, 167)
(195, 199, 195)
(231, 243, 245)
(235, 246, 250)
(239, 250, 255)
(237, 251, 255)
(236, 250, 254)
(239, 253, 255)
(236, 250, 253)
(239, 253, 255)
(236, 250, 253)
(241, 253, 255)
(239, 250, 253)
(238, 249, 253)
(239, 250, 254)
(237, 249, 254)
(236, 249, 255)
(235, 248, 254)
(235, 248, 254)
(234, 247, 254)
(235, 248, 255)
(235, 247, 255)
(235, 246, 255)
(235, 247, 255)
(215, 231, 236)
(212, 230, 234)
(214, 232, 236)
(214, 232, 236)
(215, 232, 239)
(215, 232, 239)
(213, 230, 237)
(215, 231, 238)
(216, 232, 239)
(217, 230, 238)
(220, 236, 243)
(215, 232, 239)
(219, 235, 242)
(220, 236, 243)
(223, 238, 245)
(221, 236, 242)
(223, 238, 244)
(220, 235, 240)
(222, 237, 243)
(222, 237, 243)
(222, 237, 243)
(223, 237, 244)
(226, 239, 247)
(228, 238, 248)
(226, 236, 247)
(224, 235, 246)
(222, 234, 244)
(221, 234, 241)
(221, 233, 238)
(220, 232, 238)
(216, 230, 236)
(213, 228, 234)
(213, 228, 234)
(206, 221, 226)
(207, 222, 225)
(147, 153, 150)
(124, 108, 97)
(132, 111, 93)
(140, 120, 103)
(156, 131, 118)
(172, 142, 127)
(178, 149, 132)
(186, 154, 139)
(196, 158, 145)
(198, 159, 144)
(201, 166, 148)
(200, 170, 150)
(204, 175, 153)
(201, 172, 150)
(196, 164, 149)
(179, 154, 140)
(153, 140, 127)
(166, 163, 156)
(169, 175, 176)
(171, 167, 170)
(101, 76, 74)
(80, 45, 40)
(89, 48, 37)
(106, 62, 46)
(115, 74, 56)
(133, 96, 80)
(153, 118, 104)
(168, 129, 116)
(171, 132, 115)
(175, 136, 115)
(176, 135, 115)
(184, 141, 126)
(184, 142, 129)
(183, 145, 132)
(184, 146, 136)
(183, 143, 133)
(190, 149, 138)
(193, 157, 143)
(198, 166, 152)
(206, 177, 163)
(211, 183, 170)
(205, 179, 163)
(208, 181, 165)
(212, 182, 166)
(217, 185, 169)
(214, 182, 167)
(216, 185, 171)
(216, 186, 171)
(211, 183, 167)
(208, 179, 165)
(210, 181, 167)
(214, 185, 169)
(218, 191, 174)
(213, 183, 167)
(218, 187, 173)
(219, 189, 173)
(219, 190, 173)
(220, 190, 173)
(224, 191, 175)
(225, 190, 177)
(225, 192, 180)
(226, 195, 183)
(226, 198, 185)
(224, 197, 186)
(214, 189, 176)
(212, 186, 171)
(207, 181, 166)
(198, 173, 159)
(182, 165, 152)
(181, 176, 170)
(217, 226, 228)
(234, 248, 255)
(237, 248, 252)
(240, 250, 252)
(238, 252, 255)
(234, 249, 253)
(237, 252, 255)
(237, 252, 255)
(240, 255, 255)
(237, 251, 254)
(239, 251, 255)
(239, 250, 254)
(239, 250, 254)
(239, 250, 255)
(238, 250, 255)
(236, 249, 255)
(235, 248, 254)
(235, 248, 255)
(235, 248, 255)
(232, 249, 255)
(232, 248, 255)
(232, 246, 254)
(235, 246, 255)
(216, 231, 236)
(215, 231, 236)
(214, 230, 235)
(215, 233, 237)
(214, 231, 238)
(216, 233, 240)
(214, 231, 238)
(213, 234, 239)
(213, 232, 238)
(215, 231, 238)
(218, 234, 240)
(217, 233, 239)
(221, 234, 241)
(222, 233, 241)
(224, 238, 244)
(218, 233, 239)
(221, 236, 241)
(220, 235, 240)
(222, 237, 242)
(223, 238, 244)
(222, 237, 243)
(222, 237, 240)
(224, 237, 243)
(225, 237, 245)
(225, 236, 247)
(226, 237, 248)
(223, 234, 243)
(221, 234, 241)
(220, 232, 237)
(219, 231, 237)
(214, 227, 234)
(207, 223, 229)
(206, 222, 226)
(202, 218, 219)
(191, 203, 202)
(119, 117, 111)
(132, 111, 98)
(139, 113, 95)
(149, 126, 110)
(164, 136, 123)
(176, 144, 129)
(182, 149, 132)
(191, 156, 142)
(197, 158, 143)
(197, 158, 143)
(197, 162, 144)
(201, 172, 150)
(206, 177, 155)
(203, 170, 149)
(199, 165, 149)
(180, 157, 145)
(164, 156, 145)
(170, 172, 169)
(167, 174, 176)
(163, 156, 159)
(82, 54, 51)
(84, 47, 41)
(96, 52, 43)
(123, 77, 62)
(134, 91, 75)
(135, 95, 80)
(143, 105, 93)
(156, 115, 103)
(162, 120, 104)
(164, 123, 103)
(168, 126, 108)
(174, 132, 117)
(176, 138, 125)
(172, 137, 123)
(174, 138, 127)
(175, 137, 125)
(182, 142, 130)
(189, 151, 138)
(191, 156, 142)
(197, 162, 149)
(201, 167, 155)
(201, 172, 156)
(205, 174, 158)
(209, 175, 159)
(212, 178, 161)
(214, 180, 164)
(212, 177, 163)
(211, 178, 164)
(204, 175, 159)
(204, 172, 159)
(206, 175, 161)
(209, 180, 164)
(209, 182, 165)
(215, 186, 171)
(216, 187, 173)
(216, 187, 172)
(218, 191, 174)
(219, 190, 174)
(219, 189, 173)
(223, 189, 177)
(221, 190, 178)
(221, 191, 178)
(225, 196, 183)
(223, 198, 185)
(221, 198, 183)
(216, 191, 176)
(215, 190, 176)
(205, 184, 170)
(192, 180, 171)
(203, 203, 201)
(232, 243, 250)
(234, 248, 255)
(239, 250, 253)
(241, 249, 252)
(239, 251, 255)
(236, 251, 254)
(237, 252, 255)
(237, 252, 255)
(237, 252, 255)
(237, 251, 254)
(240, 253, 255)
(238, 249, 253)
(238, 249, 253)
(238, 250, 255)
(235, 248, 254)
(237, 250, 255)
(236, 249, 255)
(237, 250, 255)
(236, 249, 255)
(231, 247, 254)
(232, 247, 254)
(234, 247, 255)
(236, 247, 255)
(210, 225, 231)
(215, 231, 236)
(214, 230, 235)
(217, 234, 239)
(214, 231, 237)
(216, 232, 238)
(215, 231, 237)
(211, 233, 238)
(214, 233, 239)
(216, 232, 239)
(217, 233, 238)
(217, 233, 238)
(222, 235, 241)
(224, 234, 241)
(222, 236, 243)
(219, 234, 239)
(222, 236, 242)
(223, 238, 242)
(223, 238, 243)
(223, 238, 243)
(223, 238, 244)
(221, 239, 242)
(222, 239, 242)
(223, 238, 245)
(223, 236, 244)
(223, 237, 244)
(220, 233, 239)
(219, 233, 238)
(217, 231, 232)
(215, 228, 232)
(211, 226, 231)
(204, 224, 225)
(200, 219, 219)
(198, 214, 211)
(152, 159, 155)
(114, 105, 96)
(133, 110, 97)
(145, 117, 102)
(153, 126, 110)
(166, 137, 122)
(177, 145, 130)
(182, 150, 133)
(189, 155, 139)
(193, 154, 139)
(196, 158, 141)
(197, 165, 146)
(205, 177, 155)
(206, 177, 155)
(203, 169, 149)
(194, 160, 146)
(173, 154, 144)
(171, 168, 160)
(174, 178, 179)
(172, 178, 183)
(150, 140, 140)
(83, 55, 49)
(96, 62, 53)
(120, 80, 69)
(137, 96, 82)
(150, 112, 96)
(155, 120, 105)
(142, 108, 95)
(148, 106, 95)
(149, 108, 92)
(156, 116, 97)
(159, 118, 101)
(166, 125, 111)
(167, 130, 116)
(167, 134, 119)
(167, 132, 119)
(168, 130, 116)
(172, 133, 119)
(182, 144, 130)
(187, 151, 137)
(189, 154, 141)
(195, 158, 147)
(198, 166, 149)
(203, 168, 152)
(207, 169, 154)
(210, 174, 158)
(209, 174, 158)
(209, 173, 159)
(206, 170, 156)
(200, 169, 154)
(200, 166, 152)
(204, 171, 156)
(200, 170, 154)
(204, 177, 159)
(211, 182, 168)
(215, 186, 173)
(213, 185, 171)
(215, 189, 172)
(215, 186, 170)
(217, 185, 169)
(219, 186, 173)
(219, 188, 175)
(218, 188, 174)
(222, 194, 178)
(221, 198, 183)
(220, 198, 183)
(220, 195, 180)
(216, 193, 179)
(209, 192, 178)
(195, 190, 183)
(220, 225, 225)
(235, 247, 253)
(236, 250, 255)
(239, 250, 253)
(240, 251, 252)
(240, 251, 255)
(236, 251, 253)
(237, 253, 255)
(237, 252, 255)
(237, 252, 255)
(238, 252, 255)
(239, 251, 255)
(239, 249, 253)
(237, 248, 252)
(237, 250, 255)
(235, 248, 254)
(237, 251, 255)
(234, 248, 254)
(233, 248, 255)
(233, 247, 255)
(236, 247, 255)
(235, 246, 254)
(235, 246, 255)
(234, 245, 254)
(209, 226, 232)
(214, 230, 236)
(215, 231, 237)
(216, 232, 238)
(215, 231, 236)
(216, 232, 237)
(215, 231, 236)
(213, 234, 237)
(215, 234, 237)
(217, 233, 238)
(217, 233, 238)
(217, 234, 239)
(220, 235, 240)
(222, 234, 240)
(223, 237, 242)
(221, 236, 241)
(221, 236, 240)
(222, 237, 240)
(224, 239, 243)
(223, 238, 243)
(222, 237, 242)
(220, 238, 243)
(221, 238, 244)
(223, 239, 245)
(220, 236, 242)
(219, 235, 240)
(217, 232, 236)
(217, 232, 235)
(214, 230, 229)
(211, 226, 228)
(207, 224, 226)
(198, 217, 218)
(198, 216, 215)
(191, 203, 200)
(111, 112, 107)
(121, 105, 94)
(137, 114, 102)
(148, 119, 105)
(159, 127, 113)
(171, 141, 125)
(178, 148, 132)
(184, 151, 135)
(187, 152, 134)
(190, 153, 136)
(191, 156, 138)
(195, 165, 145)
(204, 176, 155)
(205, 173, 153)
(202, 166, 149)
(186, 155, 143)
(164, 152, 144)
(174, 176, 173)
(174, 179, 185)
(168, 172, 179)
(124, 111, 109)
(96, 70, 60)
(119, 89, 77)
(139, 105, 92)
(151, 115, 100)
(166, 131, 116)
(175, 143, 128)
(169, 137, 125)
(159, 120, 107)
(140, 101, 86)
(141, 102, 85)
(147, 107, 92)
(155, 114, 102)
(162, 125, 113)
(162, 128, 114)
(160, 124, 110)
(157, 119, 106)
(164, 125, 111)
(175, 136, 122)
(182, 146, 132)
(185, 149, 136)
(190, 152, 142)
(192, 158, 142)
(199, 160, 145)
(203, 162, 148)
(207, 168, 153)
(204, 167, 151)
(207, 168, 154)
(205, 165, 152)
(197, 161, 148)
(192, 155, 142)
(193, 157, 144)
(196, 163, 147)
(200, 171, 153)
(206, 177, 162)
(210, 180, 168)
(211, 184, 168)
(211, 184, 167)
(211, 180, 163)
(211, 178, 162)
(213, 180, 164)
(214, 183, 168)
(217, 187, 171)
(220, 192, 175)
(219, 196, 179)
(221, 198, 183)
(218, 193, 179)
(214, 192, 178)
(207, 194, 181)
(197, 199, 192)
(233, 241, 243)
(236, 247, 253)
(236, 249, 255)
(238, 250, 254)
(238, 251, 252)
(241, 252, 255)
(237, 251, 253)
(240, 254, 255)
(239, 253, 255)
(238, 252, 255)
(237, 251, 253)
(239, 251, 254)
(239, 250, 254)
(236, 249, 253)
(235, 248, 254)
(236, 249, 255)
(233, 248, 253)
(233, 248, 254)
(233, 248, 255)
(233, 248, 255)
(237, 247, 255)
(235, 246, 255)
(234, 244, 253)
(234, 245, 254)
(214, 231, 238)
(215, 232, 239)
(214, 231, 238)
(216, 231, 237)
(215, 230, 235)
(217, 232, 237)
(216, 231, 236)
(218, 236, 240)
(216, 232, 237)
(219, 234, 239)
(220, 236, 241)
(217, 235, 239)
(219, 236, 239)
(220, 235, 239)
(221, 236, 240)
(219, 234, 239)
(222, 237, 240)
(222, 237, 240)
(224, 238, 241)
(225, 239, 243)
(224, 237, 243)
(221, 236, 246)
(221, 236, 246)
(221, 237, 245)
(217, 233, 238)
(218, 234, 238)
(215, 230, 233)
(213, 229, 229)
(211, 227, 226)
(209, 223, 226)
(203, 218, 221)
(196, 214, 216)
(197, 212, 211)
(158, 165, 162)
(106, 101, 95)
(125, 106, 92)
(141, 121, 109)
(154, 124, 114)
(163, 128, 115)
(171, 143, 125)
(179, 152, 134)
(183, 152, 134)
(187, 150, 131)
(188, 151, 133)
(187, 154, 135)
(189, 162, 141)
(198, 170, 149)
(202, 170, 151)
(200, 165, 149)
(183, 156, 146)
(169, 165, 159)
(169, 178, 178)
(171, 178, 187)
(162, 165, 173)
(109, 95, 91)
(115, 89, 76)
(145, 116, 102)
(169, 137, 124)
(170, 136, 123)
(181, 149, 135)
(189, 156, 144)
(198, 163, 152)
(194, 159, 145)
(176, 142, 125)
(134, 98, 82)
(138, 99, 86)
(144, 103, 94)
(151, 113, 102)
(152, 116, 102)
(151, 113, 99)
(152, 111, 97)
(157, 117, 102)
(167, 129, 114)
(173, 138, 124)
(176, 141, 128)
(180, 145, 133)
(185, 149, 132)
(191, 151, 135)
(194, 151, 137)
(192, 152, 137)
(192, 154, 139)
(196, 156, 142)
(196, 154, 141)
(192, 153, 140)
(185, 144, 132)
(183, 144, 131)
(184, 148, 133)
(186, 154, 137)
(195, 163, 150)
(197, 166, 154)
(202, 173, 157)
(204, 175, 158)
(204, 173, 154)
(208, 174, 156)
(206, 172, 154)
(206, 173, 156)
(212, 181, 163)
(215, 187, 170)
(217, 193, 176)
(218, 194, 179)
(216, 191, 177)
(211, 192, 177)
(205, 196, 183)
(211, 217, 213)
(236, 249, 251)
(238, 250, 255)
(239, 251, 255)
(238, 254, 255)
(237, 253, 253)
(241, 253, 255)
(238, 251, 253)
(238, 252, 253)
(237, 251, 253)
(238, 252, 255)
(237, 251, 254)
(238, 251, 255)
(238, 250, 254)
(237, 249, 254)
(236, 249, 255)
(234, 249, 254)
(234, 249, 254)
(231, 247, 253)
(230, 246, 253)
(232, 247, 254)
(232, 247, 254)
(232, 246, 254)
(232, 245, 253)
(234, 245, 255)
(210, 233, 238)
(210, 232, 237)
(212, 231, 235)
(215, 233, 237)
(214, 231, 234)
(217, 232, 236)
(216, 231, 235)
(217, 234, 238)
(216, 233, 237)
(215, 231, 236)
(220, 235, 240)
(218, 234, 239)
(220, 237, 240)
(220, 237, 240)
(222, 237, 242)
(220, 235, 241)
(220, 235, 241)
(222, 237, 242)
(222, 236, 240)
(226, 238, 244)
(223, 235, 240)
(221, 236, 241)
(220, 235, 240)
(220, 234, 238)
(218, 231, 237)
(218, 231, 237)
(212, 227, 232)
(210, 226, 231)
(205, 222, 226)
(202, 218, 222)
(198, 212, 213)
(196, 211, 213)
(191, 203, 206)
(120, 118, 111)
(120, 102, 87)
(134, 110, 96)
(143, 121, 107)
(148, 122, 108)
(157, 126, 112)
(170, 139, 125)
(182, 156, 141)
(182, 155, 138)
(181, 150, 132)
(183, 150, 134)
(187, 155, 133)
(191, 157, 138)
(195, 160, 146)
(196, 164, 147)
(185, 157, 139)
(168, 156, 145)
(172, 177, 172)
(169, 178, 181)
(171, 180, 185)
(161, 163, 167)
(100, 74, 71)
(126, 94, 81)
(156, 124, 109)
(181, 146, 131)
(190, 155, 140)
(198, 163, 149)
(203, 168, 156)
(206, 172, 161)
(203, 169, 156)
(195, 160, 145)
(171, 139, 125)
(154, 120, 109)
(141, 96, 89)
(142, 97, 91)
(138, 104, 95)
(140, 104, 96)
(141, 104, 95)
(149, 105, 97)
(148, 107, 94)
(157, 124, 108)
(164, 124, 113)
(171, 129, 120)
(175, 133, 118)
(179, 133, 118)
(179, 130, 114)
(179, 134, 115)
(176, 135, 115)
(179, 138, 119)
(180, 138, 122)
(177, 136, 125)
(169, 130, 115)
(169, 130, 114)
(169, 133, 116)
(172, 143, 124)
(182, 151, 131)
(184, 151, 132)
(184, 154, 136)
(186, 155, 138)
(186, 150, 134)
(188, 149, 132)
(191, 151, 133)
(191, 154, 137)
(199, 167, 148)
(208, 175, 157)
(215, 182, 168)
(208, 180, 166)
(209, 187, 171)
(206, 188, 175)
(205, 199, 190)
(223, 232, 231)
(237, 251, 254)
(237, 250, 254)
(237, 251, 254)
(237, 251, 254)
(237, 251, 254)
(239, 253, 255)
(240, 254, 255)
(237, 251, 254)
(236, 251, 254)
(238, 253, 255)
(236, 251, 254)
(238, 253, 255)
(237, 250, 255)
(237, 250, 255)
(238, 250, 255)
(238, 248, 255)
(236, 248, 254)
(232, 247, 253)
(233, 248, 255)
(232, 247, 254)
(234, 247, 255)
(233, 246, 254)
(232, 243, 252)
(237, 245, 255)
(206, 231, 235)
(207, 231, 235)
(210, 232, 235)
(212, 232, 235)
(214, 232, 235)
(216, 233, 236)
(215, 232, 235)
(216, 234, 239)
(216, 233, 238)
(216, 232, 237)
(220, 235, 240)
(220, 235, 240)
(220, 237, 241)
(218, 235, 239)
(222, 237, 242)
(221, 236, 242)
(222, 237, 244)
(222, 237, 242)
(223, 237, 242)
(222, 235, 241)
(223, 235, 240)
(220, 235, 238)
(218, 233, 236)
(218, 232, 235)
(216, 229, 234)
(216, 229, 235)
(211, 225, 231)
(208, 224, 230)
(204, 221, 227)
(199, 215, 219)
(197, 210, 212)
(194, 207, 209)
(169, 177, 179)
(116, 108, 100)
(132, 109, 92)
(141, 115, 101)
(144, 121, 105)
(148, 122, 107)
(156, 125, 111)
(169, 138, 124)
(183, 155, 141)
(185, 157, 140)
(182, 152, 134)
(183, 152, 135)
(184, 151, 131)
(189, 153, 135)
(192, 156, 143)
(189, 158, 142)
(179, 156, 139)
(168, 161, 153)
(172, 180, 179)
(171, 181, 184)
(164, 173, 175)
(143, 142, 142)
(107, 77, 72)
(128, 93, 80)
(159, 126, 111)
(180, 145, 129)
(195, 159, 144)
(204, 168, 154)
(207, 172, 158)
(204, 172, 159)
(201, 168, 153)
(202, 168, 153)
(185, 154, 140)
(167, 136, 124)
(148, 108, 102)
(133, 94, 90)
(128, 103, 97)
(141, 113, 106)
(123, 92, 84)
(119, 74, 67)
(127, 83, 71)
(131, 95, 78)
(143, 101, 89)
(153, 110, 101)
(158, 115, 101)
(159, 110, 97)
(161, 108, 94)
(164, 115, 97)
(164, 119, 100)
(167, 122, 104)
(170, 125, 108)
(165, 123, 109)
(157, 118, 101)
(160, 118, 103)
(161, 122, 107)
(159, 127, 109)
(164, 131, 112)
(170, 133, 113)
(162, 127, 110)
(164, 127, 111)
(157, 117, 102)
(165, 121, 104)
(167, 123, 106)
(169, 127, 111)
(175, 139, 121)
(185, 150, 134)
(195, 159, 146)
(197, 169, 155)
(195, 174, 158)
(205, 189, 177)
(200, 196, 190)
(230, 240, 240)
(238, 252, 255)
(237, 251, 254)
(238, 252, 255)
(238, 252, 255)
(237, 251, 254)
(239, 253, 255)
(236, 250, 253)
(239, 253, 255)
(236, 251, 254)
(236, 251, 254)
(236, 251, 254)
(237, 251, 255)
(235, 248, 254)
(236, 249, 254)
(238, 249, 254)
(238, 247, 254)
(236, 247, 254)
(232, 246, 253)
(232, 248, 255)
(231, 247, 254)
(232, 246, 254)
(234, 246, 254)
(234, 244, 253)
(236, 245, 254)
(206, 231, 235)
(207, 232, 236)
(210, 233, 236)
(211, 232, 235)
(213, 232, 236)
(214, 233, 236)
(214, 235, 238)
(216, 234, 239)
(215, 232, 239)
(217, 233, 239)
(220, 235, 240)
(219, 234, 239)
(220, 237, 241)
(217, 235, 239)
(220, 236, 241)
(221, 236, 241)
(220, 236, 243)
(221, 237, 243)
(222, 237, 243)
(219, 234, 239)
(219, 233, 238)
(218, 233, 236)
(216, 231, 234)
(218, 232, 235)
(214, 227, 233)
(213, 227, 232)
(208, 223, 228)
(206, 222, 228)
(199, 216, 222)
(195, 211, 215)
(191, 205, 207)
(189, 199, 201)
(138, 138, 136)
(119, 106, 96)
(134, 109, 95)
(141, 114, 99)
(148, 122, 107)
(152, 126, 111)
(158, 128, 112)
(172, 139, 124)
(185, 155, 138)
(186, 157, 139)
(183, 152, 135)
(185, 153, 133)
(182, 148, 129)
(184, 149, 132)
(188, 156, 139)
(184, 156, 140)
(172, 153, 141)
(172, 169, 166)
(169, 177, 180)
(168, 179, 182)
(168, 175, 175)
(125, 119, 116)
(112, 81, 71)
(136, 101, 87)
(158, 123, 109)
(181, 146, 130)
(196, 160, 144)
(206, 170, 155)
(215, 180, 165)
(212, 180, 165)
(197, 164, 148)
(200, 168, 151)
(189, 159, 143)
(166, 138, 124)
(150, 117, 111)
(122, 95, 92)
(143, 129, 125)
(164, 148, 142)
(105, 79, 71)
(100, 56, 48)
(116, 70, 57)
(122, 83, 66)
(131, 89, 76)
(144, 102, 91)
(144, 104, 90)
(152, 107, 94)
(147, 98, 85)
(146, 95, 82)
(143, 94, 79)
(151, 103, 87)
(152, 104, 89)
(152, 109, 92)
(146, 108, 89)
(147, 108, 93)
(151, 113, 101)
(148, 115, 102)
(143, 106, 91)
(146, 102, 86)
(131, 91, 74)
(129, 87, 72)
(127, 82, 68)
(139, 92, 76)
(146, 99, 83)
(153, 109, 93)
(148, 110, 94)
(164, 128, 114)
(176, 140, 127)
(178, 150, 135)
(181, 160, 144)
(191, 177, 166)
(205, 206, 201)
(234, 246, 247)
(237, 251, 254)
(237, 251, 254)
(239, 253, 255)
(238, 252, 255)
(237, 251, 254)
(238, 252, 255)
(237, 250, 254)
(238, 252, 255)
(235, 250, 253)
(236, 251, 254)
(236, 251, 254)
(236, 250, 254)
(235, 248, 254)
(234, 247, 253)
(236, 248, 254)
(237, 247, 254)
(235, 248, 254)
(232, 247, 253)
(232, 248, 255)
(231, 247, 254)
(233, 247, 255)
(233, 246, 254)
(233, 244, 253)
(234, 245, 254)
(208, 233, 237)
(210, 233, 238)
(211, 232, 237)
(211, 232, 235)
(212, 231, 235)
(213, 233, 236)
(213, 234, 237)
(215, 233, 238)
(215, 232, 239)
(217, 233, 240)
(218, 233, 240)
(218, 233, 239)
(219, 235, 240)
(217, 235, 239)
(222, 238, 243)
(217, 235, 239)
(220, 237, 243)
(218, 235, 242)
(221, 239, 243)
(220, 236, 241)
(217, 233, 238)
(216, 233, 236)
(214, 230, 233)
(214, 230, 235)
(209, 225, 230)
(208, 224, 229)
(204, 221, 225)
(202, 220, 224)
(191, 207, 213)
(192, 207, 210)
(184, 199, 202)
(179, 186, 186)
(116, 106, 100)
(129, 106, 95)
(137, 109, 98)
(140, 111, 98)
(148, 121, 106)
(153, 126, 111)
(159, 128, 113)
(172, 139, 123)
(183, 150, 133)
(188, 155, 137)
(184, 152, 134)
(182, 148, 128)
(183, 147, 129)
(183, 148, 132)
(183, 155, 135)
(176, 153, 138)
(166, 157, 149)
(175, 178, 179)
(168, 177, 183)
(166, 179, 181)
(167, 170, 168)
(102, 87, 81)
(112, 81, 65)
(138, 103, 88)
(167, 131, 117)
(183, 147, 133)
(196, 159, 143)
(208, 172, 156)
(217, 183, 166)
(223, 192, 173)
(224, 193, 176)
(208, 175, 159)
(191, 161, 144)
(168, 142, 127)
(140, 117, 109)
(138, 126, 123)
(169, 168, 166)
(168, 165, 161)
(97, 79, 72)
(94, 54, 46)
(116, 72, 57)
(137, 96, 78)
(150, 108, 94)
(160, 123, 110)
(172, 141, 124)
(186, 150, 136)
(188, 146, 135)
(170, 125, 114)
(151, 106, 94)
(133, 88, 74)
(130, 85, 70)
(134, 93, 74)
(133, 104, 85)
(135, 111, 98)
(144, 122, 114)
(141, 117, 108)
(123, 83, 72)
(116, 67, 53)
(110, 68, 50)
(119, 77, 61)
(137, 94, 79)
(160, 116, 99)
(172, 130, 113)
(179, 140, 124)
(184, 149, 134)
(177, 142, 130)
(186, 152, 140)
(195, 168, 154)
(186, 168, 151)
(186, 178, 167)
(226, 231, 229)
(236, 249, 252)
(238, 252, 255)
(238, 252, 255)
(238, 252, 255)
(237, 251, 254)
(238, 252, 255)
(238, 252, 255)
(238, 250, 254)
(238, 251, 254)
(237, 251, 254)
(234, 249, 252)
(235, 250, 254)
(237, 250, 255)
(237, 249, 255)
(233, 248, 253)
(235, 247, 253)
(235, 246, 254)
(234, 247, 254)
(232, 248, 255)
(231, 247, 254)
(233, 247, 255)
(232, 246, 255)
(232, 245, 254)
(230, 243, 252)
(231, 244, 253)
(211, 231, 238)
(212, 232, 238)
(213, 231, 237)
(216, 234, 239)
(212, 231, 235)
(214, 233, 238)
(213, 234, 239)
(216, 234, 240)
(216, 233, 240)
(218, 234, 241)
(218, 233, 240)
(219, 234, 241)
(218, 234, 241)
(217, 234, 241)
(221, 237, 242)
(218, 236, 240)
(221, 239, 243)
(219, 236, 243)
(221, 239, 243)
(215, 233, 237)
(214, 232, 236)
(214, 232, 234)
(213, 231, 234)
(210, 228, 232)
(205, 223, 227)
(203, 221, 225)
(198, 216, 220)
(194, 212, 216)
(191, 209, 212)
(184, 201, 203)
(181, 197, 200)
(142, 145, 143)
(125, 106, 94)
(144, 115, 101)
(150, 121, 112)
(141, 112, 100)
(144, 117, 105)
(149, 122, 110)
(156, 128, 115)
(166, 135, 120)
(175, 142, 125)
(183, 147, 130)
(178, 142, 125)
(182, 145, 125)
(182, 145, 128)
(180, 146, 130)
(175, 150, 130)
(168, 152, 138)
(168, 168, 165)
(168, 176, 178)
(169, 180, 184)
(164, 176, 178)
(153, 149, 147)
(105, 80, 73)
(119, 86, 69)
(151, 116, 101)
(171, 135, 121)
(189, 151, 137)
(199, 162, 146)
(211, 174, 156)
(219, 185, 166)
(222, 191, 169)
(224, 192, 177)
(222, 189, 174)
(213, 182, 165)
(191, 165, 150)
(158, 142, 132)
(167, 163, 160)
(170, 177, 176)
(169, 171, 171)
(93, 75, 71)
(100, 67, 58)
(137, 102, 84)
(163, 126, 107)
(173, 135, 120)
(174, 141, 126)
(182, 152, 136)
(195, 161, 147)
(201, 162, 152)
(199, 156, 147)
(190, 147, 137)
(163, 123, 109)
(127, 89, 72)
(119, 87, 72)
(131, 119, 103)
(164, 166, 155)
(179, 181, 176)
(164, 154, 147)
(117, 82, 73)
(125, 76, 63)
(143, 106, 87)
(173, 137, 121)
(185, 149, 134)
(200, 164, 148)
(214, 181, 164)
(221, 193, 175)
(221, 195, 179)
(224, 196, 183)
(226, 200, 186)
(219, 197, 181)
(214, 199, 182)
(207, 203, 194)
(232, 240, 241)
(236, 250, 254)
(239, 253, 255)
(237, 251, 254)
(238, 252, 255)
(240, 254, 255)
(238, 252, 255)
(238, 252, 255)
(237, 249, 253)
(239, 251, 255)
(236, 250, 253)
(237, 252, 255)
(234, 249, 254)
(237, 250, 255)
(236, 248, 254)
(232, 246, 253)
(234, 247, 255)
(236, 248, 255)
(235, 248, 255)
(232, 248, 255)
(230, 246, 253)
(232, 245, 253)
(233, 245, 255)
(235, 246, 255)
(232, 243, 253)
(230, 242, 252)
(214, 230, 237)
(215, 232, 239)
(215, 231, 238)
(217, 232, 239)
(214, 231, 236)
(217, 235, 240)
(214, 233, 239)
(216, 233, 242)
(216, 233, 240)
(216, 232, 239)
(221, 235, 242)
(219, 234, 241)
(220, 236, 243)
(218, 235, 242)
(219, 236, 240)
(217, 235, 239)
(220, 238, 242)
(218, 235, 241)
(218, 237, 242)
(216, 234, 238)
(215, 233, 236)
(214, 232, 234)
(210, 228, 230)
(209, 227, 231)
(203, 221, 225)
(200, 219, 223)
(193, 212, 216)
(190, 209, 213)
(184, 203, 206)
(182, 199, 201)
(177, 189, 190)
(122, 121, 116)
(132, 110, 95)
(155, 125, 109)
(164, 136, 124)
(155, 127, 115)
(151, 124, 113)
(151, 125, 114)
(151, 125, 112)
(158, 130, 115)
(170, 137, 120)
(174, 137, 121)
(176, 137, 121)
(178, 140, 120)
(182, 145, 128)
(178, 146, 131)
(171, 150, 132)
(164, 153, 144)
(169, 175, 173)
(168, 180, 180)
(166, 179, 180)
(168, 177, 178)
(136, 125, 123)
(110, 79, 72)
(124, 89, 73)
(154, 119, 104)
(175, 137, 124)
(191, 153, 138)
(205, 167, 152)
(213, 176, 158)
(219, 185, 165)
(221, 190, 168)
(222, 190, 176)
(223, 189, 176)
(218, 186, 171)
(206, 177, 163)
(168, 153, 142)
(173, 173, 169)
(171, 176, 177)
(170, 167, 172)
(100, 79, 78)
(121, 93, 81)
(151, 124, 104)
(172, 141, 123)
(188, 155, 139)
(195, 162, 147)
(194, 157, 142)
(200, 162, 149)
(203, 162, 152)
(205, 161, 154)
(200, 159, 149)
(184, 146, 132)
(141, 109, 94)
(115, 94, 83)
(161, 159, 150)
(180, 190, 186)
(181, 192, 190)
(178, 175, 170)
(110, 79, 69)
(138, 93, 79)
(167, 133, 113)
(192, 158, 142)
(204, 171, 156)
(214, 182, 167)
(223, 193, 177)
(222, 199, 181)
(227, 206, 188)
(229, 208, 192)
(229, 208, 193)
(228, 209, 192)
(222, 208, 192)
(216, 214, 206)
(238, 247, 249)
(237, 252, 255)
(237, 252, 255)
(236, 251, 254)
(236, 251, 254)
(238, 253, 255)
(237, 252, 255)
(237, 252, 255)
(237, 249, 253)
(238, 250, 254)
(236, 250, 253)
(237, 252, 255)
(236, 250, 255)
(236, 249, 255)
(237, 249, 255)
(234, 248, 254)
(235, 248, 255)
(233, 246, 254)
(234, 247, 255)
(231, 247, 254)
(232, 248, 254)
(231, 244, 252)
(234, 245, 255)
(234, 244, 254)
(234, 245, 255)
(232, 243, 253)
(215, 231, 238)
(217, 233, 240)
(217, 231, 239)
(219, 233, 240)
(215, 231, 237)
(217, 233, 240)
(213, 232, 238)
(217, 234, 241)
(216, 233, 240)
(218, 234, 241)
(218, 233, 240)
(221, 236, 243)
(219, 235, 242)
(218, 235, 242)
(220, 238, 242)
(217, 235, 239)
(218, 236, 240)
(217, 234, 241)
(217, 235, 240)
(216, 234, 238)
(213, 231, 234)
(213, 230, 232)
(208, 226, 228)
(205, 223, 227)
(199, 218, 222)
(197, 216, 220)
(189, 208, 212)
(189, 208, 210)
(182, 200, 202)
(181, 195, 196)
(167, 173, 172)
(121, 112, 105)
(138, 113, 97)
(156, 126, 109)
(167, 137, 122)
(165, 137, 123)
(166, 139, 127)
(165, 140, 129)
(150, 127, 114)
(157, 130, 116)
(160, 128, 112)
(163, 126, 110)
(168, 131, 113)
(172, 135, 117)
(182, 146, 130)
(176, 146, 130)
(166, 149, 135)
(167, 164, 159)
(167, 176, 177)
(166, 180, 179)
(166, 179, 177)
(171, 176, 176)
(115, 98, 97)
(115, 79, 71)
(132, 97, 82)
(162, 127, 111)
(182, 145, 130)
(195, 157, 141)
(207, 168, 153)
(214, 178, 160)
(219, 185, 166)
(223, 191, 169)
(222, 190, 175)
(221, 189, 174)
(222, 187, 173)
(209, 179, 168)
(178, 165, 155)
(173, 175, 170)
(171, 174, 176)
(167, 159, 164)
(103, 76, 75)
(132, 102, 91)
(156, 132, 112)
(182, 154, 136)
(197, 167, 151)
(207, 176, 160)
(216, 178, 163)
(214, 177, 163)
(212, 173, 160)
(206, 165, 154)
(202, 164, 151)
(191, 158, 143)
(159, 135, 119)
(130, 119, 113)
(183, 186, 183)
(189, 199, 202)
(191, 200, 205)
(187, 184, 182)
(115, 89, 79)
(138, 96, 81)
(172, 135, 115)
(197, 162, 146)
(208, 175, 160)
(220, 186, 171)
(224, 193, 177)
(230, 204, 187)
(234, 212, 194)
(232, 215, 197)
(232, 216, 199)
(235, 216, 200)
(225, 212, 198)
(220, 220, 212)
(238, 247, 250)
(236, 251, 255)
(237, 252, 255)
(236, 251, 254)
(237, 252, 255)
(236, 251, 254)
(236, 251, 254)
(237, 252, 255)
(236, 248, 252)
(237, 249, 253)
(235, 249, 252)
(236, 251, 255)
(236, 250, 255)
(236, 249, 254)
(237, 249, 255)
(232, 246, 253)
(235, 248, 255)
(234, 247, 255)
(234, 247, 255)
(230, 246, 253)
(232, 246, 254)
(234, 246, 254)
(234, 244, 254)
(235, 245, 255)
(233, 244, 254)
(232, 245, 254)
(214, 230, 237)
(215, 231, 238)
(215, 230, 236)
(218, 233, 238)
(216, 232, 237)
(217, 234, 241)
(213, 232, 238)
(215, 233, 239)
(215, 232, 239)
(216, 232, 239)
(219, 234, 241)
(220, 235, 242)
(220, 236, 243)
(218, 235, 242)
(218, 236, 240)
(217, 235, 239)
(218, 236, 240)
(216, 234, 239)
(218, 234, 241)
(215, 231, 236)
(213, 229, 234)
(210, 226, 229)
(207, 225, 227)
(202, 221, 225)
(197, 216, 221)
(193, 212, 216)
(188, 208, 210)
(184, 204, 205)
(182, 199, 201)
(182, 192, 193)
(155, 149, 147)
(129, 110, 102)
(146, 119, 106)
(162, 132, 116)
(172, 141, 121)
(174, 144, 127)
(175, 147, 132)
(180, 155, 143)
(177, 155, 142)
(169, 144, 130)
(168, 135, 119)
(161, 125, 107)
(158, 122, 105)
(169, 133, 119)
(178, 145, 129)
(174, 150, 134)
(157, 148, 139)
(173, 178, 178)
(166, 179, 183)
(164, 178, 177)
(166, 178, 175)
(165, 163, 164)
(113, 89, 88)
(123, 85, 74)
(147, 112, 95)
(167, 133, 114)
(189, 153, 136)
(199, 162, 145)
(213, 174, 159)
(218, 180, 164)
(223, 188, 169)
(224, 190, 171)
(221, 190, 171)
(219, 188, 170)
(218, 185, 169)
(203, 176, 163)
(177, 170, 160)
(171, 179, 174)
(172, 176, 178)
(163, 153, 154)
(112, 77, 73)
(134, 102, 86)
(166, 140, 120)
(191, 160, 144)
(202, 172, 156)
(211, 182, 163)
(223, 189, 172)
(227, 194, 176)
(224, 192, 173)
(224, 190, 172)
(218, 185, 168)
(201, 175, 156)
(175, 159, 142)
(155, 154, 149)
(188, 197, 195)
(198, 207, 213)
(201, 206, 214)
(201, 196, 197)
(121, 95, 86)
(133, 93, 78)
(175, 136, 115)
(195, 158, 142)
(212, 176, 161)
(217, 183, 167)
(224, 192, 175)
(233, 205, 187)
(236, 212, 193)
(235, 217, 197)
(234, 217, 200)
(232, 210, 197)
(229, 214, 202)
(220, 221, 214)
(238, 249, 251)
(237, 251, 255)
(237, 251, 254)
(237, 251, 254)
(238, 252, 255)
(239, 253, 255)
(239, 253, 255)
(239, 253, 255)
(235, 249, 252)
(238, 252, 255)
(235, 250, 255)
(234, 249, 254)
(236, 251, 255)
(235, 249, 254)
(235, 248, 254)
(232, 246, 253)
(235, 248, 255)
(233, 246, 254)
(233, 246, 254)
(232, 247, 254)
(233, 246, 254)
(234, 244, 253)
(233, 243, 253)
(235, 246, 255)
(230, 243, 252)
(232, 246, 255)
(214, 233, 239)
(216, 233, 240)
(215, 231, 236)
(216, 233, 237)
(215, 232, 236)
(216, 234, 239)
(213, 233, 239)
(216, 234, 240)
(216, 233, 240)
(218, 234, 241)
(219, 234, 241)
(221, 236, 243)
(221, 237, 243)
(218, 236, 240)
(218, 236, 239)
(216, 234, 238)
(219, 237, 241)
(216, 232, 238)
(218, 233, 240)
(217, 230, 237)
(215, 229, 234)
(209, 224, 227)
(205, 222, 224)
(199, 217, 222)
(194, 213, 219)
(189, 208, 212)
(185, 205, 206)
(182, 200, 202)
(178, 193, 195)
(184, 189, 192)
(146, 132, 128)
(143, 116, 107)
(150, 122, 111)
(165, 135, 118)
(177, 144, 120)
(179, 147, 126)
(187, 156, 138)
(187, 161, 146)
(184, 162, 148)
(179, 154, 138)
(178, 145, 128)
(178, 142, 123)
(173, 140, 123)
(152, 118, 107)
(162, 134, 117)
(162, 144, 126)
(167, 165, 159)
(165, 178, 181)
(164, 179, 185)
(167, 180, 181)
(165, 178, 175)
(148, 142, 143)
(108, 78, 77)
(131, 91, 78)
(152, 119, 98)
(176, 144, 122)
(190, 156, 136)
(208, 171, 154)
(216, 177, 162)
(221, 183, 168)
(226, 189, 173)
(224, 188, 171)
(220, 188, 165)
(216, 185, 163)
(215, 184, 166)
(200, 176, 163)
(174, 173, 164)
(167, 180, 177)
(168, 177, 180)
(143, 133, 129)
(116, 78, 71)
(143, 104, 88)
(171, 139, 119)
(199, 162, 147)
(206, 173, 157)
(215, 186, 165)
(228, 194, 176)
(232, 200, 180)
(231, 199, 177)
(230, 193, 174)
(223, 187, 169)
(216, 186, 168)
(197, 178, 163)
(181, 185, 179)
(195, 209, 206)
(199, 214, 219)
(204, 214, 221)
(208, 207, 207)
(122, 97, 90)
(143, 103, 88)
(170, 132, 109)
(189, 153, 135)
(206, 170, 153)
(215, 180, 162)
(221, 189, 168)
(229, 201, 180)
(237, 210, 190)
(238, 215, 195)
(234, 214, 198)
(236, 210, 200)
(225, 208, 199)
(223, 225, 219)
(237, 251, 252)
(238, 252, 255)
(238, 252, 255)
(238, 252, 255)
(238, 252, 255)
(238, 252, 255)
(236, 250, 253)
(237, 251, 254)
(237, 251, 254)
(238, 251, 255)
(235, 250, 255)
(235, 250, 255)
(235, 250, 255)
(236, 249, 255)
(235, 248, 254)
(232, 247, 253)
(234, 247, 255)
(234, 247, 255)
(235, 248, 255)
(232, 247, 254)
(234, 246, 254)
(235, 244, 253)
(229, 243, 252)
(231, 245, 254)
(226, 242, 250)
(228, 244, 252)
(212, 233, 239)
(213, 234, 239)
(213, 233, 237)
(214, 233, 237)
(214, 232, 236)
(216, 234, 239)
(215, 233, 239)
(218, 236, 241)
(217, 234, 239)
(219, 235, 240)
(218, 232, 238)
(220, 236, 241)
(219, 236, 240)
(217, 235, 239)
(220, 237, 241)
(217, 233, 239)
(219, 235, 240)
(217, 232, 237)
(216, 232, 237)
(215, 228, 234)
(213, 227, 232)
(204, 223, 224)
(200, 219, 221)
(196, 215, 218)
(193, 211, 214)
(190, 207, 209)
(183, 199, 202)
(182, 198, 200)
(174, 190, 190)
(175, 181, 183)
(137, 125, 119)
(141, 117, 103)
(158, 129, 114)
(170, 138, 119)
(174, 142, 119)
(180, 147, 130)
(191, 160, 145)
(195, 167, 152)
(195, 167, 152)
(191, 159, 144)
(189, 155, 139)
(182, 147, 131)
(181, 149, 132)
(167, 138, 121)
(148, 126, 107)
(155, 145, 131)
(166, 171, 165)
(166, 179, 180)
(172, 181, 187)
(167, 179, 183)
(167, 178, 179)
(132, 118, 119)
(114, 81, 74)
(131, 97, 80)
(156, 125, 106)
(179, 145, 124)
(197, 163, 141)
(210, 175, 155)
(215, 179, 161)
(220, 183, 165)
(226, 188, 170)
(227, 190, 171)
(225, 188, 165)
(218, 185, 161)
(218, 184, 165)
(198, 175, 163)
(173, 177, 170)
(168, 180, 181)
(167, 174, 178)
(136, 119, 114)
(118, 79, 68)
(142, 104, 82)
(176, 143, 120)
(200, 165, 147)
(209, 177, 160)
(217, 185, 168)
(227, 193, 177)
(232, 197, 180)
(233, 198, 181)
(232, 196, 179)
(229, 192, 174)
(218, 188, 170)
(204, 187, 175)
(192, 198, 193)
(197, 210, 209)
(201, 216, 221)
(210, 222, 228)
(211, 211, 215)
(133, 110, 106)
(132, 92, 79)
(160, 124, 100)
(187, 149, 129)
(203, 167, 148)
(214, 178, 161)
(219, 188, 168)
(226, 199, 177)
(234, 207, 184)
(238, 212, 190)
(236, 213, 194)
(234, 208, 196)
(226, 211, 202)
(226, 230, 224)
(237, 251, 252)
(237, 252, 255)
(237, 251, 254)
(237, 251, 254)
(237, 252, 255)
(237, 252, 255)
(235, 250, 254)
(237, 251, 255)
(236, 249, 254)
(236, 251, 255)
(235, 250, 255)
(236, 251, 255)
(234, 249, 254)
(235, 249, 254)
(234, 248, 254)
(233, 246, 254)
(236, 248, 255)
(232, 245, 253)
(233, 246, 254)
(231, 245, 253)
(232, 243, 253)
(234, 244, 254)
(229, 243, 253)
(230, 244, 254)
(228, 243, 251)
(229, 244, 252)
(210, 233, 238)
(210, 233, 238)
(212, 233, 238)
(212, 232, 238)
(212, 231, 237)
(216, 233, 240)
(215, 232, 239)
(216, 234, 239)
(217, 234, 238)
(219, 235, 240)
(220, 235, 240)
(219, 235, 240)
(217, 235, 240)
(216, 234, 238)
(220, 235, 242)
(219, 234, 240)
(218, 233, 238)
(215, 230, 235)
(216, 231, 236)
(214, 228, 233)
(210, 224, 230)
(199, 219, 221)
(197, 218, 219)
(193, 212, 214)
(191, 209, 210)
(186, 203, 204)
(182, 196, 199)
(180, 195, 197)
(171, 187, 186)
(166, 172, 174)
(130, 121, 112)
(144, 122, 102)
(161, 130, 113)
(170, 137, 119)
(176, 145, 124)
(182, 149, 135)
(191, 159, 147)
(200, 169, 156)
(199, 166, 151)
(194, 159, 144)
(190, 155, 141)
(187, 152, 139)
(185, 153, 135)
(175, 150, 129)
(142, 126, 107)
(157, 155, 144)
(163, 175, 171)
(167, 180, 179)
(172, 178, 183)
(168, 180, 185)
(171, 178, 182)
(115, 94, 94)
(119, 82, 71)
(134, 103, 83)
(160, 130, 112)
(182, 147, 126)
(200, 166, 143)
(210, 178, 156)
(214, 182, 161)
(219, 184, 164)
(226, 189, 170)
(227, 191, 172)
(226, 187, 166)
(219, 185, 161)
(217, 181, 162)
(193, 170, 159)
(170, 176, 173)
(172, 181, 184)
(166, 169, 173)
(130, 105, 100)
(119, 77, 65)
(143, 104, 81)
(174, 141, 115)
(198, 165, 146)
(213, 181, 165)
(221, 186, 172)
(226, 193, 178)
(234, 197, 181)
(233, 196, 183)
(234, 198, 183)
(231, 194, 174)
(219, 190, 172)
(203, 189, 179)
(198, 207, 202)
(202, 214, 216)
(208, 221, 226)
(213, 225, 231)
(216, 216, 222)
(138, 114, 114)
(134, 93, 81)
(153, 117, 94)
(182, 144, 123)
(199, 162, 143)
(212, 176, 160)
(218, 187, 170)
(223, 196, 175)
(231, 204, 179)
(235, 208, 184)
(234, 209, 189)
(233, 207, 193)
(228, 213, 203)
(226, 230, 225)
(237, 251, 253)
(238, 253, 255)
(237, 251, 254)
(236, 251, 254)
(235, 250, 253)
(237, 252, 255)
(235, 250, 255)
(237, 250, 255)
(235, 248, 254)
(235, 250, 255)
(234, 249, 254)
(235, 250, 255)
(235, 250, 255)
(234, 247, 255)
(233, 247, 255)
(235, 247, 255)
(236, 248, 255)
(232, 245, 253)
(233, 248, 255)
(232, 245, 253)
(231, 242, 252)
(234, 245, 255)
(229, 243, 254)
(229, 243, 254)
(229, 243, 252)
(231, 244, 253)
(211, 232, 237)
(212, 232, 238)
(214, 233, 239)
(215, 234, 240)
(215, 233, 239)
(218, 235, 242)
(215, 232, 239)
(216, 233, 240)
(216, 233, 240)
(217, 233, 240)
(220, 236, 243)
(217, 234, 241)
(218, 235, 242)
(216, 235, 241)
(220, 236, 243)
(219, 234, 241)
(218, 234, 240)
(215, 231, 236)
(214, 230, 235)
(212, 227, 232)
(205, 220, 226)
(198, 217, 221)
(198, 217, 221)
(192, 210, 212)
(188, 206, 208)
(182, 199, 201)
(179, 195, 198)
(176, 193, 195)
(172, 188, 185)
(163, 166, 165)
(134, 121, 111)
(152, 126, 109)
(164, 130, 115)
(171, 137, 122)
(178, 147, 128)
(185, 152, 138)
(191, 155, 144)
(200, 165, 153)
(201, 169, 154)
(197, 167, 150)
(195, 162, 147)
(190, 156, 142)
(183, 153, 136)
(172, 149, 132)
(153, 141, 127)
(168, 170, 164)
(167, 180, 180)
(167, 182, 185)
(169, 179, 184)
(170, 181, 185)
(155, 154, 158)
(109, 83, 81)
(120, 82, 69)
(141, 109, 87)
(169, 136, 117)
(190, 152, 132)
(199, 163, 141)
(205, 174, 153)
(215, 184, 163)
(216, 184, 163)
(223, 191, 170)
(222, 191, 170)
(220, 186, 168)
(215, 184, 164)
(208, 175, 160)
(187, 167, 159)
(175, 182, 180)
(173, 180, 183)
(170, 168, 172)
(119, 89, 86)
(122, 77, 66)
(142, 101, 81)
(174, 139, 116)
(198, 164, 145)
(210, 180, 163)
(220, 188, 171)
(227, 195, 179)
(235, 199, 183)
(235, 198, 182)
(233, 197, 180)
(229, 194, 173)
(220, 192, 174)
(203, 191, 181)
(204, 213, 210)
(207, 220, 224)
(213, 226, 232)
(216, 228, 234)
(223, 223, 230)
(142, 119, 118)
(134, 95, 83)
(147, 111, 90)
(175, 138, 119)
(192, 155, 137)
(208, 173, 157)
(214, 181, 165)
(219, 191, 171)
(230, 202, 179)
(234, 207, 186)
(232, 206, 189)
(233, 206, 194)
(229, 214, 204)
(227, 228, 224)
(239, 250, 252)
(239, 251, 255)
(237, 251, 254)
(238, 253, 255)
(235, 250, 253)
(238, 253, 255)
(236, 250, 255)
(237, 250, 255)
(238, 250, 255)
(238, 250, 255)
(238, 250, 255)
(238, 250, 255)
(238, 250, 255)
(238, 250, 255)
(236, 248, 255)
(234, 247, 255)
(235, 248, 255)
(234, 247, 255)
(232, 246, 254)
(232, 246, 254)
(232, 245, 254)
(233, 246, 255)
(229, 243, 254)
(230, 244, 254)
(229, 242, 251)
(231, 244, 252)
(214, 232, 238)
(215, 232, 239)
(213, 230, 237)
(214, 231, 238)
(215, 232, 239)
(216, 233, 240)
(215, 232, 239)
(217, 234, 241)
(215, 232, 239)
(218, 235, 242)
(218, 235, 242)
(217, 234, 241)
(217, 236, 242)
(215, 234, 240)
(220, 235, 243)
(217, 232, 239)
(216, 232, 239)
(211, 228, 234)
(210, 227, 233)
(208, 224, 231)
(205, 221, 227)
(197, 215, 219)
(195, 213, 217)
(191, 209, 213)
(182, 200, 204)
(180, 198, 201)
(174, 192, 196)
(173, 190, 193)
(172, 185, 183)
(151, 150, 146)
(143, 125, 113)
(155, 123, 108)
(164, 129, 114)
(174, 139, 124)
(177, 144, 128)
(187, 154, 141)
(197, 159, 149)
(198, 161, 150)
(202, 170, 154)
(200, 172, 153)
(203, 171, 156)
(197, 165, 149)
(184, 156, 139)
(175, 154, 141)
(157, 152, 144)
(167, 176, 175)
(169, 182, 187)
(166, 183, 190)
(165, 181, 184)
(171, 181, 183)
(149, 141, 143)
(107, 74, 71)
(117, 79, 65)
(141, 110, 88)
(173, 138, 119)
(192, 149, 132)
(201, 162, 144)
(208, 172, 153)
(216, 182, 162)
(220, 186, 166)
(222, 190, 169)
(218, 189, 167)
(219, 187, 172)
(216, 186, 170)
(205, 176, 164)
(190, 173, 168)
(174, 180, 181)
(172, 177, 181)
(171, 163, 167)
(114, 77, 73)
(130, 79, 70)
(150, 104, 88)
(173, 137, 117)
(194, 159, 141)
(204, 174, 156)
(219, 188, 169)
(230, 197, 180)
(237, 202, 183)
(237, 201, 183)
(234, 199, 181)
(230, 195, 174)
(219, 193, 176)
(201, 192, 184)
(208, 218, 219)
(214, 227, 233)
(220, 233, 240)
(223, 235, 241)
(227, 229, 235)
(148, 127, 126)
(130, 93, 82)
(144, 108, 91)
(172, 135, 118)
(191, 154, 138)
(205, 170, 156)
(214, 181, 166)
(220, 189, 171)
(224, 196, 176)
(230, 204, 184)
(229, 205, 188)
(231, 205, 193)
(227, 212, 203)
(228, 228, 225)
(240, 249, 252)
(239, 250, 255)
(238, 252, 255)
(236, 251, 254)
(235, 250, 253)
(237, 252, 255)
(235, 250, 254)
(237, 250, 255)
(238, 249, 254)
(240, 251, 255)
(238, 249, 254)
(238, 250, 255)
(237, 249, 255)
(237, 249, 255)
(236, 246, 254)
(233, 247, 255)
(233, 247, 255)
(234, 247, 255)
(235, 247, 255)
(232, 245, 253)
(230, 244, 253)
(230, 244, 254)
(229, 243, 254)
(233, 246, 255)
(230, 243, 252)
(229, 243, 251)
(216, 231, 240)
(216, 231, 239)
(214, 230, 237)
(217, 233, 240)
(215, 233, 240)
(216, 233, 240)
(215, 232, 239)
(216, 233, 240)
(215, 232, 239)
(218, 235, 242)
(217, 234, 241)
(216, 233, 240)
(217, 235, 242)
(216, 235, 241)
(218, 233, 241)
(215, 231, 238)
(215, 231, 238)
(209, 226, 232)
(209, 226, 232)
(205, 222, 229)
(201, 218, 224)
(195, 212, 219)
(192, 209, 215)
(187, 205, 209)
(180, 198, 202)
(179, 198, 201)
(172, 191, 195)
(170, 189, 192)
(169, 180, 180)
(146, 142, 137)
(146, 124, 113)
(159, 126, 110)
(166, 131, 114)
(171, 138, 120)
(177, 146, 127)
(188, 155, 142)
(199, 164, 152)
(203, 167, 154)
(202, 169, 151)
(201, 169, 150)
(203, 170, 154)
(202, 171, 154)
(192, 165, 148)
(178, 159, 149)
(165, 165, 160)
(167, 179, 181)
(168, 180, 186)
(167, 182, 189)
(162, 180, 184)
(169, 178, 180)
(125, 111, 111)
(109, 75, 69)
(119, 83, 68)
(142, 112, 91)
(173, 137, 118)
(195, 152, 136)
(205, 164, 147)
(212, 174, 156)
(220, 184, 166)
(222, 186, 167)
(223, 187, 168)
(218, 185, 165)
(216, 184, 167)
(213, 183, 165)
(203, 177, 164)
(183, 171, 167)
(171, 179, 180)
(172, 176, 179)
(171, 161, 165)
(120, 79, 74)
(130, 77, 68)
(153, 107, 92)
(173, 136, 117)
(191, 155, 138)
(203, 174, 154)
(216, 187, 166)
(229, 197, 179)
(235, 200, 180)
(233, 199, 180)
(232, 197, 180)
(231, 196, 176)
(220, 195, 180)
(205, 198, 192)
(214, 224, 227)
(218, 231, 238)
(223, 237, 244)
(227, 239, 245)
(229, 232, 238)
(147, 128, 126)
(128, 92, 81)
(140, 103, 89)
(167, 130, 114)
(188, 150, 136)
(201, 165, 153)
(209, 175, 162)
(216, 185, 168)
(219, 192, 173)
(224, 202, 183)
(225, 204, 188)
(226, 204, 191)
(223, 210, 201)
(226, 228, 223)
(238, 249, 252)
(239, 251, 255)
(237, 251, 254)
(238, 252, 255)
(237, 251, 254)
(239, 253, 255)
(236, 250, 254)
(237, 250, 255)
(237, 249, 254)
(239, 250, 255)
(238, 250, 255)
(236, 248, 254)
(237, 250, 255)
(237, 249, 254)
(236, 247, 253)
(232, 247, 254)
(232, 247, 254)
(233, 246, 254)
(236, 246, 255)
(233, 245, 254)
(228, 242, 251)
(229, 245, 253)
(230, 243, 254)
(233, 246, 255)
(231, 244, 253)
(231, 245, 253)
(218, 232, 241)
(217, 231, 240)
(215, 231, 238)
(215, 231, 238)
(215, 232, 239)
(217, 234, 241)
(215, 232, 239)
(217, 234, 241)
(216, 233, 240)
(217, 234, 241)
(218, 235, 242)
(216, 233, 240)
(218, 237, 242)
(215, 234, 240)
(217, 232, 240)
(215, 231, 238)
(213, 230, 237)
(208, 226, 232)
(204, 223, 229)
(201, 220, 226)
(196, 214, 221)
(193, 210, 217)
(187, 204, 210)
(185, 202, 207)
(180, 198, 202)
(174, 193, 197)
(170, 189, 193)
(170, 188, 192)
(175, 185, 188)
(136, 129, 124)
(148, 124, 111)
(159, 126, 109)
(167, 133, 113)
(170, 139, 117)
(179, 148, 128)
(193, 160, 146)
(202, 171, 158)
(204, 173, 156)
(205, 168, 151)
(205, 166, 149)
(206, 171, 156)
(200, 171, 153)
(196, 169, 152)
(181, 164, 155)
(170, 173, 170)
(170, 183, 186)
(168, 180, 186)
(169, 182, 188)
(162, 180, 184)
(167, 173, 176)
(120, 101, 100)
(117, 81, 74)
(124, 90, 74)
(141, 113, 93)
(177, 142, 125)
(194, 155, 138)
(204, 168, 150)
(214, 180, 161)
(218, 185, 166)
(220, 184, 166)
(223, 187, 169)
(218, 184, 164)
(216, 183, 163)
(210, 180, 160)
(197, 174, 159)
(181, 174, 169)
(172, 182, 184)
(174, 180, 183)
(162, 149, 153)
(121, 77, 71)
(130, 76, 67)
(152, 106, 92)
(170, 133, 115)
(190, 154, 137)
(204, 174, 155)
(217, 189, 168)
(227, 194, 176)
(230, 195, 175)
(230, 196, 177)
(232, 196, 178)
(230, 195, 175)
(220, 198, 184)
(213, 210, 205)
(217, 229, 234)
(222, 236, 244)
(226, 239, 246)
(228, 240, 247)
(232, 236, 241)
(155, 138, 135)
(122, 88, 78)
(139, 103, 90)
(171, 134, 118)
(191, 153, 139)
(202, 166, 154)
(206, 171, 159)
(209, 177, 160)
(211, 185, 166)
(212, 194, 175)
(217, 200, 183)
(221, 201, 188)
(218, 207, 197)
(220, 225, 219)
(235, 249, 250)
(238, 252, 255)
(240, 254, 255)
(238, 252, 255)
(238, 252, 255)
(238, 252, 255)
(237, 251, 254)
(238, 251, 255)
(236, 248, 253)
(240, 252, 255)
(237, 249, 253)
(235, 248, 254)
(235, 250, 255)
(236, 249, 255)
(235, 248, 254)
(231, 247, 254)
(232, 247, 254)
(233, 246, 254)
(235, 247, 255)
(234, 246, 255)
(230, 244, 253)
(230, 246, 254)
(229, 242, 253)
(233, 246, 255)
(230, 243, 252)
(232, 246, 254)
(215, 231, 239)
(216, 232, 240)
(218, 234, 242)
(218, 234, 241)
(215, 232, 239)
(217, 234, 241)
(217, 234, 241)
(218, 235, 242)
(216, 233, 240)
(218, 235, 242)
(219, 236, 243)
(218, 235, 242)
(217, 236, 242)
(214, 233, 239)
(215, 232, 240)
(212, 229, 236)
(210, 229, 235)
(204, 223, 228)
(203, 222, 227)
(199, 218, 224)
(195, 214, 220)
(191, 208, 215)
(187, 204, 210)
(183, 201, 205)
(177, 195, 199)
(174, 192, 196)
(171, 189, 193)
(171, 187, 192)
(174, 181, 185)
(135, 125, 117)
(151, 124, 111)
(161, 127, 109)
(167, 133, 112)
(172, 141, 118)
(183, 151, 131)
(202, 166, 152)
(206, 178, 161)
(209, 179, 162)
(205, 165, 149)
(207, 164, 148)
(205, 169, 154)
(202, 172, 156)
(197, 171, 155)
(172, 161, 152)
(174, 181, 178)
(170, 185, 186)
(171, 183, 188)
(173, 185, 190)
(167, 182, 185)
(162, 163, 164)
(115, 92, 87)
(129, 94, 82)
(137, 105, 89)
(148, 121, 103)
(178, 143, 127)
(193, 162, 144)
(200, 171, 153)
(209, 182, 163)
(214, 184, 165)
(215, 182, 163)
(218, 184, 165)
(217, 185, 164)
(216, 184, 162)
(211, 180, 160)
(193, 174, 159)
(181, 177, 172)
(174, 186, 188)
(174, 181, 183)
(150, 134, 137)
(119, 76, 67)
(131, 78, 69)
(145, 101, 88)
(165, 129, 111)
(190, 153, 135)
(208, 177, 157)
(218, 189, 169)
(228, 194, 178)
(230, 196, 177)
(228, 195, 176)
(228, 192, 175)
(231, 195, 177)
(219, 200, 186)
(218, 219, 214)
(222, 234, 240)
(225, 239, 248)
(230, 243, 250)
(232, 244, 250)
(233, 237, 242)
(159, 142, 141)
(126, 92, 82)
(141, 103, 91)
(173, 135, 121)
(185, 149, 134)
(193, 158, 144)
(204, 170, 157)
(216, 183, 167)
(211, 185, 167)
(206, 189, 170)
(207, 190, 173)
(211, 193, 179)
(213, 204, 193)
(219, 227, 219)
(234, 250, 250)
(238, 253, 255)
(237, 251, 254)
(237, 251, 254)
(238, 252, 254)
(239, 253, 255)
(237, 251, 254)
(237, 251, 254)
(239, 252, 255)
(237, 251, 254)
(234, 249, 253)
(235, 250, 255)
(235, 250, 255)
(233, 248, 253)
(233, 248, 254)
(232, 246, 255)
(233, 247, 255)
(233, 247, 255)
(234, 247, 255)
(232, 246, 254)
(230, 244, 253)
(230, 245, 254)
(231, 244, 253)
(234, 247, 255)
(232, 245, 254)
(234, 247, 255)
(215, 232, 240)
(216, 233, 241)
(216, 233, 241)
(215, 232, 239)
(215, 232, 239)
(217, 234, 241)
(217, 234, 241)
(217, 234, 241)
(214, 231, 238)
(218, 234, 241)
(218, 234, 241)
(216, 233, 240)
(215, 232, 239)
(211, 230, 236)
(211, 230, 236)
(208, 227, 233)
(207, 226, 231)
(201, 220, 224)
(199, 218, 222)
(193, 212, 216)
(190, 208, 213)
(184, 203, 208)
(180, 198, 202)
(181, 199, 203)
(175, 192, 195)
(174, 190, 193)
(171, 186, 191)
(172, 185, 190)
(166, 167, 169)
(134, 120, 107)
(153, 124, 106)
(167, 133, 115)
(172, 138, 118)
(179, 145, 124)
(189, 153, 137)
(205, 166, 152)
(205, 172, 156)
(205, 172, 154)
(205, 165, 147)
(206, 165, 149)
(204, 169, 155)
(199, 169, 154)
(188, 166, 152)
(172, 169, 162)
(172, 182, 181)
(172, 187, 188)
(170, 186, 187)
(172, 184, 188)
(174, 181, 186)
(140, 134, 133)
(122, 96, 86)
(140, 106, 88)
(144, 111, 94)
(159, 129, 113)
(180, 146, 129)
(191, 161, 144)
(205, 176, 160)
(209, 182, 163)
(215, 186, 168)
(218, 187, 167)
(216, 184, 165)
(211, 182, 160)
(211, 182, 160)
(206, 178, 160)
(187, 173, 160)
(183, 184, 181)
(176, 188, 191)
(174, 179, 181)
(141, 120, 122)
(128, 85, 76)
(135, 85, 76)
(140, 101, 86)
(162, 127, 108)
(193, 155, 136)
(207, 174, 156)
(219, 187, 171)
(226, 192, 179)
(228, 195, 177)
(226, 193, 175)
(228, 192, 175)
(229, 193, 175)
(218, 200, 188)
(222, 224, 221)
(225, 237, 244)
(228, 242, 251)
(233, 245, 251)
(237, 249, 255)
(239, 243, 248)
(165, 149, 148)
(118, 85, 76)
(148, 110, 97)
(166, 128, 114)
(176, 140, 125)
(189, 153, 139)
(200, 166, 151)
(212, 179, 162)
(215, 186, 169)
(215, 192, 174)
(213, 191, 175)
(212, 190, 176)
(209, 196, 185)
(221, 226, 219)
(238, 253, 253)
(236, 251, 254)
(239, 253, 255)
(239, 253, 255)
(238, 250, 252)
(240, 252, 255)
(237, 251, 254)
(237, 252, 255)
(238, 252, 255)
(237, 250, 254)
(237, 251, 255)
(237, 252, 255)
(235, 250, 255)
(233, 247, 254)
(234, 247, 255)
(233, 246, 255)
(234, 247, 255)
(234, 248, 255)
(232, 246, 254)
(231, 245, 254)
(230, 243, 252)
(232, 245, 254)
(229, 242, 251)
(234, 247, 255)
(230, 243, 252)
(234, 247, 255)
(214, 232, 240)
(214, 232, 240)
(215, 233, 240)
(215, 233, 239)
(217, 233, 240)
(218, 235, 242)
(216, 233, 239)
(218, 235, 242)
(215, 231, 238)
(218, 234, 241)
(218, 233, 240)
(216, 233, 240)
(215, 232, 239)
(212, 229, 236)
(207, 226, 232)
(206, 225, 230)
(203, 223, 226)
(198, 217, 221)
(197, 215, 219)
(192, 210, 214)
(189, 207, 211)
(183, 202, 206)
(178, 197, 201)
(179, 197, 199)
(174, 190, 193)
(174, 188, 191)
(171, 184, 189)
(175, 185, 189)
(160, 157, 156)
(137, 120, 104)
(154, 124, 103)
(166, 130, 112)
(173, 138, 118)
(184, 147, 130)
(195, 156, 143)
(202, 160, 146)
(203, 165, 149)
(205, 167, 151)
(203, 163, 145)
(204, 167, 150)
(204, 172, 158)
(198, 169, 155)
(185, 166, 155)
(176, 177, 172)
(171, 182, 182)
(171, 187, 188)
(170, 187, 188)
(172, 184, 189)
(177, 179, 184)
(129, 118, 114)
(130, 103, 88)
(146, 111, 90)
(158, 124, 106)
(164, 131, 114)
(181, 148, 129)
(194, 160, 144)
(201, 167, 153)
(212, 179, 163)
(216, 183, 166)
(219, 184, 166)
(218, 184, 165)
(214, 183, 162)
(208, 181, 161)
(200, 173, 158)
(185, 175, 164)
(181, 184, 182)
(176, 187, 191)
(176, 179, 180)
(131, 105, 106)
(133, 92, 82)
(140, 94, 82)
(140, 102, 86)
(164, 131, 110)
(193, 155, 136)
(207, 174, 156)
(218, 186, 172)
(230, 196, 185)
(230, 197, 180)
(227, 194, 177)
(228, 193, 176)
(226, 190, 174)
(218, 200, 188)
(227, 231, 229)
(229, 241, 247)
(231, 246, 253)
(235, 247, 253)
(237, 247, 253)
(238, 242, 247)
(162, 147, 145)
(133, 100, 92)
(152, 113, 101)
(168, 130, 116)
(178, 142, 126)
(193, 158, 142)
(205, 172, 156)
(212, 180, 163)
(219, 188, 170)
(220, 192, 176)
(219, 192, 176)
(220, 194, 180)
(216, 200, 189)
(221, 223, 216)
(238, 251, 252)
(237, 252, 255)
(238, 252, 255)
(238, 252, 255)
(240, 251, 253)
(241, 253, 255)
(237, 251, 253)
(237, 252, 255)
(238, 251, 254)
(237, 249, 255)
(236, 249, 255)
(236, 250, 255)
(235, 249, 255)
(233, 246, 254)
(235, 249, 255)
(233, 245, 255)
(234, 247, 255)
(232, 246, 255)
(230, 246, 254)
(230, 245, 253)
(231, 244, 253)
(233, 244, 254)
(230, 243, 252)
(234, 247, 255)
(231, 244, 253)
(234, 246, 254)
(214, 233, 239)
(215, 234, 241)
(215, 234, 241)
(218, 235, 242)
(214, 231, 238)
(218, 235, 242)
(216, 234, 239)
(220, 236, 242)
(215, 232, 239)
(218, 234, 241)
(218, 233, 240)
(215, 231, 238)
(215, 230, 238)
(210, 226, 235)
(206, 225, 231)
(204, 223, 229)
(200, 219, 224)
(196, 214, 219)
(194, 213, 218)
(189, 207, 212)
(186, 204, 208)
(181, 201, 203)
(178, 197, 201)
(174, 193, 195)
(172, 191, 191)
(172, 187, 190)
(168, 182, 185)
(175, 184, 187)
(148, 144, 142)
(139, 120, 104)
(159, 125, 105)
(167, 130, 112)
(173, 139, 120)
(185, 150, 134)
(197, 158, 145)
(201, 159, 145)
(201, 159, 145)
(202, 162, 146)
(203, 163, 145)
(201, 166, 148)
(200, 170, 153)
(194, 167, 153)
(181, 166, 157)
(181, 184, 182)
(171, 184, 185)
(170, 186, 186)
(170, 188, 189)
(174, 185, 190)
(176, 175, 178)
(111, 94, 89)
(133, 103, 87)
(150, 118, 95)
(160, 127, 108)
(168, 133, 117)
(176, 144, 124)
(190, 153, 138)
(197, 159, 146)
(204, 168, 154)
(213, 175, 161)
(216, 177, 162)
(216, 179, 161)
(217, 182, 163)
(210, 182, 163)
(193, 170, 156)
(176, 172, 162)
(183, 188, 186)
(177, 187, 192)
(176, 176, 176)
(131, 103, 101)
(135, 98, 86)
(144, 102, 90)
(145, 108, 92)
(171, 137, 117)
(196, 159, 141)
(206, 170, 154)
(216, 181, 168)
(226, 191, 180)
(227, 192, 177)
(225, 191, 174)
(227, 192, 175)
(225, 192, 175)
(216, 199, 187)
(229, 232, 230)
(232, 244, 250)
(233, 247, 253)
(237, 249, 254)
(239, 248, 254)
(238, 241, 248)
(165, 151, 149)
(146, 113, 103)
(158, 117, 106)
(174, 135, 119)
(184, 147, 129)
(197, 160, 145)
(205, 171, 154)
(210, 179, 161)
(220, 189, 170)
(223, 191, 175)
(221, 190, 175)
(223, 194, 180)
(221, 201, 190)
(221, 217, 210)
(239, 248, 248)
(236, 251, 254)
(236, 250, 253)
(239, 253, 255)
(237, 250, 252)
(240, 254, 255)
(237, 251, 253)
(238, 252, 254)
(237, 249, 255)
(237, 249, 254)
(235, 248, 254)
(238, 251, 255)
(236, 248, 255)
(234, 247, 254)
(236, 249, 255)
(233, 247, 255)
(233, 247, 255)
(230, 246, 254)
(229, 246, 254)
(229, 244, 253)
(232, 245, 254)
(234, 246, 255)
(231, 244, 253)
(234, 245, 255)
(233, 244, 254)
(234, 244, 254)
(215, 234, 240)
(217, 234, 242)
(217, 234, 242)
(215, 232, 240)
(215, 232, 240)
(218, 235, 242)
(215, 234, 240)
(219, 235, 242)
(215, 233, 239)
(215, 232, 239)
(216, 232, 239)
(216, 230, 239)
(211, 225, 235)
(209, 226, 236)
(203, 225, 232)
(200, 219, 226)
(200, 216, 224)
(197, 211, 220)
(194, 210, 218)
(185, 204, 210)
(182, 203, 207)
(178, 198, 199)
(174, 193, 199)
(171, 193, 195)
(170, 192, 189)
(169, 187, 189)
(171, 184, 189)
(168, 179, 179)
(130, 125, 119)
(139, 117, 104)
(158, 119, 101)
(170, 134, 116)
(174, 142, 126)
(186, 158, 139)
(196, 163, 144)
(202, 163, 147)
(199, 159, 144)
(204, 161, 146)
(208, 166, 148)
(204, 167, 148)
(202, 171, 152)
(192, 169, 154)
(177, 170, 164)
(179, 184, 188)
(174, 186, 188)
(173, 187, 187)
(172, 188, 189)
(175, 185, 189)
(166, 163, 161)
(117, 91, 83)
(138, 106, 90)
(145, 120, 97)
(158, 127, 108)
(162, 123, 109)
(162, 130, 112)
(180, 147, 131)
(180, 145, 131)
(182, 145, 133)
(188, 150, 136)
(197, 158, 143)
(205, 166, 150)
(210, 172, 157)
(209, 179, 163)
(191, 168, 158)
(175, 179, 171)
(179, 187, 186)
(180, 186, 193)
(180, 172, 176)
(129, 100, 94)
(143, 111, 97)
(149, 114, 101)
(162, 124, 111)
(178, 143, 128)
(196, 162, 146)
(199, 161, 148)
(215, 172, 161)
(216, 180, 165)
(224, 183, 169)
(228, 187, 173)
(222, 187, 170)
(219, 191, 172)
(209, 196, 185)
(233, 237, 238)
(236, 248, 253)
(236, 248, 253)
(237, 251, 254)
(239, 248, 255)
(237, 241, 250)
(169, 158, 156)
(147, 115, 103)
(162, 120, 107)
(174, 134, 118)
(186, 146, 130)
(195, 154, 140)
(204, 166, 152)
(210, 177, 160)
(219, 189, 169)
(226, 192, 174)
(228, 192, 178)
(225, 195, 181)
(221, 198, 184)
(218, 205, 196)
(232, 239, 237)
(235, 252, 253)
(238, 252, 253)
(240, 254, 254)
(239, 254, 255)
(238, 253, 255)
(235, 250, 253)
(240, 251, 252)
(236, 248, 253)
(237, 250, 255)
(237, 250, 255)
(236, 249, 255)
(236, 249, 255)
(234, 247, 255)
(235, 248, 255)
(232, 248, 255)
(232, 248, 255)
(229, 246, 253)
(230, 246, 254)
(230, 244, 253)
(233, 246, 255)
(233, 246, 254)
(232, 245, 254)
(233, 244, 254)
(233, 242, 253)
(235, 243, 254)
(215, 234, 240)
(216, 233, 241)
(217, 234, 242)
(217, 234, 242)
(216, 233, 241)
(217, 234, 241)
(215, 234, 239)
(216, 234, 239)
(212, 231, 237)
(212, 231, 237)
(211, 228, 235)
(211, 226, 235)
(210, 226, 234)
(205, 224, 231)
(200, 220, 227)
(195, 213, 220)
(195, 211, 218)
(192, 208, 215)
(188, 204, 210)
(181, 199, 204)
(181, 200, 204)
(178, 196, 198)
(172, 189, 196)
(172, 190, 193)
(168, 187, 187)
(170, 186, 190)
(171, 184, 189)
(171, 177, 178)
(132, 119, 112)
(142, 119, 104)
(162, 128, 110)
(168, 140, 121)
(179, 149, 133)
(193, 162, 145)
(199, 160, 143)
(201, 161, 145)
(202, 161, 147)
(200, 159, 145)
(205, 165, 149)
(207, 172, 154)
(197, 167, 151)
(182, 164, 151)
(177, 177, 171)
(175, 186, 188)
(171, 184, 187)
(176, 190, 191)
(176, 188, 192)
(179, 184, 190)
(149, 141, 138)
(122, 92, 84)
(145, 111, 96)
(161, 134, 114)
(174, 141, 125)
(181, 143, 130)
(180, 149, 133)
(194, 162, 147)
(199, 166, 153)
(199, 165, 153)
(189, 154, 140)
(177, 143, 126)
(179, 145, 128)
(193, 161, 146)
(197, 168, 154)
(187, 167, 159)
(177, 183, 178)
(180, 190, 190)
(178, 186, 192)
(167, 159, 163)
(131, 101, 94)
(152, 117, 102)
(167, 131, 116)
(171, 133, 120)
(180, 143, 130)
(184, 148, 134)
(184, 146, 133)
(185, 143, 131)
(180, 140, 128)
(195, 151, 139)
(203, 160, 148)
(217, 180, 166)
(214, 187, 168)
(208, 200, 188)
(235, 244, 243)
(237, 249, 253)
(238, 251, 255)
(238, 252, 254)
(239, 248, 254)
(241, 245, 251)
(170, 157, 155)
(141, 108, 98)
(150, 111, 96)
(163, 125, 109)
(171, 134, 118)
(189, 151, 138)
(204, 167, 155)
(210, 177, 161)
(214, 181, 163)
(222, 186, 169)
(228, 189, 175)
(225, 194, 178)
(221, 196, 179)
(219, 204, 192)
(224, 226, 222)
(239, 251, 253)
(239, 252, 254)
(239, 251, 254)
(238, 251, 253)
(239, 251, 255)
(237, 249, 253)
(242, 252, 255)
(239, 250, 255)
(237, 248, 254)
(237, 250, 255)
(234, 247, 253)
(237, 250, 255)
(233, 246, 254)
(235, 248, 255)
(233, 247, 255)
(232, 248, 255)
(230, 246, 253)
(232, 246, 255)
(231, 245, 254)
(232, 245, 254)
(232, 245, 253)
(230, 244, 253)
(232, 245, 254)
(231, 244, 253)
(234, 245, 254)
(214, 233, 240)
(216, 233, 241)
(217, 234, 242)
(217, 234, 242)
(215, 232, 240)
(217, 234, 240)
(214, 233, 237)
(216, 234, 239)
(211, 230, 236)
(210, 231, 236)
(209, 228, 234)
(209, 225, 231)
(204, 221, 227)
(201, 220, 226)
(199, 216, 223)
(195, 212, 218)
(191, 208, 215)
(186, 203, 209)
(185, 203, 208)
(181, 199, 203)
(179, 196, 200)
(175, 193, 194)
(172, 189, 196)
(175, 190, 195)
(171, 187, 190)
(172, 187, 193)
(173, 184, 190)
(158, 160, 161)
(135, 117, 107)
(145, 120, 105)
(163, 134, 115)
(170, 144, 126)
(181, 152, 136)
(193, 161, 143)
(200, 158, 140)
(201, 159, 143)
(202, 161, 146)
(201, 162, 147)
(204, 167, 151)
(203, 170, 154)
(197, 168, 155)
(180, 165, 155)
(177, 182, 178)
(174, 187, 191)
(171, 185, 188)
(175, 189, 191)
(177, 187, 192)
(181, 182, 189)
(136, 123, 121)
(125, 93, 84)
(146, 109, 95)
(171, 142, 122)
(189, 154, 139)
(194, 157, 146)
(194, 162, 149)
(203, 173, 159)
(211, 181, 169)
(211, 180, 168)
(208, 177, 163)
(201, 172, 155)
(176, 147, 130)
(171, 142, 128)
(184, 156, 144)
(179, 162, 156)
(180, 188, 185)
(178, 191, 192)
(179, 186, 193)
(165, 153, 156)
(130, 98, 90)
(158, 122, 105)
(170, 133, 116)
(169, 132, 118)
(174, 138, 125)
(177, 141, 129)
(185, 148, 135)
(196, 156, 144)
(197, 160, 148)
(201, 159, 147)
(186, 145, 133)
(194, 157, 143)
(207, 180, 163)
(208, 201, 190)
(233, 242, 242)
(236, 250, 251)
(239, 252, 255)
(239, 253, 255)
(241, 250, 254)
(240, 243, 249)
(163, 150, 147)
(131, 97, 87)
(141, 102, 86)
(154, 116, 100)
(166, 129, 114)
(185, 149, 136)
(198, 163, 150)
(203, 170, 154)
(204, 168, 151)
(208, 168, 152)
(218, 176, 162)
(218, 184, 166)
(215, 189, 169)
(219, 200, 186)
(218, 214, 209)
(238, 247, 247)
(240, 251, 254)
(240, 252, 255)
(238, 250, 254)
(240, 251, 255)
(238, 248, 253)
(242, 251, 255)
(239, 249, 255)
(238, 250, 255)
(237, 250, 255)
(235, 249, 254)
(236, 249, 255)
(234, 248, 255)
(234, 249, 255)
(231, 246, 253)
(232, 246, 254)
(232, 246, 255)
(232, 246, 255)
(231, 245, 254)
(230, 244, 253)
(231, 245, 254)
(229, 245, 253)
(231, 245, 254)
(231, 245, 254)
(233, 245, 254)
(216, 235, 242)
(215, 233, 240)
(217, 234, 241)
(216, 233, 240)
(214, 231, 238)
(216, 234, 239)
(214, 233, 237)
(214, 233, 238)
(209, 228, 233)
(208, 229, 234)
(206, 226, 231)
(206, 223, 229)
(202, 220, 224)
(198, 217, 221)
(196, 212, 219)
(192, 208, 214)
(187, 206, 209)
(183, 202, 206)
(181, 200, 204)
(178, 194, 199)
(177, 192, 196)
(174, 192, 194)
(172, 190, 196)
(173, 188, 194)
(173, 187, 191)
(171, 185, 193)
(175, 184, 191)
(145, 144, 143)
(138, 117, 104)
(150, 124, 108)
(166, 136, 119)
(174, 148, 131)
(185, 154, 139)
(191, 156, 139)
(198, 155, 138)
(203, 160, 143)
(203, 163, 147)
(206, 167, 151)
(205, 169, 152)
(202, 171, 156)
(191, 167, 155)
(176, 166, 157)
(178, 187, 185)
(175, 189, 194)
(174, 188, 191)
(176, 190, 192)
(178, 189, 193)
(182, 182, 188)
(128, 112, 109)
(124, 89, 79)
(150, 111, 96)
(176, 144, 125)
(196, 160, 146)
(203, 167, 157)
(198, 166, 154)
(204, 173, 161)
(208, 178, 166)
(215, 184, 172)
(214, 184, 168)
(210, 182, 165)
(201, 174, 158)
(177, 151, 137)
(180, 151, 140)
(177, 161, 156)
(180, 189, 188)
(178, 190, 192)
(182, 188, 193)
(152, 136, 137)
(135, 98, 89)
(160, 123, 103)
(175, 138, 120)
(175, 140, 125)
(188, 153, 140)
(199, 164, 151)
(203, 169, 154)
(214, 179, 165)
(209, 180, 167)
(215, 180, 166)
(206, 169, 156)
(180, 144, 131)
(188, 158, 142)
(210, 200, 191)
(237, 246, 247)
(238, 251, 253)
(240, 253, 255)
(238, 253, 255)
(242, 251, 255)
(242, 244, 249)
(171, 158, 155)
(131, 95, 87)
(137, 94, 79)
(146, 105, 89)
(163, 123, 109)
(180, 144, 132)
(186, 150, 138)
(190, 155, 138)
(190, 152, 135)
(197, 154, 139)
(209, 166, 150)
(214, 178, 158)
(216, 189, 167)
(218, 196, 180)
(218, 208, 199)
(235, 240, 240)
(243, 254, 255)
(240, 252, 255)
(238, 250, 254)
(241, 252, 255)
(240, 249, 254)
(242, 251, 255)
(239, 249, 255)
(238, 249, 255)
(238, 250, 255)
(236, 249, 255)
(235, 249, 255)
(234, 249, 255)
(233, 249, 255)
(231, 245, 253)
(233, 246, 254)
(233, 247, 255)
(231, 245, 254)
(230, 244, 253)
(230, 244, 253)
(231, 245, 254)
(229, 244, 253)
(232, 246, 255)
(231, 245, 254)
(231, 244, 254)
(217, 236, 243)
(215, 232, 240)
(217, 234, 241)
(216, 233, 240)
(215, 232, 238)
(214, 232, 236)
(212, 231, 235)
(212, 230, 235)
(207, 226, 232)
(205, 226, 231)
(204, 225, 229)
(201, 220, 224)
(196, 215, 219)
(196, 215, 219)
(194, 209, 214)
(187, 203, 208)
(185, 203, 207)
(180, 199, 203)
(180, 198, 201)
(174, 190, 193)
(176, 190, 193)
(171, 189, 191)
(169, 189, 195)
(173, 189, 195)
(175, 190, 195)
(173, 189, 196)
(173, 181, 187)
(136, 130, 126)
(139, 116, 100)
(154, 125, 109)
(168, 134, 120)
(178, 148, 132)
(188, 153, 139)
(188, 154, 135)
(195, 154, 136)
(202, 157, 141)
(205, 166, 148)
(202, 166, 147)
(202, 169, 150)
(196, 169, 153)
(182, 164, 151)
(179, 175, 167)
(178, 187, 188)
(174, 187, 194)
(175, 187, 192)
(176, 190, 193)
(175, 188, 193)
(180, 181, 187)
(122, 104, 100)
(127, 90, 79)
(147, 109, 92)
(177, 143, 125)
(197, 160, 148)
(209, 175, 164)
(214, 183, 170)
(215, 182, 171)
(208, 176, 164)
(211, 180, 168)
(213, 182, 168)
(213, 184, 168)
(209, 181, 165)
(203, 177, 163)
(180, 151, 140)
(173, 159, 156)
(183, 193, 193)
(183, 194, 196)
(190, 192, 195)
(142, 120, 118)
(134, 93, 81)
(161, 124, 102)
(184, 149, 128)
(194, 161, 144)
(204, 172, 158)
(207, 175, 162)
(209, 177, 162)
(213, 182, 166)
(206, 181, 167)
(211, 182, 166)
(209, 177, 163)
(201, 167, 153)
(191, 162, 146)
(203, 193, 184)
(238, 248, 249)
(239, 253, 255)
(238, 251, 254)
(240, 254, 255)
(240, 249, 252)
(241, 245, 249)
(184, 173, 172)
(129, 95, 87)
(136, 90, 75)
(144, 98, 83)
(162, 117, 104)
(171, 131, 119)
(172, 134, 119)
(174, 135, 118)
(183, 142, 124)
(195, 149, 133)
(206, 159, 142)
(214, 175, 155)
(222, 190, 170)
(220, 194, 177)
(220, 202, 192)
(222, 220, 216)
(243, 250, 250)
(241, 253, 255)
(237, 252, 255)
(239, 251, 255)
(239, 250, 254)
(240, 250, 255)
(240, 251, 255)
(238, 249, 254)
(238, 249, 255)
(235, 248, 254)
(235, 248, 254)
(231, 247, 254)
(231, 248, 255)
(231, 245, 253)
(234, 247, 255)
(232, 246, 255)
(230, 244, 253)
(230, 244, 253)
(232, 246, 255)
(232, 246, 255)
(231, 244, 253)
(234, 247, 255)
(233, 246, 255)
(231, 244, 253)
(217, 236, 242)
(215, 232, 239)
(215, 232, 238)
(213, 231, 235)
(213, 231, 235)
(212, 230, 234)
(210, 229, 234)
(212, 230, 236)
(205, 224, 230)
(203, 224, 229)
(200, 221, 225)
(195, 214, 219)
(196, 214, 218)
(189, 208, 212)
(192, 206, 212)
(186, 201, 206)
(185, 201, 206)
(179, 197, 200)
(173, 191, 193)
(173, 190, 192)
(173, 188, 191)
(173, 190, 191)
(169, 190, 193)
(171, 188, 192)
(172, 187, 191)
(170, 186, 192)
(163, 168, 170)
(135, 119, 113)
(143, 117, 100)
(159, 127, 112)
(171, 131, 118)
(176, 140, 126)
(189, 150, 136)
(192, 156, 138)
(197, 157, 140)
(200, 155, 140)
(200, 163, 145)
(200, 165, 145)
(201, 168, 149)
(193, 169, 153)
(179, 168, 156)
(183, 183, 177)
(178, 186, 189)
(181, 192, 198)
(178, 188, 193)
(175, 189, 191)
(177, 191, 195)
(175, 179, 182)
(121, 102, 97)
(132, 94, 82)
(152, 114, 96)
(174, 140, 121)
(200, 162, 148)
(210, 176, 164)
(217, 185, 171)
(223, 188, 176)
(224, 189, 178)
(217, 183, 171)
(203, 170, 155)
(212, 180, 164)
(213, 183, 168)
(206, 177, 164)
(190, 162, 150)
(175, 165, 161)
(182, 193, 194)
(186, 195, 199)
(188, 190, 191)
(128, 100, 96)
(137, 94, 78)
(152, 115, 93)
(172, 138, 118)
(190, 159, 140)
(204, 173, 156)
(214, 182, 166)
(215, 185, 168)
(218, 188, 169)
(221, 190, 177)
(219, 187, 172)
(218, 186, 172)
(212, 182, 166)
(203, 177, 160)
(196, 191, 181)
(232, 247, 245)
(237, 251, 252)
(239, 252, 255)
(239, 253, 255)
(240, 249, 252)
(239, 246, 250)
(208, 203, 204)
(128, 100, 96)
(132, 89, 77)
(144, 97, 85)
(156, 108, 95)
(160, 117, 104)
(159, 119, 102)
(167, 124, 107)
(183, 137, 120)
(201, 153, 138)
(214, 165, 148)
(220, 179, 160)
(224, 190, 172)
(227, 195, 181)
(228, 201, 190)
(220, 207, 198)
(226, 227, 221)
(241, 252, 253)
(235, 250, 255)
(236, 251, 255)
(238, 250, 254)
(239, 251, 255)
(236, 248, 254)
(238, 250, 255)
(236, 249, 254)
(236, 249, 255)
(235, 248, 254)
(232, 248, 255)
(230, 247, 254)
(231, 245, 253)
(232, 246, 255)
(231, 245, 254)
(231, 245, 254)
(230, 244, 253)
(231, 244, 253)
(231, 244, 253)
(232, 243, 253)
(234, 245, 255)
(233, 244, 254)
(231, 244, 253)
(217, 236, 242)
(215, 233, 238)
(214, 232, 237)
(211, 229, 233)
(212, 230, 234)
(210, 228, 233)
(207, 226, 231)
(210, 226, 233)
(202, 221, 227)
(200, 221, 226)
(195, 216, 221)
(194, 212, 217)
(190, 208, 213)
(187, 205, 209)
(186, 200, 206)
(182, 197, 202)
(182, 198, 203)
(177, 193, 197)
(173, 191, 193)
(174, 191, 193)
(173, 189, 191)
(173, 188, 190)
(168, 189, 191)
(173, 191, 193)
(175, 189, 193)
(172, 187, 193)
(154, 154, 154)
(135, 112, 105)
(148, 117, 102)
(161, 125, 112)
(171, 130, 118)
(174, 135, 122)
(192, 150, 136)
(194, 155, 140)
(197, 156, 141)
(198, 154, 141)
(197, 160, 144)
(197, 162, 144)
(197, 164, 147)
(190, 167, 154)
(175, 169, 159)
(182, 188, 181)
(178, 188, 190)
(181, 192, 196)
(178, 188, 192)
(176, 189, 191)
(178, 191, 196)
(176, 180, 182)
(123, 104, 97)
(129, 93, 80)
(151, 115, 96)
(173, 139, 119)
(201, 165, 149)
(209, 177, 162)
(220, 187, 171)
(225, 189, 176)
(226, 189, 179)
(226, 191, 178)
(216, 183, 166)
(211, 178, 160)
(212, 180, 164)
(208, 177, 165)
(193, 170, 156)
(181, 177, 172)
(182, 195, 198)
(188, 196, 202)
(192, 192, 194)
(128, 99, 95)
(133, 92, 75)
(144, 107, 87)
(162, 127, 108)
(178, 147, 127)
(201, 170, 150)
(214, 181, 162)
(219, 187, 169)
(223, 193, 174)
(225, 190, 177)
(225, 191, 176)
(222, 192, 176)
(221, 192, 175)
(217, 192, 175)
(205, 198, 188)
(230, 245, 242)
(236, 253, 252)
(240, 252, 255)
(240, 253, 255)
(242, 251, 254)
(241, 250, 253)
(226, 226, 229)
(142, 121, 120)
(126, 91, 82)
(136, 94, 83)
(147, 102, 88)
(151, 107, 92)
(154, 111, 95)
(164, 117, 100)
(178, 131, 113)
(202, 152, 135)
(217, 166, 150)
(225, 183, 166)
(226, 191, 176)
(231, 196, 183)
(233, 201, 189)
(225, 204, 191)
(218, 210, 201)
(236, 243, 243)
(233, 250, 253)
(232, 248, 252)
(237, 250, 253)
(236, 248, 253)
(236, 250, 255)
(236, 250, 255)
(236, 249, 255)
(234, 247, 253)
(235, 249, 255)
(232, 247, 255)
(230, 247, 254)
(232, 246, 254)
(232, 246, 255)
(230, 244, 253)
(229, 243, 253)
(230, 244, 253)
(230, 243, 252)
(233, 245, 254)
(232, 243, 253)
(234, 245, 255)
(231, 244, 253)
(229, 243, 252)
(215, 234, 239)
(214, 232, 236)
(213, 231, 235)
(210, 228, 231)
(211, 229, 233)
(208, 226, 231)
(204, 223, 229)
(207, 223, 230)
(199, 218, 224)
(198, 219, 224)
(192, 212, 217)
(190, 208, 214)
(189, 205, 212)
(188, 204, 211)
(182, 198, 205)
(181, 196, 201)
(179, 195, 200)
(175, 190, 194)
(175, 191, 194)
(172, 190, 191)
(172, 189, 189)
(173, 187, 189)
(170, 191, 192)
(174, 191, 193)
(173, 186, 190)
(173, 188, 192)
(142, 137, 137)
(147, 116, 108)
(161, 123, 112)
(166, 128, 117)
(171, 129, 117)
(172, 133, 118)
(189, 147, 131)
(196, 155, 141)
(202, 158, 146)
(196, 154, 143)
(196, 159, 145)
(202, 166, 151)
(197, 164, 150)
(187, 166, 155)
(176, 174, 166)
(178, 188, 183)
(178, 190, 192)
(178, 190, 193)
(180, 190, 192)
(178, 189, 192)
(177, 190, 195)
(181, 183, 186)
(126, 106, 99)
(127, 93, 80)
(150, 116, 97)
(174, 141, 120)
(202, 166, 149)
(214, 182, 165)
(221, 187, 169)
(223, 187, 173)
(229, 193, 180)
(226, 190, 175)
(229, 195, 177)
(221, 188, 169)
(216, 184, 167)
(208, 176, 163)
(201, 180, 166)
(186, 188, 182)
(183, 198, 202)
(193, 202, 209)
(197, 197, 199)
(128, 100, 96)
(131, 92, 76)
(142, 102, 85)
(160, 125, 105)
(174, 142, 121)
(199, 167, 145)
(215, 180, 159)
(220, 186, 167)
(223, 191, 172)
(228, 191, 179)
(229, 195, 179)
(224, 194, 178)
(226, 197, 181)
(224, 197, 179)
(217, 206, 196)
(237, 247, 245)
(236, 253, 252)
(238, 251, 255)
(241, 253, 255)
(243, 251, 254)
(241, 252, 255)
(236, 241, 244)
(185, 173, 173)
(121, 97, 90)
(133, 98, 87)
(142, 98, 86)
(144, 101, 87)
(151, 107, 92)
(162, 113, 98)
(175, 126, 108)
(199, 149, 132)
(213, 160, 146)
(221, 179, 163)
(227, 190, 177)
(238, 201, 190)
(240, 205, 192)
(230, 202, 184)
(221, 205, 193)
(229, 232, 230)
(233, 248, 253)
(233, 249, 254)
(238, 250, 254)
(238, 249, 253)
(235, 250, 254)
(234, 249, 254)
(237, 249, 255)
(235, 248, 254)
(236, 249, 255)
(233, 246, 254)
(232, 248, 255)
(231, 247, 254)
(232, 246, 255)
(230, 244, 253)
(229, 243, 252)
(231, 244, 253)
(229, 241, 251)
(233, 244, 254)
(230, 241, 251)
(234, 245, 255)
(231, 244, 253)
(228, 243, 252)
(214, 233, 237)
(213, 231, 235)
(212, 230, 234)
(209, 227, 231)
(208, 226, 231)
(206, 224, 230)
(202, 221, 228)
(203, 219, 227)
(195, 213, 220)
(194, 215, 219)
(188, 208, 213)
(187, 205, 211)
(186, 202, 209)
(182, 198, 204)
(181, 197, 203)
(178, 192, 199)
(176, 191, 196)
(174, 189, 194)
(175, 190, 194)
(171, 188, 190)
(173, 189, 191)
(175, 188, 190)
(171, 189, 191)
(174, 191, 194)
(175, 187, 191)
(171, 181, 184)
(130, 120, 118)
(152, 117, 108)
(170, 129, 119)
(175, 135, 124)
(178, 138, 125)
(183, 145, 130)
(183, 140, 125)
(195, 152, 139)
(200, 153, 143)
(198, 156, 147)
(197, 161, 148)
(203, 165, 152)
(198, 164, 151)
(181, 163, 153)
(182, 185, 179)
(178, 190, 187)
(181, 193, 195)
(176, 188, 192)
(180, 191, 193)
(178, 190, 193)
(176, 188, 192)
(186, 186, 189)
(128, 107, 101)
(138, 103, 90)
(158, 121, 102)
(181, 146, 125)
(199, 163, 146)
(210, 177, 160)
(222, 187, 170)
(227, 191, 175)
(229, 193, 178)
(229, 194, 179)
(228, 194, 175)
(225, 191, 172)
(221, 188, 171)
(220, 189, 175)
(206, 188, 175)
(192, 194, 191)
(190, 206, 212)
(196, 206, 214)
(200, 202, 205)
(124, 99, 95)
(134, 96, 81)
(147, 108, 92)
(156, 122, 103)
(178, 146, 125)
(199, 166, 144)
(218, 183, 162)
(223, 189, 170)
(220, 187, 169)
(227, 194, 179)
(230, 197, 180)
(231, 201, 184)
(228, 196, 179)
(229, 198, 179)
(223, 207, 198)
(238, 243, 243)
(237, 254, 253)
(239, 252, 255)
(242, 253, 255)
(242, 251, 254)
(239, 251, 254)
(238, 246, 249)
(239, 236, 237)
(155, 143, 140)
(126, 99, 92)
(139, 102, 91)
(145, 102, 89)
(150, 104, 90)
(159, 110, 96)
(170, 121, 104)
(193, 143, 125)
(208, 155, 141)
(219, 174, 162)
(223, 186, 175)
(236, 200, 190)
(243, 207, 194)
(237, 202, 185)
(229, 207, 193)
(217, 214, 209)
(232, 244, 248)
(234, 250, 255)
(235, 248, 254)
(239, 251, 255)
(232, 248, 253)
(237, 252, 255)
(236, 249, 255)
(235, 248, 254)
(236, 249, 255)
(233, 248, 255)
(232, 248, 255)
(232, 247, 254)
(232, 246, 255)
(231, 245, 254)
(231, 245, 254)
(232, 245, 254)
(230, 241, 251)
(234, 245, 255)
(232, 245, 254)
(233, 246, 255)
(231, 245, 254)
(228, 243, 252)
(215, 233, 239)
(213, 231, 237)
(209, 226, 233)
(205, 222, 230)
(203, 222, 230)
(202, 220, 230)
(197, 215, 225)
(197, 215, 225)
(190, 209, 214)
(190, 209, 212)
(185, 204, 209)
(183, 200, 209)
(182, 197, 206)
(179, 194, 199)
(181, 194, 199)
(175, 188, 195)
(176, 189, 196)
(173, 188, 194)
(174, 189, 194)
(172, 187, 191)
(175, 189, 192)
(173, 188, 190)
(173, 189, 193)
(174, 190, 196)
(175, 185, 192)
(161, 159, 161)
(135, 114, 107)
(160, 126, 113)
(179, 138, 127)
(182, 143, 129)
(189, 149, 137)
(199, 158, 146)
(198, 154, 143)
(198, 152, 140)
(195, 148, 137)
(191, 151, 141)
(190, 157, 141)
(199, 159, 145)
(191, 159, 146)
(174, 169, 159)
(179, 188, 186)
(180, 188, 193)
(180, 188, 193)
(176, 189, 191)
(175, 190, 193)
(178, 190, 194)
(177, 190, 190)
(183, 185, 185)
(131, 109, 106)
(145, 106, 93)
(166, 120, 104)
(186, 145, 130)
(198, 162, 147)
(210, 174, 157)
(221, 184, 170)
(228, 191, 175)
(231, 195, 177)
(228, 194, 177)
(227, 191, 175)
(228, 191, 175)
(224, 190, 174)
(217, 189, 174)
(205, 189, 178)
(197, 197, 196)
(196, 208, 214)
(198, 212, 219)
(202, 207, 209)
(129, 113, 107)
(132, 94, 79)
(138, 106, 86)
(154, 123, 103)
(175, 144, 125)
(198, 167, 148)
(212, 182, 164)
(215, 186, 170)
(221, 192, 177)
(227, 199, 180)
(233, 200, 182)
(237, 201, 185)
(235, 199, 180)
(233, 201, 180)
(225, 210, 198)
(237, 241, 243)
(238, 252, 255)
(238, 252, 255)
(240, 253, 254)
(239, 251, 253)
(241, 252, 254)
(240, 250, 252)
(238, 246, 250)
(221, 222, 226)
(152, 137, 135)
(132, 102, 94)
(144, 102, 92)
(151, 103, 93)
(154, 105, 92)
(165, 117, 101)
(184, 135, 116)
(208, 152, 139)
(215, 163, 155)
(220, 181, 171)
(230, 198, 186)
(243, 207, 195)
(237, 199, 188)
(227, 201, 186)
(220, 211, 199)
(235, 242, 238)
(235, 249, 255)
(233, 250, 255)
(233, 249, 254)
(234, 249, 254)
(235, 250, 255)
(234, 249, 254)
(233, 248, 253)
(235, 250, 255)
(231, 247, 254)
(231, 247, 254)
(233, 247, 255)
(231, 244, 253)
(233, 244, 254)
(233, 244, 253)
(231, 244, 253)
(230, 244, 253)
(231, 246, 255)
(230, 244, 252)
(232, 247, 254)
(227, 241, 250)
(227, 243, 251)
(210, 229, 235)
(207, 226, 232)
(206, 226, 232)
(203, 222, 229)
(200, 219, 226)
(200, 219, 226)
(194, 213, 220)
(194, 213, 220)
(187, 206, 210)
(186, 206, 208)
(185, 203, 207)
(180, 197, 205)
(180, 196, 203)
(177, 192, 196)
(177, 191, 195)
(175, 189, 193)
(175, 190, 195)
(172, 188, 194)
(174, 190, 195)
(173, 188, 191)
(175, 190, 193)
(173, 190, 190)
(172, 190, 192)
(175, 191, 195)
(178, 186, 190)
(143, 135, 136)
(144, 118, 110)
(163, 125, 112)
(178, 138, 124)
(183, 143, 129)
(192, 152, 138)
(201, 159, 147)
(203, 161, 149)
(201, 156, 145)
(198, 155, 144)
(195, 157, 147)
(184, 152, 137)
(194, 157, 143)
(185, 158, 145)
(172, 171, 161)
(178, 190, 188)
(179, 191, 195)
(178, 188, 192)
(174, 188, 190)
(176, 191, 194)
(177, 189, 193)
(174, 189, 188)
(181, 186, 185)
(137, 119, 115)
(142, 109, 95)
(168, 126, 109)
(187, 148, 132)
(200, 165, 148)
(212, 176, 158)
(221, 184, 170)
(230, 192, 177)
(234, 196, 179)
(230, 194, 178)
(228, 191, 175)
(228, 191, 173)
(222, 190, 173)
(216, 191, 175)
(204, 191, 180)
(200, 203, 202)
(198, 211, 217)
(202, 217, 222)
(207, 214, 217)
(137, 124, 118)
(127, 93, 80)
(139, 102, 85)
(156, 120, 103)
(174, 138, 122)
(191, 160, 143)
(206, 179, 162)
(212, 188, 170)
(220, 196, 179)
(230, 200, 182)
(236, 203, 185)
(239, 202, 187)
(236, 201, 182)
(234, 202, 182)
(222, 208, 195)
(235, 238, 238)
(239, 252, 255)
(239, 253, 255)
(239, 253, 255)
(239, 251, 254)
(242, 253, 254)
(242, 252, 254)
(241, 250, 254)
(239, 242, 246)
(209, 201, 198)
(147, 125, 119)
(138, 104, 96)
(145, 105, 95)
(155, 109, 96)
(162, 115, 98)
(178, 127, 110)
(198, 145, 131)
(207, 160, 148)
(216, 178, 165)
(229, 197, 184)
(241, 205, 194)
(236, 198, 185)
(228, 197, 183)
(220, 208, 196)
(233, 239, 236)
(235, 250, 255)
(233, 250, 255)
(232, 249, 253)
(232, 247, 252)
(235, 248, 254)
(235, 248, 254)
(235, 247, 253)
(235, 249, 254)
(232, 248, 253)
(233, 248, 255)
(231, 246, 254)
(231, 245, 254)
(233, 246, 253)
(231, 244, 252)
(232, 246, 253)
(232, 244, 253)
(233, 245, 254)
(231, 244, 252)
(232, 246, 254)
(228, 242, 251)
(228, 242, 252)
(209, 228, 234)
(205, 224, 231)
(205, 224, 230)
(199, 218, 224)
(195, 214, 220)
(196, 215, 220)
(190, 209, 213)
(192, 211, 216)
(183, 203, 205)
(183, 203, 204)
(180, 198, 201)
(178, 196, 200)
(178, 193, 199)
(177, 192, 195)
(175, 190, 192)
(174, 189, 192)
(175, 190, 194)
(172, 188, 193)
(174, 191, 195)
(173, 189, 192)
(176, 192, 194)
(171, 190, 188)
(172, 191, 191)
(176, 191, 194)
(179, 182, 184)
(136, 123, 121)
(152, 120, 111)
(166, 123, 108)
(175, 136, 119)
(184, 143, 127)
(192, 150, 136)
(207, 163, 151)
(208, 164, 153)
(202, 159, 148)
(204, 163, 152)
(202, 165, 154)
(185, 153, 139)
(185, 152, 138)
(175, 154, 141)
(172, 178, 167)
(173, 189, 185)
(176, 192, 194)
(178, 190, 193)
(178, 192, 193)
(174, 190, 191)
(178, 190, 194)
(175, 192, 191)
(179, 189, 186)
(135, 124, 117)
(139, 110, 94)
(170, 130, 113)
(191, 152, 135)
(202, 166, 150)
(216, 178, 160)
(224, 186, 171)
(231, 191, 175)
(235, 197, 181)
(231, 195, 179)
(231, 194, 177)
(230, 193, 175)
(223, 192, 174)
(216, 193, 176)
(197, 189, 178)
(201, 207, 207)
(201, 216, 221)
(207, 222, 228)
(211, 218, 222)
(172, 162, 158)
(127, 96, 86)
(139, 101, 84)
(152, 113, 97)
(173, 135, 120)
(189, 157, 142)
(206, 180, 164)
(213, 191, 174)
(222, 199, 181)
(230, 199, 181)
(236, 200, 182)
(239, 202, 186)
(238, 203, 184)
(237, 205, 184)
(225, 211, 196)
(233, 237, 234)
(240, 252, 255)
(239, 253, 255)
(240, 254, 255)
(239, 253, 255)
(241, 253, 255)
(240, 251, 253)
(243, 253, 255)
(241, 249, 251)
(241, 240, 239)
(202, 190, 188)
(135, 113, 109)
(140, 109, 101)
(151, 112, 99)
(162, 117, 100)
(170, 122, 105)
(182, 136, 118)
(196, 155, 138)
(209, 173, 157)
(222, 189, 175)
(233, 199, 187)
(233, 193, 180)
(229, 197, 182)
(218, 204, 194)
(235, 241, 238)
(235, 250, 254)
(231, 248, 254)
(232, 249, 252)
(234, 249, 253)
(236, 249, 255)
(236, 249, 255)
(236, 248, 254)
(236, 249, 255)
(235, 248, 254)
(235, 248, 255)
(227, 244, 252)
(229, 245, 253)
(231, 245, 253)
(230, 244, 251)
(234, 246, 254)
(233, 244, 254)
(233, 244, 254)
(232, 245, 253)
(233, 246, 254)
(228, 242, 251)
(229, 243, 253)
(202, 221, 227)
(199, 219, 225)
(200, 221, 226)
(193, 214, 218)
(191, 212, 215)
(191, 211, 214)
(187, 207, 208)
(187, 205, 207)
(181, 199, 201)
(180, 198, 199)
(176, 194, 195)
(174, 192, 194)
(175, 192, 193)
(174, 190, 191)
(175, 191, 190)
(173, 189, 190)
(174, 191, 192)
(172, 190, 192)
(173, 191, 193)
(171, 188, 190)
(172, 189, 191)
(171, 190, 188)
(172, 190, 191)
(177, 190, 192)
(168, 166, 165)
(135, 116, 110)
(154, 118, 106)
(174, 128, 112)
(176, 135, 116)
(186, 142, 125)
(194, 149, 133)
(206, 159, 147)
(212, 165, 155)
(206, 162, 151)
(206, 165, 154)
(203, 166, 155)
(195, 161, 148)
(184, 152, 140)
(167, 152, 141)
(174, 185, 175)
(174, 193, 189)
(176, 193, 193)
(178, 191, 193)
(179, 193, 194)
(176, 189, 190)
(177, 188, 192)
(173, 191, 190)
(177, 190, 187)
(133, 125, 117)
(139, 112, 95)
(171, 131, 114)
(194, 154, 138)
(202, 166, 149)
(216, 179, 160)
(222, 186, 170)
(229, 192, 175)
(232, 195, 179)
(231, 195, 179)
(232, 195, 177)
(229, 193, 174)
(223, 192, 174)
(214, 191, 174)
(202, 198, 188)
(204, 213, 213)
(206, 221, 227)
(209, 223, 230)
(214, 223, 228)
(215, 209, 209)
(115, 92, 85)
(134, 100, 82)
(147, 108, 92)
(169, 130, 116)
(192, 159, 144)
(207, 180, 163)
(212, 186, 169)
(219, 191, 174)
(227, 194, 176)
(233, 198, 178)
(237, 200, 184)
(239, 204, 186)
(237, 205, 184)
(228, 213, 197)
(230, 234, 228)
(238, 250, 254)
(240, 252, 255)
(239, 253, 255)
(236, 250, 253)
(240, 253, 255)
(241, 252, 254)
(241, 252, 254)
(241, 253, 255)
(242, 249, 252)
(238, 238, 240)
(154, 145, 146)
(137, 116, 112)
(144, 113, 102)
(154, 113, 99)
(168, 122, 107)
(172, 129, 112)
(190, 147, 130)
(204, 161, 144)
(215, 173, 159)
(225, 187, 176)
(226, 189, 175)
(223, 195, 182)
(211, 201, 193)
(238, 244, 244)
(234, 249, 254)
(231, 248, 254)
(233, 250, 252)
(236, 250, 254)
(238, 250, 255)
(237, 249, 255)
(235, 247, 253)
(236, 248, 254)
(234, 245, 253)
(234, 247, 255)
(231, 247, 255)
(230, 246, 253)
(232, 247, 254)
(233, 247, 255)
(233, 246, 254)
(233, 244, 253)
(235, 245, 255)
(234, 246, 254)
(231, 244, 252)
(229, 242, 252)
(229, 243, 254)
(202, 221, 227)
(196, 217, 222)
(193, 215, 220)
(187, 209, 213)
(187, 208, 210)
(188, 208, 209)
(183, 202, 202)
(181, 199, 200)
(179, 197, 198)
(176, 194, 195)
(175, 193, 193)
(175, 192, 192)
(174, 190, 190)
(174, 190, 190)
(172, 189, 188)
(171, 188, 187)
(171, 189, 190)
(169, 189, 190)
(170, 190, 191)
(168, 186, 188)
(171, 188, 189)
(174, 190, 189)
(172, 188, 188)
(180, 188, 190)
(156, 149, 147)
(143, 120, 110)
(158, 121, 105)
(176, 131, 112)
(180, 136, 117)
(188, 141, 124)
(200, 149, 136)
(208, 159, 146)
(212, 165, 153)
(213, 167, 157)
(209, 166, 156)
(207, 167, 156)
(203, 165, 152)
(187, 157, 146)
(169, 159, 150)
(173, 186, 179)
(172, 191, 187)
(176, 193, 192)
(178, 191, 192)
(179, 191, 193)
(180, 190, 193)
(182, 191, 196)
(176, 193, 193)
(179, 190, 188)
(134, 122, 116)
(144, 114, 98)
(169, 129, 112)
(194, 154, 138)
(209, 173, 156)
(217, 180, 162)
(224, 188, 172)
(230, 196, 178)
(227, 193, 175)
(228, 194, 176)
(231, 194, 176)
(231, 194, 175)
(223, 192, 174)
(216, 193, 176)
(200, 200, 191)
(206, 217, 217)
(206, 222, 228)
(212, 227, 232)
(220, 232, 237)
(222, 223, 225)
(142, 130, 125)
(128, 98, 80)
(145, 107, 90)
(164, 125, 109)
(194, 158, 143)
(206, 176, 159)
(213, 183, 166)
(219, 187, 169)
(223, 189, 171)
(234, 197, 178)
(238, 202, 184)
(236, 200, 184)
(233, 200, 181)
(226, 209, 193)
(228, 231, 222)
(240, 251, 254)
(239, 251, 254)
(236, 251, 254)
(237, 252, 255)
(239, 253, 255)
(241, 252, 254)
(241, 253, 255)
(241, 255, 255)
(241, 252, 255)
(238, 244, 250)
(215, 215, 219)
(139, 129, 129)
(142, 121, 113)
(146, 114, 105)
(161, 121, 112)
(169, 128, 117)
(177, 131, 118)
(201, 148, 135)
(209, 158, 147)
(215, 174, 162)
(211, 183, 170)
(207, 190, 181)
(221, 218, 216)
(234, 244, 248)
(235, 250, 255)
(234, 250, 255)
(234, 249, 254)
(237, 250, 255)
(238, 249, 255)
(237, 248, 254)
(236, 247, 253)
(237, 248, 254)
(235, 245, 252)
(234, 246, 254)
(233, 246, 255)
(231, 244, 252)
(235, 248, 255)
(229, 244, 251)
(232, 246, 254)
(229, 243, 251)
(231, 245, 254)
(230, 241, 250)
(229, 242, 251)
(230, 242, 253)
(229, 241, 254)
(196, 215, 221)
(191, 212, 217)
(189, 210, 215)
(186, 209, 212)
(184, 205, 207)
(182, 202, 203)
(180, 199, 199)
(178, 196, 196)
(174, 192, 194)
(173, 191, 194)
(171, 189, 190)
(173, 190, 190)
(174, 190, 190)
(173, 189, 189)
(172, 190, 189)
(170, 189, 187)
(170, 188, 189)
(169, 189, 190)
(171, 191, 192)
(168, 187, 188)
(170, 188, 188)
(175, 189, 189)
(174, 189, 191)
(179, 186, 187)
(145, 135, 130)
(146, 120, 109)
(161, 123, 107)
(174, 130, 112)
(183, 136, 119)
(189, 141, 124)
(200, 150, 136)
(209, 159, 145)
(214, 165, 152)
(211, 164, 154)
(208, 164, 152)
(204, 163, 151)
(205, 164, 152)
(190, 162, 150)
(173, 167, 160)
(174, 188, 183)
(174, 192, 190)
(177, 191, 191)
(179, 191, 193)
(180, 191, 193)
(180, 190, 193)
(181, 190, 195)
(176, 191, 192)
(179, 188, 188)
(142, 128, 122)
(141, 109, 94)
(172, 132, 114)
(191, 154, 138)
(208, 175, 157)
(214, 180, 160)
(224, 189, 173)
(231, 198, 180)
(230, 198, 179)
(228, 194, 175)
(232, 194, 176)
(231, 193, 174)
(223, 190, 172)
(217, 194, 177)
(202, 204, 196)
(209, 222, 222)
(211, 226, 232)
(216, 230, 236)
(221, 233, 240)
(226, 231, 235)
(191, 184, 183)
(129, 100, 84)
(140, 101, 86)
(161, 120, 105)
(183, 148, 131)
(200, 172, 153)
(210, 183, 163)
(216, 185, 166)
(222, 189, 172)
(234, 197, 179)
(235, 199, 183)
(234, 199, 185)
(233, 198, 181)
(227, 207, 192)
(225, 224, 215)
(241, 250, 252)
(239, 251, 254)
(236, 251, 254)
(236, 251, 254)
(238, 252, 255)
(240, 251, 254)
(241, 253, 255)
(240, 254, 255)
(239, 251, 255)
(240, 250, 254)
(233, 238, 245)
(196, 193, 195)
(148, 136, 132)
(145, 124, 119)
(156, 130, 126)
(169, 140, 133)
(177, 140, 131)
(186, 142, 133)
(193, 152, 143)
(196, 165, 154)
(189, 173, 163)
(206, 201, 196)
(237, 242, 243)
(233, 246, 252)
(234, 249, 255)
(235, 248, 255)
(235, 248, 255)
(235, 248, 255)
(234, 247, 253)
(235, 247, 253)
(235, 247, 253)
(237, 249, 255)
(234, 246, 254)
(232, 245, 253)
(233, 244, 254)
(233, 245, 254)
(233, 246, 254)
(230, 245, 252)
(230, 246, 253)
(228, 243, 251)
(229, 245, 253)
(232, 243, 253)
(230, 242, 253)
(229, 241, 253)
(228, 240, 253)
(193, 212, 218)
(187, 208, 213)
(186, 207, 212)
(183, 206, 208)
(181, 202, 204)
(179, 200, 200)
(177, 195, 195)
(177, 194, 194)
(173, 191, 193)
(173, 191, 195)
(170, 188, 190)
(173, 190, 190)
(174, 190, 190)
(172, 188, 190)
(171, 189, 187)
(169, 187, 188)
(172, 190, 191)
(169, 189, 190)
(170, 190, 191)
(168, 188, 188)
(169, 187, 187)
(173, 190, 189)
(172, 188, 191)
(177, 184, 184)
(140, 129, 123)
(149, 121, 109)
(163, 123, 107)
(178, 135, 118)
(186, 139, 123)
(189, 142, 126)
(197, 149, 134)
(204, 155, 141)
(211, 163, 149)
(212, 164, 152)
(209, 164, 150)
(203, 162, 148)
(203, 162, 148)
(189, 161, 150)
(175, 172, 166)
(173, 189, 186)
(174, 191, 190)
(176, 190, 190)
(178, 189, 193)
(179, 190, 192)
(180, 190, 194)
(181, 190, 195)
(176, 190, 192)
(181, 189, 189)
(143, 127, 122)
(147, 116, 102)
(174, 136, 118)
(189, 155, 138)
(207, 177, 158)
(217, 184, 164)
(225, 191, 175)
(230, 197, 179)
(234, 201, 181)
(231, 197, 178)
(235, 197, 178)
(232, 195, 176)
(226, 195, 178)
(214, 192, 177)
(206, 210, 203)
(211, 225, 226)
(214, 228, 233)
(222, 234, 239)
(223, 236, 242)
(230, 239, 244)
(221, 220, 221)
(128, 102, 90)
(137, 101, 89)
(155, 115, 100)
(177, 144, 125)
(194, 169, 147)
(208, 184, 163)
(216, 186, 169)
(219, 187, 172)
(233, 198, 181)
(234, 201, 184)
(234, 198, 185)
(235, 199, 184)
(228, 205, 191)
(222, 218, 210)
(242, 250, 252)
(240, 251, 253)
(239, 253, 255)
(236, 251, 254)
(238, 252, 254)
(241, 252, 254)
(242, 254, 255)
(239, 252, 255)
(242, 253, 255)
(241, 252, 255)
(238, 247, 252)
(233, 238, 241)
(203, 201, 201)
(164, 157, 155)
(152, 144, 142)
(167, 156, 153)
(175, 157, 153)
(179, 156, 151)
(174, 153, 148)
(181, 168, 160)
(194, 191, 186)
(232, 236, 236)
(237, 247, 252)
(232, 247, 254)
(234, 248, 255)
(235, 248, 255)
(235, 248, 255)
(235, 248, 255)
(235, 248, 255)
(234, 247, 253)
(234, 247, 253)
(236, 248, 255)
(234, 247, 255)
(233, 246, 254)
(233, 244, 254)
(234, 245, 255)
(233, 246, 254)
(232, 247, 254)
(230, 246, 253)
(229, 245, 253)
(229, 245, 253)
(230, 242, 252)
(229, 241, 252)
(228, 240, 252)
(227, 240, 252)
(191, 210, 215)
(184, 205, 209)
(182, 204, 208)
(177, 201, 203)
(178, 199, 201)
(177, 196, 198)
(176, 193, 194)
(178, 194, 195)
(172, 189, 193)
(172, 189, 195)
(169, 187, 190)
(174, 191, 191)
(173, 189, 189)
(172, 187, 190)
(171, 188, 189)
(167, 185, 187)
(171, 189, 191)
(169, 189, 190)
(169, 189, 190)
(170, 190, 190)
(170, 190, 189)
(169, 188, 187)
(169, 187, 189)
(175, 183, 184)
(139, 125, 120)
(154, 123, 111)
(172, 128, 113)
(180, 135, 121)
(186, 140, 125)
(187, 142, 127)
(192, 147, 132)
(197, 152, 137)
(204, 158, 143)
(207, 159, 145)
(204, 159, 144)
(202, 162, 146)
(201, 159, 145)
(188, 161, 150)
(179, 180, 175)
(172, 189, 188)
(172, 189, 189)
(178, 191, 192)
(177, 190, 193)
(180, 194, 196)
(177, 191, 194)
(181, 192, 197)
(179, 194, 197)
(183, 191, 192)
(145, 129, 125)
(150, 119, 106)
(174, 140, 121)
(189, 161, 142)
(209, 184, 164)
(217, 186, 166)
(226, 190, 174)
(232, 196, 178)
(234, 198, 180)
(233, 196, 178)
(232, 193, 175)
(231, 193, 175)
(225, 197, 181)
(214, 198, 184)
(210, 215, 208)
(217, 230, 231)
(219, 231, 236)
(224, 235, 240)
(225, 238, 245)
(227, 239, 246)
(233, 238, 242)
(153, 133, 126)
(130, 100, 90)
(145, 110, 96)
(170, 140, 120)
(192, 167, 145)
(206, 180, 162)
(207, 175, 162)
(212, 181, 167)
(219, 186, 169)
(224, 191, 174)
(230, 193, 181)
(234, 196, 183)
(228, 202, 189)
(222, 215, 207)
(243, 251, 252)
(240, 251, 252)
(242, 255, 255)
(238, 253, 255)
(238, 252, 254)
(241, 252, 254)
(241, 252, 253)
(238, 252, 254)
(242, 254, 255)
(243, 254, 255)
(239, 251, 254)
(236, 247, 251)
(233, 241, 244)
(229, 236, 237)
(216, 223, 224)
(214, 220, 220)
(222, 226, 227)
(223, 227, 227)
(217, 221, 221)
(223, 227, 227)
(232, 239, 240)
(238, 247, 252)
(236, 248, 255)
(232, 246, 254)
(235, 248, 253)
(234, 247, 253)
(234, 249, 255)
(231, 247, 254)
(233, 249, 255)
(233, 247, 255)
(236, 249, 255)
(235, 248, 255)
(233, 246, 254)
(233, 247, 255)
(231, 245, 254)
(229, 245, 253)
(231, 247, 254)
(230, 246, 253)
(231, 245, 253)
(231, 245, 254)
(231, 242, 252)
(229, 241, 252)
(229, 241, 252)
(230, 242, 254)
(226, 240, 251)
(188, 206, 210)
(184, 203, 207)
(179, 200, 204)
(174, 198, 200)
(174, 195, 197)
(173, 192, 194)
(169, 187, 188)
(175, 192, 194)
(168, 184, 189)
(168, 186, 191)
(169, 187, 190)
(171, 189, 189)
(170, 187, 187)
(170, 187, 190)
(172, 190, 192)
(168, 186, 188)
(170, 189, 192)
(168, 189, 190)
(171, 191, 192)
(170, 190, 190)
(170, 189, 189)
(167, 186, 186)
(170, 190, 191)
(168, 174, 175)
(138, 121, 116)
(156, 122, 111)
(172, 128, 114)
(180, 135, 122)
(185, 141, 125)
(186, 143, 127)
(189, 146, 130)
(198, 153, 138)
(201, 155, 139)
(195, 149, 133)
(200, 156, 140)
(199, 159, 142)
(198, 156, 142)
(186, 161, 149)
(175, 180, 174)
(173, 191, 191)
(178, 192, 195)
(176, 189, 190)
(175, 189, 192)
(175, 191, 194)
(174, 190, 193)
(175, 189, 193)
(177, 192, 195)
(181, 188, 189)
(146, 130, 127)
(148, 122, 107)
(168, 138, 119)
(191, 164, 146)
(209, 185, 165)
(218, 189, 170)
(228, 192, 177)
(234, 197, 179)
(235, 198, 179)
(233, 194, 178)
(231, 192, 175)
(232, 196, 179)
(222, 197, 180)
(214, 201, 187)
(213, 219, 214)
(220, 232, 235)
(222, 234, 240)
(227, 237, 244)
(230, 243, 251)
(237, 250, 255)
(230, 238, 243)
(195, 190, 186)
(122, 102, 93)
(135, 106, 92)
(160, 131, 112)
(187, 160, 141)
(197, 168, 152)
(206, 169, 159)
(209, 179, 164)
(211, 181, 163)
(220, 188, 170)
(222, 184, 170)
(222, 181, 167)
(221, 192, 178)
(223, 212, 202)
(241, 247, 247)
(242, 252, 254)
(241, 253, 255)
(239, 253, 255)
(239, 253, 254)
(241, 253, 255)
(242, 253, 255)
(237, 252, 254)
(240, 253, 253)
(239, 250, 251)
(237, 251, 253)
(237, 252, 255)
(234, 249, 253)
(237, 248, 252)
(236, 245, 250)
(237, 248, 252)
(233, 245, 250)
(235, 248, 253)
(235, 247, 252)
(237, 246, 253)
(240, 250, 255)
(235, 248, 255)
(235, 248, 255)
(235, 248, 255)
(236, 248, 253)
(234, 248, 252)
(233, 248, 254)
(233, 249, 255)
(231, 247, 254)
(234, 248, 255)
(232, 246, 254)
(233, 247, 255)
(231, 245, 254)
(232, 246, 255)
(230, 246, 254)
(230, 246, 254)
(229, 246, 254)
(230, 246, 253)
(230, 244, 252)
(233, 244, 254)
(234, 243, 254)
(229, 241, 252)
(227, 239, 251)
(228, 241, 252)
(224, 238, 248)
(187, 201, 206)
(183, 199, 205)
(176, 197, 203)
(170, 195, 198)
(169, 193, 194)
(168, 190, 191)
(168, 189, 190)
(170, 188, 191)
(167, 186, 189)
(167, 188, 190)
(165, 187, 187)
(167, 189, 189)
(168, 188, 190)
(167, 187, 188)
(168, 187, 187)
(166, 186, 186)
(168, 189, 189)
(166, 188, 189)
(168, 191, 191)
(169, 189, 190)
(169, 188, 189)
(175, 188, 191)
(170, 187, 188)
(166, 166, 167)
(140, 117, 112)
(159, 124, 113)
(171, 128, 115)
(177, 135, 122)
(183, 141, 125)
(188, 144, 128)
(193, 145, 130)
(201, 150, 137)
(201, 149, 137)
(199, 150, 137)
(199, 154, 139)
(196, 154, 139)
(198, 156, 143)
(180, 158, 146)
(176, 185, 177)
(176, 191, 192)
(179, 188, 194)
(176, 189, 193)
(175, 190, 192)
(176, 190, 191)
(173, 191, 192)
(175, 190, 193)
(177, 191, 191)
(183, 189, 188)
(146, 129, 126)
(149, 124, 108)
(174, 143, 125)
(194, 163, 149)
(210, 182, 165)
(221, 193, 176)
(225, 194, 178)
(230, 198, 179)
(232, 195, 176)
(234, 192, 177)
(233, 194, 180)
(228, 194, 176)
(223, 196, 177)
(213, 199, 186)
(220, 224, 222)
(224, 234, 238)
(225, 236, 245)
(228, 240, 249)
(229, 242, 248)
(235, 247, 253)
(232, 243, 250)
(223, 227, 228)
(116, 102, 96)
(129, 101, 86)
(158, 126, 107)
(179, 147, 129)
(195, 163, 147)
(204, 168, 154)
(207, 177, 161)
(210, 181, 163)
(215, 182, 162)
(222, 181, 161)
(227, 184, 165)
(223, 190, 174)
(217, 199, 187)
(232, 234, 234)
(239, 251, 250)
(241, 252, 255)
(240, 250, 254)
(239, 254, 255)
(237, 251, 252)
(242, 253, 255)
(240, 254, 255)
(239, 251, 253)
(241, 252, 254)
(240, 252, 254)
(239, 253, 255)
(235, 250, 253)
(236, 252, 255)
(236, 251, 254)
(236, 251, 254)
(236, 249, 253)
(238, 250, 254)
(237, 249, 253)
(237, 248, 253)
(238, 250, 255)
(236, 249, 255)
(235, 248, 254)
(235, 247, 254)
(235, 248, 255)
(235, 248, 255)
(236, 247, 255)
(236, 247, 255)
(235, 247, 255)
(234, 247, 255)
(233, 246, 254)
(233, 246, 255)
(232, 245, 254)
(233, 246, 254)
(231, 245, 254)
(231, 246, 254)
(229, 246, 253)
(229, 246, 254)
(230, 245, 253)
(230, 241, 251)
(232, 243, 253)
(228, 241, 251)
(228, 240, 251)
(227, 240, 249)
(224, 237, 245)
(182, 195, 199)
(178, 194, 199)
(171, 193, 198)
(167, 191, 193)
(165, 189, 189)
(167, 189, 188)
(166, 188, 188)
(167, 185, 188)
(165, 184, 188)
(166, 187, 189)
(164, 187, 187)
(164, 187, 187)
(168, 189, 190)
(166, 187, 188)
(168, 187, 187)
(165, 185, 186)
(166, 188, 188)
(166, 189, 189)
(167, 190, 190)
(166, 186, 187)
(170, 187, 189)
(172, 186, 188)
(168, 185, 185)
(162, 159, 159)
(139, 115, 110)
(156, 121, 108)
(171, 127, 113)
(178, 135, 120)
(184, 141, 124)
(188, 144, 128)
(193, 144, 130)
(198, 145, 132)
(199, 147, 134)
(199, 149, 137)
(200, 155, 142)
(197, 155, 140)
(191, 155, 141)
(178, 162, 151)
(176, 187, 180)
(173, 188, 189)
(178, 189, 193)
(175, 190, 192)
(173, 190, 191)
(176, 190, 191)
(172, 189, 190)
(175, 189, 192)
(178, 191, 191)
(180, 187, 186)
(146, 130, 127)
(152, 126, 109)
(179, 147, 128)
(198, 163, 152)
(209, 177, 162)
(220, 190, 174)
(220, 188, 171)
(229, 196, 177)
(232, 193, 175)
(233, 190, 176)
(233, 194, 181)
(226, 193, 175)
(220, 195, 176)
(212, 198, 186)
(222, 227, 225)
(224, 236, 240)
(226, 239, 247)
(229, 242, 250)
(231, 244, 251)
(236, 249, 255)
(235, 247, 254)
(236, 242, 245)
(138, 126, 121)
(131, 103, 91)
(151, 118, 100)
(177, 144, 126)
(193, 158, 141)
(201, 165, 150)
(202, 170, 154)
(207, 174, 157)
(212, 176, 157)
(220, 178, 158)
(224, 182, 162)
(222, 186, 170)
(219, 196, 183)
(223, 221, 218)
(240, 250, 250)
(239, 251, 255)
(241, 250, 255)
(240, 254, 255)
(239, 253, 255)
(241, 252, 255)
(240, 252, 254)
(242, 254, 255)
(241, 252, 254)
(239, 251, 254)
(240, 252, 255)
(237, 251, 254)
(236, 251, 254)
(237, 252, 255)
(237, 251, 254)
(237, 251, 254)
(238, 250, 254)
(239, 250, 254)
(237, 249, 255)
(237, 250, 255)
(234, 247, 253)
(234, 247, 253)
(234, 247, 254)
(235, 248, 255)
(235, 248, 255)
(236, 248, 255)
(237, 248, 255)
(235, 248, 255)
(233, 246, 254)
(233, 246, 254)
(234, 247, 255)
(232, 245, 254)
(232, 245, 254)
(232, 245, 254)
(231, 245, 254)
(231, 247, 255)
(228, 244, 252)
(230, 244, 252)
(229, 242, 251)
(230, 241, 251)
(227, 241, 252)
(227, 241, 251)
(225, 239, 248)
(222, 236, 245)
(183, 198, 200)
(172, 189, 191)
(169, 190, 193)
(165, 189, 190)
(164, 186, 186)
(167, 187, 186)
(165, 185, 186)
(168, 186, 189)
(167, 185, 189)
(167, 186, 190)
(167, 188, 190)
(165, 186, 187)
(167, 188, 189)
(168, 188, 189)
(169, 189, 190)
(165, 185, 186)
(166, 187, 188)
(166, 187, 188)
(166, 187, 188)
(170, 188, 190)
(172, 189, 191)
(170, 185, 186)
(172, 189, 187)
(156, 152, 148)
(142, 116, 109)
(156, 119, 106)
(174, 128, 114)
(180, 135, 119)
(186, 140, 123)
(188, 141, 125)
(196, 148, 133)
(197, 143, 131)
(199, 147, 136)
(200, 151, 140)
(204, 159, 146)
(193, 154, 138)
(183, 155, 141)
(175, 170, 159)
(178, 189, 185)
(173, 189, 188)
(175, 191, 191)
(174, 190, 191)
(173, 190, 192)
(179, 193, 195)
(177, 192, 193)
(177, 189, 193)
(179, 192, 193)
(179, 188, 187)
(147, 131, 128)
(155, 128, 111)
(184, 149, 131)
(204, 164, 155)
(210, 172, 159)
(214, 179, 165)
(221, 185, 169)
(228, 192, 175)
(228, 187, 171)
(232, 189, 176)
(231, 192, 180)
(226, 191, 176)
(222, 197, 178)
(212, 201, 189)
(224, 231, 230)
(225, 238, 242)
(229, 242, 250)
(230, 244, 252)
(232, 247, 252)
(233, 248, 253)
(232, 247, 253)
(237, 246, 250)
(182, 174, 173)
(131, 106, 96)
(150, 116, 101)
(170, 134, 117)
(183, 146, 129)
(197, 158, 142)
(200, 163, 146)
(204, 167, 150)
(207, 168, 151)
(215, 175, 157)
(217, 179, 158)
(220, 185, 167)
(218, 191, 175)
(219, 209, 201)
(238, 244, 243)
(241, 253, 255)
(239, 250, 254)
(238, 252, 253)
(239, 253, 255)
(238, 250, 255)
(241, 252, 254)
(242, 252, 254)
(243, 253, 255)
(241, 250, 255)
(240, 251, 255)
(239, 251, 255)
(240, 252, 255)
(237, 251, 254)
(239, 251, 255)
(239, 251, 255)
(239, 250, 254)
(239, 251, 255)
(235, 248, 254)
(236, 249, 255)
(234, 247, 254)
(236, 249, 255)
(234, 247, 255)
(234, 247, 255)
(234, 247, 255)
(235, 248, 255)
(232, 245, 254)
(233, 246, 255)
(234, 247, 255)
(233, 246, 255)
(233, 246, 254)
(231, 244, 252)
(232, 245, 253)
(233, 246, 254)
(231, 244, 252)
(231, 246, 253)
(228, 242, 251)
(229, 243, 252)
(230, 243, 252)
(229, 241, 251)
(226, 241, 252)
(226, 240, 251)
(224, 238, 249)
(218, 232, 243)
(172, 188, 188)
(169, 187, 189)
(168, 189, 192)
(165, 186, 188)
(164, 184, 185)
(168, 186, 189)
(166, 184, 187)
(166, 184, 188)
(166, 184, 188)
(166, 185, 189)
(163, 182, 186)
(166, 186, 189)
(166, 186, 188)
(167, 186, 189)
(167, 187, 188)
(165, 185, 186)
(166, 187, 188)
(164, 185, 186)
(170, 188, 190)
(170, 187, 189)
(171, 186, 189)
(172, 189, 190)
(167, 183, 180)
(148, 139, 135)
(152, 122, 114)
(162, 124, 111)
(175, 128, 114)
(184, 136, 121)
(187, 138, 121)
(189, 140, 124)
(192, 143, 129)
(195, 143, 130)
(199, 148, 138)
(199, 152, 141)
(202, 158, 146)
(192, 153, 138)
(174, 156, 143)
(175, 181, 172)
(178, 189, 189)
(175, 190, 192)
(169, 188, 187)
(172, 189, 187)
(174, 192, 194)
(176, 190, 192)
(175, 189, 191)
(179, 190, 194)
(177, 191, 192)
(177, 188, 187)
(138, 124, 120)
(153, 126, 109)
(185, 148, 130)
(201, 157, 149)
(205, 164, 151)
(217, 179, 164)
(221, 184, 166)
(221, 182, 166)
(222, 179, 164)
(228, 184, 171)
(228, 189, 177)
(229, 194, 179)
(221, 198, 180)
(208, 200, 189)
(225, 233, 233)
(229, 241, 245)
(230, 243, 251)
(234, 247, 254)
(234, 247, 253)
(235, 248, 254)
(235, 248, 254)
(236, 248, 252)
(228, 227, 228)
(121, 101, 95)
(134, 101, 89)
(163, 123, 107)
(176, 136, 119)
(184, 144, 127)
(197, 157, 139)
(203, 160, 145)
(211, 169, 155)
(215, 176, 159)
(218, 183, 163)
(222, 187, 167)
(227, 193, 174)
(218, 197, 184)
(231, 230, 227)
(237, 249, 253)
(239, 251, 255)
(239, 252, 252)
(239, 253, 255)
(239, 253, 255)
(242, 253, 255)
(241, 252, 254)
(241, 252, 255)
(239, 250, 254)
(240, 251, 255)
(240, 251, 255)
(239, 251, 255)
(239, 251, 255)
(237, 249, 253)
(239, 250, 254)
(239, 251, 255)
(237, 250, 255)
(235, 248, 254)
(236, 249, 255)
(234, 247, 255)
(236, 249, 255)
(234, 247, 254)
(234, 247, 255)
(234, 247, 255)
(233, 246, 254)
(234, 248, 255)
(232, 246, 255)
(233, 247, 255)
(231, 245, 254)
(233, 247, 255)
(232, 245, 253)
(233, 244, 253)
(233, 244, 253)
(232, 245, 253)
(230, 243, 251)
(229, 244, 251)
(229, 244, 251)
(227, 241, 250)
(228, 241, 250)
(224, 239, 250)
(224, 238, 248)
(222, 236, 246)
(213, 227, 238)
(171, 186, 189)
(168, 186, 190)
(165, 186, 190)
(161, 182, 186)
(165, 183, 187)
(168, 186, 190)
(164, 182, 188)
(166, 184, 189)
(165, 183, 187)
(166, 185, 189)
(162, 180, 184)
(166, 185, 189)
(166, 184, 189)
(165, 184, 188)
(166, 186, 188)
(166, 186, 187)
(165, 186, 187)
(164, 185, 186)
(170, 188, 190)
(169, 185, 188)
(171, 186, 189)
(168, 186, 189)
(169, 183, 180)
(145, 132, 127)
(150, 119, 110)
(166, 129, 116)
(178, 132, 119)
(180, 132, 119)
(186, 137, 120)
(190, 141, 125)
(191, 143, 128)
(194, 144, 131)
(198, 148, 138)
(196, 151, 141)
(199, 158, 145)
(190, 153, 139)
(172, 159, 149)
(175, 186, 181)
(177, 188, 190)
(176, 190, 193)
(170, 189, 187)
(173, 190, 189)
(172, 191, 193)
(176, 190, 193)
(176, 190, 192)
(178, 189, 193)
(175, 190, 191)
(177, 190, 188)
(139, 125, 121)
(152, 125, 108)
(181, 143, 126)
(196, 152, 143)
(206, 165, 152)
(213, 174, 158)
(219, 180, 163)
(217, 176, 160)
(217, 174, 158)
(223, 180, 166)
(224, 186, 174)
(224, 189, 175)
(221, 197, 181)
(210, 203, 193)
(229, 237, 238)
(232, 243, 248)
(232, 243, 252)
(236, 247, 254)
(237, 249, 254)
(237, 249, 254)
(237, 249, 255)
(235, 248, 253)
(238, 240, 242)
(139, 124, 122)
(137, 106, 97)
(156, 115, 102)
(167, 125, 109)
(181, 141, 124)
(194, 152, 135)
(201, 157, 143)
(209, 167, 154)
(212, 175, 158)
(219, 186, 166)
(226, 192, 172)
(233, 196, 178)
(226, 198, 182)
(220, 211, 207)
(241, 249, 252)
(237, 249, 252)
(238, 250, 252)
(238, 252, 254)
(238, 253, 255)
(239, 253, 254)
(239, 252, 255)
(239, 251, 255)
(238, 250, 254)
(238, 250, 254)
(239, 250, 254)
(237, 249, 253)
(239, 250, 254)
(237, 249, 253)
(239, 250, 254)
(237, 249, 255)
(235, 248, 254)
(235, 248, 254)
(235, 250, 255)
(233, 247, 255)
(235, 248, 255)
(233, 246, 254)
(234, 247, 255)
(234, 248, 255)
(233, 247, 254)
(232, 246, 254)
(232, 246, 254)
(232, 246, 255)
(231, 245, 254)
(234, 247, 255)
(233, 245, 254)
(232, 243, 252)
(231, 243, 251)
(232, 245, 253)
(231, 244, 252)
(228, 243, 250)
(229, 244, 252)
(226, 240, 249)
(227, 241, 250)
(225, 238, 248)
(225, 237, 246)
(223, 235, 244)
(205, 217, 227)
(172, 188, 193)
(162, 181, 187)
(162, 182, 190)
(162, 182, 189)
(166, 185, 191)
(169, 186, 192)
(164, 181, 189)
(166, 184, 189)
(164, 182, 187)
(167, 185, 189)
(165, 183, 187)
(165, 184, 188)
(167, 186, 190)
(165, 184, 188)
(168, 188, 190)
(165, 185, 186)
(166, 187, 188)
(165, 185, 186)
(171, 190, 191)
(170, 186, 189)
(171, 185, 188)
(168, 186, 190)
(173, 185, 183)
(145, 129, 124)
(156, 124, 115)
(167, 132, 119)
(178, 133, 121)
(179, 132, 119)
(185, 136, 119)
(189, 142, 125)
(193, 147, 132)
(196, 148, 136)
(195, 148, 138)
(194, 151, 142)
(194, 156, 144)
(185, 153, 141)
(174, 167, 159)
(174, 187, 185)
(176, 187, 191)
(175, 188, 191)
(171, 190, 189)
(173, 190, 190)
(172, 192, 194)
(178, 193, 195)
(177, 192, 195)
(178, 191, 195)
(175, 190, 191)
(176, 188, 187)
(144, 128, 124)
(156, 127, 111)
(174, 136, 120)
(193, 150, 142)
(202, 161, 149)
(211, 172, 157)
(222, 182, 164)
(219, 175, 160)
(213, 168, 152)
(214, 172, 156)
(222, 184, 171)
(220, 185, 171)
(214, 190, 174)
(209, 203, 195)
(230, 238, 241)
(234, 244, 250)
(235, 245, 254)
(238, 248, 255)
(238, 249, 254)
(239, 250, 255)
(237, 248, 254)
(234, 248, 254)
(236, 241, 245)
(166, 156, 156)
(132, 104, 98)
(150, 109, 98)
(163, 121, 107)
(179, 140, 124)
(194, 152, 136)
(199, 157, 144)
(210, 170, 157)
(217, 181, 164)
(223, 189, 169)
(230, 196, 176)
(237, 199, 180)
(232, 200, 181)
(220, 203, 196)
(234, 237, 237)
(237, 250, 251)
(239, 251, 254)
(239, 252, 254)
(239, 255, 255)
(239, 253, 255)
(238, 252, 255)
(237, 251, 254)
(238, 252, 255)
(239, 253, 255)
(239, 253, 255)
(238, 250, 254)
(239, 250, 253)
(238, 249, 253)
(239, 250, 254)
(239, 251, 255)
(236, 249, 255)
(236, 249, 255)
(236, 251, 255)
(233, 248, 255)
(234, 249, 255)
(232, 247, 254)
(233, 248, 255)
(232, 248, 255)
(232, 247, 254)
(232, 246, 255)
(232, 246, 255)
(232, 246, 255)
(231, 245, 254)
(233, 246, 254)
(233, 245, 253)
(234, 244, 253)
(232, 244, 252)
(231, 244, 252)
(229, 242, 250)
(227, 242, 249)
(229, 243, 251)
(225, 239, 248)
(226, 240, 250)
(228, 238, 247)
(228, 239, 248)
(225, 235, 244)
(195, 206, 215)
(168, 184, 191)
(161, 180, 187)
(163, 183, 192)
(159, 179, 187)
(162, 181, 188)
(164, 181, 187)
(165, 184, 191)
(167, 186, 191)
(164, 183, 187)
(167, 185, 189)
(163, 181, 185)
(165, 183, 188)
(166, 185, 191)
(167, 186, 192)
(169, 189, 191)
(166, 186, 187)
(167, 188, 189)
(165, 185, 186)
(170, 188, 190)
(171, 188, 190)
(174, 188, 191)
(169, 187, 192)
(173, 183, 182)
(146, 127, 122)
(160, 128, 117)
(163, 130, 117)
(176, 134, 122)
(179, 133, 120)
(182, 136, 119)
(183, 139, 122)
(195, 152, 136)
(197, 152, 139)
(194, 150, 139)
(191, 153, 142)
(190, 155, 143)
(182, 157, 146)
(179, 178, 172)
(176, 189, 190)
(175, 188, 193)
(174, 189, 192)
(174, 191, 191)
(173, 190, 192)
(172, 192, 194)
(175, 192, 193)
(172, 190, 192)
(177, 191, 194)
(178, 192, 194)
(180, 190, 190)
(144, 126, 123)
(153, 122, 107)
(180, 142, 127)
(196, 154, 146)
(206, 166, 155)
(216, 178, 163)
(224, 183, 166)
(226, 181, 166)
(225, 179, 163)
(213, 169, 154)
(208, 169, 156)
(212, 175, 160)
(213, 188, 173)
(211, 205, 198)
(230, 240, 242)
(234, 246, 253)
(236, 247, 255)
(238, 248, 255)
(237, 249, 253)
(238, 250, 255)
(237, 249, 255)
(237, 250, 255)
(235, 244, 249)
(209, 205, 206)
(126, 102, 98)
(146, 107, 99)
(155, 114, 103)
(173, 135, 122)
(193, 152, 139)
(200, 162, 149)
(208, 173, 159)
(217, 182, 166)
(223, 188, 168)
(232, 197, 177)
(238, 201, 183)
(236, 200, 182)
(227, 202, 192)
(225, 222, 218)
(237, 248, 249)
(239, 251, 255)
(237, 249, 253)
(236, 251, 254)
(238, 253, 255)
(238, 253, 255)
(237, 252, 255)
(236, 251, 254)
(237, 252, 255)
(237, 249, 253)
(238, 250, 254)
(237, 249, 253)
(238, 250, 254)
(238, 250, 255)
(238, 250, 255)
(236, 249, 255)
(234, 248, 253)
(235, 250, 255)
(234, 249, 255)
(234, 249, 255)
(233, 248, 255)
(231, 246, 253)
(232, 247, 254)
(232, 247, 254)
(232, 246, 255)
(232, 246, 255)
(233, 247, 255)
(231, 245, 254)
(233, 246, 254)
(234, 244, 253)
(234, 244, 253)
(233, 246, 254)
(230, 243, 251)
(230, 243, 252)
(228, 242, 252)
(229, 243, 253)
(225, 239, 249)
(225, 240, 250)
(228, 238, 248)
(222, 232, 241)
(221, 231, 240)
(182, 192, 201)
(172, 187, 194)
(160, 178, 186)
(163, 183, 191)
(164, 184, 191)
(164, 183, 188)
(165, 183, 186)
(161, 180, 185)
(166, 186, 189)
(163, 182, 186)
(166, 185, 189)
(163, 180, 187)
(166, 184, 190)
(166, 185, 191)
(165, 184, 190)
(168, 186, 189)
(169, 189, 190)
(169, 189, 190)
(165, 186, 187)
(167, 187, 188)
(169, 186, 188)
(174, 190, 191)
(170, 188, 193)
(171, 178, 176)
(148, 127, 118)
(159, 127, 115)
(168, 138, 122)
(175, 138, 124)
(181, 138, 123)
(186, 142, 125)
(184, 143, 126)
(191, 152, 137)
(195, 154, 142)
(191, 152, 140)
(185, 150, 138)
(183, 152, 140)
(174, 159, 149)
(178, 185, 181)
(176, 188, 192)
(173, 189, 194)
(171, 191, 192)
(174, 191, 193)
(172, 189, 192)
(172, 192, 193)
(173, 191, 192)
(172, 192, 193)
(177, 193, 195)
(179, 193, 195)
(180, 187, 188)
(148, 126, 126)
(163, 128, 115)
(190, 151, 136)
(207, 164, 157)
(208, 168, 158)
(218, 178, 165)
(224, 180, 163)
(229, 183, 167)
(229, 182, 165)
(224, 182, 165)
(219, 180, 166)
(214, 175, 160)
(207, 179, 166)
(207, 201, 194)
(231, 242, 245)
(233, 246, 254)
(234, 247, 255)
(236, 248, 255)
(237, 250, 253)
(238, 252, 255)
(234, 249, 253)
(237, 249, 255)
(235, 245, 251)
(231, 233, 235)
(127, 110, 107)
(142, 106, 99)
(153, 113, 104)
(170, 133, 123)
(186, 148, 137)
(200, 168, 155)
(210, 180, 165)
(218, 185, 167)
(225, 188, 170)
(231, 196, 179)
(234, 201, 184)
(240, 203, 186)
(233, 201, 188)
(223, 212, 205)
(234, 242, 242)
(238, 251, 255)
(238, 250, 255)
(238, 251, 252)
(239, 251, 255)
(238, 252, 255)
(237, 252, 255)
(237, 251, 254)
(239, 251, 255)
(239, 250, 254)
(238, 251, 255)
(237, 251, 254)
(236, 249, 255)
(236, 249, 255)
(236, 249, 255)
(236, 249, 255)
(235, 248, 254)
(236, 250, 255)
(234, 249, 254)
(234, 249, 254)
(233, 248, 254)
(232, 247, 254)
(233, 248, 255)
(230, 246, 253)
(232, 247, 254)
(231, 246, 253)
(232, 247, 254)
(230, 244, 252)
(234, 245, 255)
(236, 245, 255)
(234, 242, 253)
(232, 245, 254)
(226, 241, 251)
(231, 245, 255)
(227, 241, 251)
(228, 242, 253)
(226, 240, 251)
(224, 239, 251)
(226, 237, 248)
(220, 231, 241)
(199, 210, 219)
(181, 192, 201)
(171, 187, 193)
(161, 179, 185)
(160, 180, 187)
(159, 179, 186)
(161, 180, 184)
(164, 184, 187)
(160, 180, 184)
(164, 186, 189)
(162, 182, 186)
(163, 182, 186)
(163, 180, 186)
(166, 185, 190)
(168, 187, 193)
(164, 184, 190)
(168, 186, 189)
(166, 186, 188)
(169, 189, 190)
(165, 186, 188)
(168, 188, 189)
(167, 186, 187)
(171, 189, 190)
(170, 187, 192)
(170, 176, 173)
(147, 125, 116)
(155, 124, 110)
(168, 139, 123)
(175, 140, 124)
(181, 141, 124)
(185, 144, 127)
(185, 147, 130)
(190, 153, 138)
(191, 152, 139)
(188, 150, 138)
(185, 151, 139)
(180, 151, 141)
(172, 164, 156)
(177, 186, 183)
(178, 190, 193)
(171, 190, 195)
(169, 190, 192)
(173, 190, 192)
(174, 191, 194)
(173, 193, 194)
(172, 190, 192)
(173, 192, 194)
(177, 191, 195)
(178, 191, 194)
(181, 187, 188)
(147, 123, 122)
(166, 129, 117)
(190, 149, 135)
(207, 164, 157)
(211, 170, 159)
(221, 179, 166)
(224, 178, 162)
(227, 180, 163)
(232, 185, 167)
(229, 185, 169)
(226, 187, 173)
(220, 181, 167)
(210, 183, 170)
(204, 197, 190)
(232, 244, 246)
(232, 247, 253)
(235, 249, 255)
(237, 249, 255)
(234, 249, 252)
(236, 251, 254)
(234, 249, 254)
(237, 249, 255)
(236, 248, 253)
(235, 241, 244)
(148, 133, 132)
(140, 107, 101)
(148, 109, 100)
(163, 125, 116)
(184, 147, 136)
(198, 168, 155)
(210, 181, 165)
(221, 185, 169)
(227, 190, 172)
(233, 197, 181)
(238, 205, 191)
(242, 203, 188)
(237, 201, 188)
(221, 205, 196)
(233, 237, 236)
(235, 247, 253)
(236, 249, 253)
(239, 250, 252)
(239, 251, 255)
(239, 251, 255)
(238, 252, 255)
(236, 249, 253)
(240, 251, 255)
(239, 249, 254)
(237, 250, 254)
(235, 248, 253)
(237, 250, 255)
(236, 249, 254)
(236, 249, 255)
(236, 249, 255)
(236, 249, 255)
(235, 249, 255)
(233, 249, 254)
(233, 249, 254)
(232, 247, 253)
(231, 246, 253)
(233, 248, 255)
(231, 247, 254)
(232, 247, 254)
(232, 246, 253)
(232, 246, 254)
(232, 245, 253)
(233, 244, 254)
(236, 245, 255)
(233, 242, 252)
(229, 244, 253)
(226, 242, 251)
(228, 243, 254)
(226, 240, 251)
(226, 240, 251)
(224, 238, 250)
(223, 238, 250)
(223, 235, 247)
(216, 228, 239)
(185, 197, 207)
(182, 194, 204)
(164, 182, 186)
(162, 180, 184)
(162, 181, 187)
(160, 179, 186)
(161, 180, 188)
(165, 183, 191)
(165, 181, 190)
(161, 184, 189)
(158, 180, 183)
(167, 187, 190)
(163, 181, 184)
(170, 187, 192)
(166, 185, 192)
(168, 187, 194)
(168, 187, 191)
(168, 186, 189)
(169, 187, 190)
(167, 187, 190)
(166, 189, 190)
(164, 185, 188)
(168, 188, 192)
(168, 187, 194)
(168, 172, 171)
(145, 127, 117)
(154, 125, 112)
(165, 135, 119)
(173, 138, 122)
(181, 143, 124)
(184, 147, 126)
(185, 150, 135)
(192, 157, 145)
(192, 156, 141)
(189, 150, 135)
(185, 149, 136)
(182, 157, 149)
(174, 176, 171)
(180, 190, 189)
(179, 190, 193)
(176, 192, 197)
(172, 189, 192)
(173, 190, 192)
(174, 193, 194)
(172, 192, 193)
(175, 193, 194)
(177, 192, 196)
(184, 192, 200)
(180, 189, 195)
(181, 183, 184)
(144, 119, 115)
(166, 129, 118)
(191, 150, 137)
(205, 162, 150)
(213, 170, 157)
(220, 177, 162)
(226, 180, 162)
(231, 182, 166)
(232, 183, 166)
(232, 187, 172)
(230, 190, 179)
(223, 186, 174)
(216, 189, 177)
(207, 199, 193)
(237, 245, 248)
(235, 247, 253)
(235, 248, 254)
(236, 249, 255)
(235, 248, 253)
(239, 251, 255)
(238, 250, 255)
(238, 250, 254)
(234, 246, 252)
(238, 245, 250)
(181, 173, 173)
(136, 110, 103)
(147, 109, 100)
(159, 117, 106)
(183, 145, 131)
(198, 163, 149)
(211, 178, 162)
(222, 186, 170)
(227, 192, 174)
(234, 198, 183)
(239, 204, 190)
(242, 204, 190)
(239, 204, 192)
(231, 208, 196)
(227, 223, 215)
(237, 251, 251)
(236, 251, 255)
(239, 250, 254)
(239, 251, 255)
(238, 252, 255)
(237, 251, 254)
(238, 251, 255)
(238, 251, 255)
(237, 249, 254)
(238, 251, 255)
(235, 248, 254)
(235, 250, 255)
(234, 249, 254)
(234, 249, 254)
(237, 250, 255)
(235, 248, 254)
(234, 250, 255)
(233, 249, 255)
(232, 248, 254)
(231, 247, 253)
(232, 246, 254)
(233, 246, 254)
(234, 247, 255)
(234, 247, 255)
(234, 247, 255)
(232, 245, 253)
(231, 244, 252)
(233, 246, 254)
(233, 246, 254)
(235, 246, 255)
(229, 244, 254)
(226, 243, 252)
(228, 244, 253)
(226, 241, 251)
(229, 243, 253)
(224, 238, 248)
(224, 238, 248)
(223, 236, 246)
(201, 215, 225)
(172, 186, 197)
(185, 199, 210)
(165, 181, 187)
(158, 174, 181)
(165, 182, 190)
(160, 178, 188)
(161, 179, 189)
(161, 179, 189)
(164, 181, 191)
(160, 182, 188)
(161, 182, 186)
(164, 183, 187)
(164, 180, 185)
(168, 184, 190)
(167, 184, 192)
(168, 185, 193)
(166, 186, 193)
(169, 187, 192)
(169, 185, 191)
(169, 186, 190)
(169, 188, 191)
(167, 185, 188)
(173, 190, 195)
(171, 186, 192)
(178, 178, 178)
(144, 123, 115)
(159, 125, 112)
(168, 130, 116)
(172, 136, 120)
(176, 142, 123)
(184, 148, 131)
(187, 153, 141)
(190, 156, 144)
(194, 157, 142)
(189, 154, 138)
(179, 149, 137)
(172, 155, 147)
(176, 183, 181)
(179, 189, 190)
(178, 190, 193)
(174, 189, 193)
(174, 189, 193)
(176, 191, 194)
(175, 192, 193)
(177, 194, 195)
(178, 194, 194)
(179, 192, 197)
(185, 193, 202)
(182, 191, 196)
(177, 178, 178)
(144, 119, 114)
(164, 127, 116)
(184, 142, 129)
(204, 160, 147)
(211, 167, 154)
(220, 177, 161)
(229, 184, 166)
(232, 183, 168)
(233, 184, 169)
(235, 189, 175)
(232, 192, 182)
(228, 190, 178)
(219, 192, 180)
(213, 204, 198)
(237, 243, 247)
(236, 247, 253)
(235, 248, 254)
(235, 248, 254)
(236, 249, 255)
(239, 251, 255)
(239, 248, 254)
(238, 250, 255)
(238, 249, 255)
(238, 246, 251)
(219, 216, 218)
(142, 123, 119)
(147, 114, 106)
(162, 121, 110)
(177, 142, 129)
(193, 157, 144)
(212, 176, 162)
(223, 187, 172)
(225, 189, 173)
(235, 199, 184)
(240, 204, 190)
(241, 202, 189)
(238, 201, 190)
(233, 204, 192)
(225, 214, 204)
(237, 247, 245)
(236, 251, 255)
(241, 252, 255)
(238, 250, 254)
(235, 248, 252)
(237, 251, 254)
(238, 251, 255)
(238, 251, 255)
(236, 249, 255)
(237, 250, 255)
(235, 248, 254)
(235, 248, 254)
(235, 250, 255)
(236, 251, 255)
(236, 249, 255)
(235, 248, 254)
(234, 249, 255)
(232, 248, 255)
(232, 248, 255)
(232, 248, 255)
(231, 246, 253)
(232, 246, 254)
(234, 247, 255)
(235, 248, 255)
(232, 245, 253)
(235, 248, 255)
(232, 245, 253)
(233, 246, 254)
(232, 245, 253)
(232, 245, 253)
(231, 245, 255)
(226, 241, 250)
(228, 243, 252)
(224, 239, 248)
(227, 241, 250)
(224, 238, 247)
(223, 236, 245)
(214, 228, 237)
(181, 197, 206)
(174, 189, 200)
(184, 201, 211)
(174, 185, 195)
(164, 177, 186)
(166, 181, 192)
(165, 183, 193)
(160, 180, 189)
(161, 181, 190)
(163, 183, 191)
(162, 184, 189)
(164, 184, 190)
(165, 181, 187)
(164, 177, 183)
(171, 184, 191)
(169, 183, 192)
(167, 182, 192)
(167, 187, 195)
(167, 184, 192)
(172, 187, 194)
(172, 187, 192)
(173, 189, 192)
(170, 185, 187)
(175, 187, 191)
(174, 188, 191)
(185, 185, 186)
(156, 133, 130)
(164, 124, 114)
(167, 125, 111)
(168, 134, 116)
(169, 142, 123)
(178, 146, 133)
(181, 147, 136)
(186, 148, 136)
(186, 148, 133)
(180, 150, 134)
(166, 147, 135)
(169, 161, 156)
(177, 189, 188)
(180, 193, 195)
(175, 190, 194)
(177, 192, 197)
(176, 191, 195)
(178, 193, 196)
(178, 192, 194)
(179, 192, 196)
(179, 193, 195)
(180, 194, 199)
(185, 196, 202)
(179, 190, 193)
(172, 171, 169)
(142, 116, 109)
(160, 123, 112)
(183, 142, 130)
(205, 161, 148)
(211, 167, 154)
(222, 180, 166)
(231, 188, 171)
(231, 183, 170)
(232, 183, 169)
(234, 188, 176)
(230, 189, 179)
(228, 190, 178)
(224, 196, 183)
(209, 200, 194)
(238, 244, 247)
(238, 248, 255)
(237, 249, 255)
(236, 249, 255)
(237, 250, 255)
(239, 251, 255)
(239, 250, 255)
(240, 251, 255)
(240, 249, 254)
(237, 245, 249)
(238, 241, 245)
(157, 148, 150)
(147, 124, 120)
(157, 123, 113)
(171, 137, 126)
(188, 152, 142)
(207, 169, 159)
(218, 180, 169)
(224, 188, 174)
(234, 198, 183)
(240, 203, 188)
(243, 202, 191)
(240, 200, 191)
(237, 202, 189)
(229, 211, 199)
(232, 238, 235)
(236, 251, 255)
(239, 250, 254)
(240, 251, 255)
(239, 251, 255)
(238, 252, 255)
(238, 251, 255)
(237, 250, 255)
(237, 250, 255)
(235, 248, 254)
(236, 249, 255)
(234, 247, 253)
(238, 251, 255)
(236, 249, 255)
(236, 249, 255)
(235, 248, 254)
(235, 249, 255)
(233, 248, 255)
(234, 249, 255)
(233, 248, 255)
(235, 250, 255)
(233, 248, 255)
(232, 246, 254)
(234, 247, 255)
(234, 247, 255)
(233, 246, 254)
(231, 244, 252)
(233, 246, 254)
(232, 245, 253)
(230, 243, 252)
(233, 245, 255)
(230, 242, 254)
(231, 244, 254)
(226, 240, 249)
(226, 240, 249)
(223, 237, 246)
(221, 234, 243)
(212, 228, 235)
(163, 180, 189)
(183, 201, 211)
(183, 201, 212)
(168, 179, 191)
(167, 180, 192)
(166, 181, 192)
(164, 182, 192)
(161, 180, 189)
(164, 183, 192)
(165, 184, 192)
(165, 184, 190)
(163, 182, 188)
(169, 184, 191)
(166, 180, 187)
(172, 185, 194)
(172, 186, 195)
(169, 183, 194)
(167, 185, 194)
(167, 183, 192)
(171, 186, 193)
(171, 185, 191)
(173, 188, 191)
(174, 188, 191)
(174, 187, 190)
(170, 187, 189)
(186, 191, 193)
(155, 139, 138)
(160, 125, 116)
(162, 122, 106)
(162, 129, 110)
(164, 140, 121)
(171, 142, 129)
(176, 142, 130)
(181, 142, 127)
(184, 147, 128)
(176, 148, 132)
(159, 145, 136)
(182, 180, 177)
(175, 189, 190)
(179, 194, 197)
(177, 192, 198)
(179, 195, 200)
(177, 193, 197)
(179, 194, 197)
(177, 191, 194)
(180, 192, 196)
(182, 196, 198)
(177, 193, 197)
(183, 195, 201)
(180, 191, 192)
(166, 161, 159)
(147, 118, 112)
(160, 123, 112)
(182, 141, 129)
(201, 157, 144)
(213, 169, 158)
(222, 178, 165)
(229, 186, 170)
(232, 184, 173)
(232, 184, 171)
(233, 187, 176)
(232, 190, 181)
(228, 189, 177)
(223, 196, 182)
(208, 200, 193)
(237, 244, 246)
(239, 248, 254)
(238, 250, 255)
(238, 250, 255)
(237, 250, 255)
(238, 251, 255)
(238, 250, 254)
(239, 250, 255)
(238, 247, 252)
(240, 247, 251)
(239, 247, 252)
(225, 225, 230)
(164, 150, 149)
(154, 126, 117)
(169, 136, 124)
(181, 145, 134)
(204, 163, 154)
(217, 177, 167)
(224, 187, 174)
(235, 199, 185)
(241, 203, 190)
(244, 200, 191)
(242, 200, 191)
(239, 202, 189)
(227, 206, 194)
(227, 230, 226)
(237, 251, 253)
(238, 250, 253)
(240, 251, 255)
(238, 250, 254)
(237, 251, 254)
(236, 249, 255)
(236, 249, 255)
(237, 250, 255)
(236, 249, 255)
(236, 249, 255)
(234, 247, 253)
(237, 250, 255)
(236, 249, 254)
(236, 249, 255)
(235, 248, 254)
(235, 248, 255)
(233, 247, 255)
(234, 247, 255)
(234, 247, 255)
(235, 248, 255)
(233, 248, 255)
(232, 247, 254)
(235, 247, 255)
(234, 247, 255)
(234, 247, 255)
(230, 244, 253)
(233, 247, 255)
(230, 243, 252)
(230, 243, 252)
(231, 243, 254)
(229, 240, 252)
(230, 242, 254)
(227, 241, 251)
(227, 241, 251)
(223, 237, 246)
(219, 232, 241)
(192, 209, 216)
(173, 190, 198)
(182, 199, 209)
(184, 202, 213)
(165, 178, 192)
(167, 182, 195)
(165, 182, 193)
(166, 184, 194)
(162, 180, 190)
(164, 182, 191)
(165, 181, 190)
(163, 182, 189)
(160, 179, 186)
(170, 187, 195)
(168, 183, 190)
(172, 186, 194)
(169, 184, 193)
(167, 183, 192)
(166, 182, 190)
(168, 184, 191)
(169, 184, 190)
(169, 184, 189)
(171, 187, 191)
(172, 187, 191)
(174, 188, 193)
(171, 191, 193)
(181, 192, 197)
(158, 151, 152)
(155, 127, 119)
(155, 120, 103)
(156, 124, 105)
(160, 134, 117)
(166, 137, 123)
(174, 139, 123)
(177, 137, 119)
(175, 138, 120)
(167, 144, 129)
(165, 158, 151)
(179, 184, 183)
(172, 189, 191)
(176, 192, 197)
(177, 194, 200)
(179, 195, 202)
(179, 194, 198)
(181, 195, 199)
(178, 192, 196)
(179, 192, 197)
(180, 195, 198)
(178, 195, 199)
(180, 194, 198)
(179, 188, 189)
(158, 148, 146)
(148, 117, 111)
(164, 127, 117)
(183, 141, 129)
(195, 150, 138)
(211, 167, 156)
(220, 176, 165)
(227, 182, 169)
(232, 185, 175)
(231, 184, 173)
(230, 185, 175)
(230, 190, 180)
(230, 192, 179)
(224, 197, 183)
(209, 202, 193)
(239, 246, 249)
(240, 249, 255)
(239, 250, 255)
(239, 251, 255)
(237, 250, 255)
(237, 251, 255)
(236, 250, 253)
(239, 250, 255)
(241, 250, 254)
(240, 248, 252)
(237, 249, 255)
(238, 246, 254)
(232, 226, 228)
(150, 130, 123)
(169, 137, 125)
(179, 141, 129)
(198, 153, 143)
(216, 173, 163)
(223, 183, 173)
(232, 195, 182)
(238, 199, 186)
(244, 197, 189)
(240, 197, 188)
(235, 198, 186)
(222, 200, 188)
(225, 226, 223)
(238, 252, 253)
(239, 253, 255)
(240, 251, 255)
(240, 251, 255)
(238, 250, 254)
(238, 251, 255)
(236, 249, 255)
(235, 248, 254)
(235, 248, 254)
(237, 250, 255)
(235, 248, 254)
(238, 251, 255)
(235, 248, 254)
(237, 249, 255)
(234, 248, 254)
(236, 249, 255)
(235, 248, 255)
(234, 247, 255)
(233, 246, 254)
(235, 248, 255)
(233, 247, 255)
(232, 247, 254)
(235, 248, 255)
(233, 246, 255)
(234, 246, 255)
(230, 244, 253)
(232, 246, 255)
(230, 243, 252)
(233, 246, 255)
(232, 243, 254)
(229, 240, 252)
(232, 244, 255)
(227, 240, 252)
(225, 239, 249)
(222, 236, 245)
(215, 228, 237)
(178, 194, 201)
(181, 197, 206)
(183, 199, 208)
(187, 203, 214)
(161, 179, 193)
(164, 182, 194)
(167, 185, 197)
(165, 184, 193)
(164, 182, 191)
(167, 184, 192)
(169, 184, 193)
(165, 185, 192)
(163, 183, 190)
(167, 186, 193)
(166, 183, 191)
(169, 186, 194)
(166, 183, 191)
(168, 185, 193)
(166, 182, 189)
(170, 186, 191)
(172, 186, 191)
(169, 186, 191)
(171, 190, 195)
(170, 189, 195)
(172, 190, 196)
(172, 191, 197)
(178, 193, 199)
(173, 176, 179)
(143, 126, 121)
(149, 120, 107)
(153, 119, 104)
(158, 124, 111)
(163, 128, 114)
(173, 134, 119)
(169, 132, 114)
(158, 131, 113)
(151, 140, 128)
(174, 180, 175)
(175, 189, 189)
(176, 193, 196)
(177, 193, 199)
(177, 193, 200)
(180, 195, 202)
(179, 194, 199)
(180, 193, 198)
(179, 194, 199)
(179, 194, 201)
(180, 195, 200)
(178, 194, 199)
(180, 193, 198)
(185, 193, 194)
(150, 136, 134)
(149, 116, 110)
(164, 127, 118)
(186, 142, 132)
(199, 152, 142)
(209, 162, 153)
(218, 171, 162)
(226, 179, 168)
(230, 185, 175)
(230, 185, 173)
(229, 185, 173)
(227, 186, 175)
(231, 193, 179)
(226, 198, 184)
(212, 205, 196)
(238, 245, 248)
(237, 247, 252)
(239, 250, 255)
(238, 250, 255)
(235, 248, 254)
(237, 251, 254)
(237, 251, 254)
(241, 252, 255)
(241, 250, 254)
(241, 250, 254)
(237, 252, 255)
(235, 248, 255)
(242, 245, 249)
(198, 188, 185)
(164, 135, 124)
(176, 138, 125)
(193, 146, 134)
(206, 160, 150)
(220, 177, 169)
(227, 187, 177)
(235, 191, 180)
(240, 192, 185)
(237, 196, 188)
(229, 195, 184)
(226, 205, 195)
(230, 232, 230)
(236, 250, 252)
(241, 254, 255)
(239, 250, 254)
(240, 251, 255)
(239, 251, 255)
(237, 250, 255)
(236, 249, 255)
(235, 249, 254)
(235, 249, 255)
(236, 249, 255)
(236, 249, 255)
(238, 250, 255)
(235, 248, 254)
(235, 248, 254)
(234, 248, 253)
(234, 248, 254)
(234, 247, 255)
(236, 247, 255)
(235, 247, 255)
(233, 246, 254)
(233, 247, 255)
(232, 247, 254)
(235, 248, 255)
(231, 244, 253)
(234, 247, 255)
(228, 242, 251)
(232, 245, 254)
(233, 246, 255)
(231, 244, 253)
(233, 244, 255)
(231, 242, 254)
(231, 243, 255)
(227, 239, 251)
(225, 237, 248)
(225, 238, 247)
(209, 222, 230)
(174, 188, 196)
(186, 200, 210)
(187, 201, 212)
(190, 204, 216)
(164, 183, 197)
(162, 181, 193)
(166, 186, 196)
(164, 184, 193)
(163, 182, 189)
(165, 182, 190)
(168, 183, 192)
(163, 185, 192)
(161, 184, 190)
(167, 187, 194)
(169, 189, 196)
(168, 187, 194)
(168, 187, 194)
(167, 186, 193)
(168, 186, 190)
(169, 185, 190)
(172, 187, 192)
(170, 187, 192)
(171, 190, 195)
(169, 189, 195)
(174, 192, 199)
(175, 189, 199)
(179, 192, 200)
(185, 190, 195)
(178, 172, 171)
(138, 121, 117)
(150, 123, 116)
(150, 117, 108)
(153, 119, 109)
(161, 128, 116)
(157, 131, 118)
(145, 134, 122)
(165, 170, 162)
(173, 190, 186)
(175, 195, 195)
(178, 193, 198)
(179, 193, 200)
(179, 193, 201)
(179, 193, 201)
(178, 192, 200)
(183, 196, 202)
(179, 195, 201)
(181, 196, 204)
(183, 196, 203)
(180, 196, 203)
(184, 197, 204)
(186, 194, 195)
(141, 127, 125)
(153, 118, 114)
(169, 132, 123)
(184, 140, 130)
(197, 149, 140)
(209, 160, 153)
(219, 169, 162)
(224, 174, 166)
(224, 177, 168)
(231, 184, 173)
(230, 185, 172)
(224, 182, 170)
(224, 184, 170)
(224, 193, 180)
(215, 205, 197)
(241, 248, 251)
(239, 250, 254)
(239, 250, 255)
(240, 251, 255)
(238, 250, 255)
(239, 251, 255)
(237, 251, 254)
(238, 249, 255)
(239, 250, 254)
(239, 251, 254)
(236, 251, 255)
(237, 252, 255)
(239, 248, 253)
(234, 235, 237)
(169, 150, 143)
(164, 132, 121)
(184, 138, 125)
(197, 149, 138)
(204, 158, 149)
(216, 169, 160)
(230, 181, 172)
(232, 183, 175)
(228, 190, 183)
(221, 195, 185)
(220, 206, 199)
(229, 234, 234)
(238, 250, 254)
(238, 249, 252)
(241, 252, 255)
(239, 250, 254)
(238, 250, 254)
(235, 248, 254)
(236, 249, 255)
(237, 252, 255)
(236, 250, 255)
(237, 250, 255)
(237, 249, 255)
(238, 249, 255)
(236, 248, 254)
(236, 249, 255)
(235, 250, 255)
(234, 247, 255)
(233, 246, 254)
(237, 247, 255)
(235, 245, 254)
(235, 246, 255)
(233, 247, 255)
(231, 246, 253)
(232, 245, 253)
(234, 247, 255)
(231, 246, 253)
(233, 247, 255)
(231, 245, 254)
(232, 245, 254)
(230, 243, 252)
(231, 242, 253)
(230, 241, 253)
(229, 241, 253)
(225, 237, 249)
(226, 238, 249)
(212, 225, 233)
(177, 190, 197)
(182, 195, 204)
(187, 200, 210)
(191, 203, 215)
(192, 204, 216)
(167, 184, 198)
(163, 181, 193)
(163, 183, 193)
(162, 182, 190)
(162, 182, 189)
(165, 184, 191)
(167, 184, 193)
(166, 188, 194)
(162, 184, 190)
(165, 185, 192)
(162, 182, 189)
(167, 186, 193)
(168, 187, 194)
(168, 187, 194)
(169, 188, 194)
(172, 188, 195)
(174, 189, 196)
(173, 189, 194)
(175, 191, 196)
(171, 188, 193)
(175, 191, 197)
(176, 191, 199)
(178, 190, 197)
(180, 188, 193)
(184, 189, 191)
(171, 169, 171)
(145, 135, 132)
(143, 125, 119)
(146, 124, 119)
(150, 131, 125)
(157, 147, 140)
(164, 165, 160)
(171, 183, 181)
(177, 194, 194)
(178, 194, 197)
(178, 191, 198)
(183, 195, 203)
(182, 194, 202)
(179, 193, 200)
(181, 194, 202)
(181, 196, 203)
(179, 195, 202)
(182, 195, 204)
(183, 194, 202)
(181, 195, 204)
(182, 195, 204)
(187, 197, 199)
(144, 131, 130)
(154, 121, 115)
(170, 133, 124)
(186, 142, 133)
(200, 149, 142)
(204, 154, 147)
(215, 163, 158)
(222, 169, 162)
(219, 170, 161)
(228, 179, 167)
(230, 182, 169)
(228, 181, 170)
(227, 183, 169)
(223, 190, 176)
(215, 203, 196)
(238, 246, 248)
(238, 250, 254)
(238, 249, 254)
(239, 250, 254)
(239, 250, 255)
(240, 252, 255)
(237, 249, 253)
(239, 249, 254)
(239, 251, 255)
(238, 252, 255)
(236, 251, 254)
(237, 251, 254)
(238, 249, 254)
(236, 243, 249)
(218, 211, 211)
(150, 127, 120)
(174, 133, 120)
(189, 141, 129)
(194, 147, 137)
(209, 159, 149)
(221, 169, 159)
(224, 177, 168)
(219, 186, 179)
(214, 195, 186)
(207, 200, 194)
(236, 244, 248)
(237, 249, 253)
(242, 252, 255)
(240, 251, 255)
(239, 250, 254)
(239, 250, 254)
(237, 250, 255)
(237, 250, 255)
(235, 250, 254)
(235, 250, 255)
(237, 249, 254)
(237, 248, 254)
(238, 248, 255)
(237, 248, 254)
(236, 249, 255)
(233, 248, 254)
(233, 247, 255)
(235, 247, 255)
(235, 246, 255)
(236, 246, 255)
(235, 245, 254)
(235, 247, 255)
(231, 245, 253)
(233, 246, 254)
(232, 245, 253)
(232, 247, 254)
(232, 246, 254)
(231, 245, 254)
(230, 244, 253)
(228, 241, 250)
(229, 241, 251)
(228, 240, 252)
(228, 240, 252)
(224, 236, 248)
(223, 235, 246)
(212, 223, 232)
(170, 181, 188)
(183, 197, 206)
(189, 203, 214)
(191, 203, 215)
(194, 205, 217)
(168, 183, 198)
(163, 179, 192)
(166, 185, 195)
(165, 185, 193)
(162, 182, 189)
(164, 184, 191)
(166, 186, 193)
(164, 185, 192)
(163, 183, 190)
(166, 186, 193)
(162, 182, 189)
(167, 186, 193)
(169, 188, 195)
(169, 188, 194)
(169, 188, 196)
(173, 189, 198)
(174, 188, 197)
(174, 190, 195)
(175, 191, 196)
(173, 188, 192)
(176, 189, 194)
(174, 193, 198)
(179, 193, 197)
(179, 191, 194)
(177, 190, 195)
(178, 190, 194)
(175, 182, 183)
(160, 160, 155)
(159, 154, 152)
(174, 170, 168)
(174, 177, 176)
(176, 187, 187)
(175, 190, 193)
(179, 191, 196)
(183, 194, 198)
(179, 191, 197)
(182, 193, 201)
(183, 194, 203)
(182, 194, 202)
(181, 194, 202)
(181, 196, 203)
(181, 195, 203)
(185, 194, 205)
(186, 194, 205)
(183, 194, 205)
(183, 195, 206)
(185, 197, 200)
(154, 145, 143)
(154, 122, 117)
(171, 134, 125)
(189, 144, 135)
(197, 146, 139)
(201, 149, 144)
(212, 159, 154)
(222, 167, 162)
(221, 170, 160)
(227, 176, 164)
(229, 178, 166)
(229, 181, 169)
(226, 181, 166)
(221, 187, 173)
(212, 197, 191)
(239, 247, 249)
(238, 250, 254)
(238, 249, 253)
(238, 249, 254)
(239, 250, 254)
(241, 252, 255)
(239, 251, 255)
(240, 250, 254)
(238, 252, 255)
(237, 252, 255)
(238, 252, 255)
(238, 250, 253)
(238, 250, 255)
(236, 248, 254)
(239, 241, 246)
(175, 158, 156)
(169, 131, 121)
(180, 134, 122)
(190, 141, 129)
(205, 151, 142)
(214, 157, 147)
(212, 165, 156)
(213, 184, 176)
(203, 190, 183)
(229, 227, 223)
(238, 249, 254)
(239, 251, 255)
(241, 251, 255)
(239, 250, 254)
(238, 249, 253)
(239, 251, 255)
(237, 250, 255)
(238, 251, 255)
(234, 249, 254)
(234, 249, 254)
(236, 248, 254)
(237, 248, 254)
(238, 248, 255)
(237, 248, 255)
(236, 249, 255)
(232, 248, 255)
(233, 249, 255)
(234, 247, 255)
(235, 246, 255)
(236, 246, 255)
(234, 244, 253)
(235, 246, 255)
(231, 244, 252)
(233, 246, 254)
(234, 247, 255)
(231, 245, 252)
(233, 247, 255)
(232, 246, 255)
(230, 244, 253)
(228, 241, 250)
(228, 241, 250)
(228, 240, 252)
(227, 239, 251)
(222, 234, 246)
(219, 231, 243)
(190, 201, 210)
(180, 190, 197)
(184, 199, 209)
(189, 204, 215)
(189, 202, 214)
(191, 203, 216)
(165, 180, 192)
(167, 184, 196)
(165, 183, 195)
(165, 183, 193)
(165, 184, 191)
(165, 184, 189)
(167, 186, 192)
(169, 188, 194)
(168, 187, 193)
(167, 188, 193)
(164, 185, 189)
(165, 186, 190)
(172, 191, 197)
(171, 189, 195)
(171, 186, 192)
(176, 192, 199)
(172, 188, 195)
(173, 189, 196)
(176, 190, 197)
(180, 192, 198)
(180, 190, 195)
(177, 191, 198)
(176, 189, 195)
(178, 193, 197)
(177, 192, 197)
(176, 192, 197)
(175, 190, 194)
(177, 189, 192)
(178, 186, 190)
(181, 191, 193)
(177, 191, 193)
(180, 195, 199)
(179, 193, 199)
(182, 194, 201)
(184, 194, 201)
(183, 194, 198)
(183, 197, 201)
(179, 194, 198)
(181, 198, 201)
(178, 195, 198)
(183, 196, 201)
(182, 195, 201)
(183, 196, 202)
(185, 197, 201)
(185, 197, 204)
(186, 194, 205)
(181, 190, 196)
(173, 167, 167)
(155, 128, 122)
(172, 133, 124)
(192, 145, 136)
(196, 143, 136)
(199, 143, 136)
(208, 158, 146)
(220, 173, 163)
(221, 178, 168)
(225, 182, 169)
(224, 175, 165)
(227, 176, 166)
(226, 179, 164)
(223, 186, 170)
(213, 200, 191)
(239, 247, 250)
(237, 250, 255)
(236, 250, 253)
(237, 252, 255)
(236, 251, 254)
(236, 251, 254)
(236, 251, 254)
(240, 252, 255)
(239, 251, 255)
(239, 251, 255)
(239, 251, 254)
(242, 253, 255)
(239, 251, 255)
(238, 250, 255)
(238, 244, 251)
(230, 226, 227)
(158, 135, 130)
(168, 131, 120)
(175, 128, 117)
(190, 140, 129)
(193, 146, 136)
(194, 165, 157)
(193, 182, 175)
(234, 238, 235)
(235, 243, 246)
(240, 250, 255)
(239, 249, 255)
(238, 249, 253)
(239, 250, 254)
(238, 249, 254)
(238, 250, 255)
(238, 250, 255)
(236, 249, 255)
(235, 250, 255)
(234, 248, 254)
(235, 248, 254)
(236, 248, 254)
(236, 248, 255)
(233, 247, 255)
(234, 248, 255)
(231, 247, 254)
(233, 249, 255)
(229, 244, 251)
(232, 246, 254)
(231, 244, 252)
(231, 244, 252)
(231, 245, 253)
(229, 245, 252)
(235, 248, 255)
(235, 246, 255)
(236, 246, 255)
(233, 244, 253)
(231, 243, 253)
(225, 240, 250)
(223, 240, 251)
(227, 244, 254)
(222, 237, 248)
(226, 240, 250)
(220, 232, 242)
(214, 225, 234)
(168, 180, 188)
(181, 194, 201)
(186, 201, 214)
(188, 204, 217)
(191, 207, 219)
(189, 206, 216)
(165, 182, 188)
(167, 184, 191)
(164, 182, 191)
(164, 183, 191)
(168, 187, 193)
(165, 184, 190)
(166, 185, 191)
(169, 187, 193)
(167, 185, 191)
(169, 188, 193)
(169, 189, 192)
(168, 187, 191)
(172, 190, 195)
(173, 190, 197)
(174, 189, 194)
(174, 190, 197)
(173, 190, 197)
(172, 189, 196)
(177, 192, 198)
(177, 190, 195)
(179, 190, 194)
(176, 191, 195)
(177, 192, 196)
(179, 193, 196)
(180, 194, 197)
(178, 192, 195)
(180, 192, 198)
(180, 192, 198)
(175, 192, 194)
(177, 195, 197)
(174, 192, 194)
(178, 196, 199)
(178, 196, 200)
(178, 195, 202)
(180, 196, 202)
(184, 195, 199)
(180, 195, 198)
(181, 197, 200)
(181, 198, 200)
(180, 195, 198)
(184, 196, 200)
(184, 196, 202)
(185, 195, 203)
(185, 197, 201)
(184, 197, 204)
(186, 194, 206)
(184, 194, 202)
(193, 192, 193)
(148, 126, 120)
(176, 139, 129)
(188, 143, 132)
(197, 145, 138)
(200, 144, 136)
(208, 161, 146)
(223, 179, 168)
(226, 185, 175)
(228, 187, 175)
(231, 182, 173)
(224, 173, 164)
(225, 179, 164)
(223, 188, 172)
(211, 202, 194)
(239, 248, 252)
(236, 249, 254)
(237, 251, 254)
(239, 253, 255)
(235, 250, 253)
(237, 251, 254)
(238, 252, 255)
(240, 251, 255)
(240, 251, 255)
(243, 254, 255)
(241, 252, 255)
(240, 251, 255)
(241, 252, 255)
(240, 251, 255)
(243, 252, 255)
(241, 245, 248)
(213, 205, 204)
(159, 140, 133)
(162, 137, 127)
(170, 144, 135)
(175, 154, 147)
(175, 168, 163)
(237, 240, 237)
(241, 252, 253)
(241, 252, 255)
(240, 250, 255)
(233, 250, 252)
(234, 252, 254)
(238, 250, 254)
(238, 249, 254)
(240, 251, 255)
(238, 250, 255)
(236, 249, 255)
(236, 250, 255)
(235, 249, 254)
(236, 249, 255)
(236, 249, 255)
(235, 248, 255)
(232, 247, 254)
(233, 248, 255)
(232, 248, 255)
(231, 247, 255)
(231, 247, 255)
(231, 245, 254)
(232, 246, 255)
(231, 245, 254)
(232, 246, 255)
(230, 246, 254)
(231, 248, 255)
(231, 246, 254)
(236, 245, 255)
(236, 243, 254)
(235, 243, 254)
(227, 242, 252)
(223, 241, 252)
(223, 241, 252)
(222, 237, 248)
(225, 238, 247)
(221, 232, 241)
(195, 205, 214)
(179, 192, 200)
(183, 196, 204)
(190, 204, 216)
(190, 205, 217)
(190, 205, 216)
(189, 206, 215)
(158, 176, 178)
(160, 178, 181)
(168, 187, 193)
(165, 184, 191)
(167, 186, 192)
(166, 185, 191)
(169, 188, 195)
(168, 183, 190)
(169, 184, 190)
(170, 187, 192)
(170, 187, 191)
(171, 189, 194)
(171, 188, 195)
(173, 189, 196)
(173, 190, 195)
(173, 189, 195)
(175, 191, 198)
(173, 189, 196)
(177, 192, 197)
(175, 191, 193)
(176, 191, 194)
(175, 192, 193)
(179, 195, 197)
(179, 193, 196)
(181, 194, 198)
(180, 192, 196)
(182, 192, 197)
(181, 192, 197)
(176, 192, 195)
(178, 194, 196)
(178, 195, 197)
(180, 196, 199)
(178, 195, 199)
(178, 195, 201)
(179, 196, 202)
(183, 196, 200)
(181, 195, 200)
(181, 195, 200)
(182, 197, 200)
(181, 195, 199)
(183, 196, 201)
(184, 196, 203)
(184, 195, 204)
(186, 197, 204)
(184, 197, 205)
(185, 195, 207)
(186, 200, 207)
(191, 194, 195)
(152, 134, 128)
(174, 139, 127)
(189, 146, 135)
(199, 149, 141)
(201, 148, 138)
(207, 161, 145)
(222, 177, 166)
(227, 186, 176)
(231, 191, 179)
(235, 187, 177)
(228, 179, 170)
(226, 181, 166)
(225, 192, 178)
(213, 209, 202)
(241, 250, 254)
(237, 249, 254)
(237, 251, 254)
(238, 252, 255)
(237, 252, 255)
(237, 251, 254)
(238, 252, 255)
(240, 252, 255)
(241, 252, 255)
(242, 253, 254)
(241, 252, 254)
(238, 249, 253)
(240, 251, 254)
(239, 251, 255)
(238, 249, 254)
(241, 250, 254)
(237, 240, 242)
(205, 201, 200)
(178, 172, 168)
(175, 169, 166)
(197, 196, 194)
(229, 235, 235)
(237, 248, 250)
(237, 250, 254)
(239, 251, 255)
(238, 250, 255)
(233, 251, 253)
(232, 252, 253)
(237, 250, 255)
(238, 250, 255)
(240, 251, 255)
(238, 249, 255)
(237, 249, 255)
(236, 249, 255)
(236, 250, 255)
(236, 249, 255)
(235, 248, 254)
(233, 246, 253)
(232, 247, 254)
(233, 248, 255)
(231, 246, 253)
(232, 248, 255)
(230, 245, 254)
(233, 247, 255)
(232, 246, 255)
(232, 246, 254)
(232, 246, 255)
(230, 243, 253)
(229, 248, 254)
(227, 245, 253)
(233, 246, 255)
(236, 243, 254)
(234, 243, 253)
(230, 242, 254)
(225, 241, 252)
(223, 239, 249)
(224, 237, 247)
(223, 235, 244)
(215, 225, 234)
(174, 186, 194)
(180, 193, 201)
(184, 198, 206)
(189, 203, 214)
(192, 206, 216)
(192, 207, 216)
(192, 207, 216)
(164, 181, 182)
(158, 176, 178)
(166, 185, 190)
(163, 182, 188)
(167, 186, 191)
(166, 185, 191)
(169, 188, 195)
(170, 185, 191)
(173, 187, 192)
(173, 188, 193)
(171, 187, 192)
(173, 190, 196)
(172, 189, 196)
(173, 189, 197)
(172, 190, 195)
(174, 190, 195)
(176, 191, 197)
(174, 189, 195)
(175, 191, 196)
(171, 189, 191)
(175, 193, 195)
(173, 191, 191)
(178, 195, 195)
(179, 194, 195)
(182, 194, 198)
(182, 193, 197)
(183, 193, 197)
(182, 191, 196)
(177, 192, 195)
(181, 192, 196)
(182, 194, 198)
(183, 195, 199)
(180, 194, 199)
(181, 196, 201)
(181, 197, 203)
(182, 197, 202)
(181, 195, 200)
(182, 195, 201)
(184, 197, 203)
(182, 195, 201)
(182, 196, 200)
(182, 195, 201)
(184, 195, 204)
(187, 197, 204)
(184, 197, 205)
(185, 197, 207)
(182, 198, 204)
(188, 195, 197)
(156, 139, 134)
(169, 135, 123)
(192, 150, 136)
(201, 152, 141)
(207, 154, 143)
(209, 163, 147)
(218, 174, 161)
(224, 183, 171)
(231, 192, 179)
(236, 190, 179)
(230, 180, 172)
(230, 185, 171)
(225, 193, 180)
(219, 217, 211)
(240, 249, 253)
(238, 249, 254)
(239, 251, 255)
(239, 252, 255)
(239, 251, 255)
(239, 253, 255)
(239, 253, 255)
(240, 251, 254)
(241, 252, 254)
(240, 252, 254)
(240, 252, 254)
(239, 251, 255)
(239, 250, 254)
(239, 250, 255)
(238, 252, 254)
(234, 248, 253)
(236, 247, 252)
(238, 244, 249)
(232, 238, 241)
(235, 241, 243)
(239, 247, 251)
(239, 249, 255)
(238, 252, 255)
(235, 250, 255)
(240, 252, 255)
(237, 249, 255)
(233, 249, 252)
(232, 249, 253)
(237, 250, 255)
(238, 250, 255)
(238, 250, 255)
(236, 247, 253)
(237, 248, 255)
(237, 249, 255)
(236, 249, 254)
(236, 248, 255)
(235, 248, 254)
(234, 249, 255)
(232, 248, 255)
(233, 248, 255)
(230, 244, 252)
(231, 247, 254)
(231, 247, 255)
(231, 245, 254)
(232, 246, 255)
(232, 245, 254)
(232, 245, 254)
(230, 244, 253)
(230, 246, 255)
(228, 246, 253)
(231, 246, 254)
(232, 244, 254)
(232, 243, 253)
(231, 242, 253)
(228, 240, 252)
(224, 238, 248)
(225, 238, 247)
(220, 232, 240)
(209, 219, 228)
(167, 179, 187)
(185, 199, 206)
(186, 200, 208)
(191, 205, 214)
(192, 206, 215)
(193, 207, 216)
(192, 206, 216)
(164, 179, 183)
(162, 178, 183)
(164, 181, 188)
(164, 183, 189)
(166, 185, 189)
(166, 185, 190)
(171, 190, 196)
(174, 189, 193)
(172, 187, 191)
(169, 185, 190)
(172, 188, 193)
(170, 188, 193)
(170, 187, 195)
(173, 190, 198)
(171, 190, 194)
(173, 191, 195)
(174, 189, 194)
(173, 188, 193)
(175, 191, 195)
(173, 192, 194)
(171, 192, 192)
(173, 190, 191)
(177, 194, 195)
(178, 193, 195)
(180, 194, 197)
(181, 195, 198)
(182, 195, 199)
(181, 195, 198)
(175, 190, 193)
(181, 193, 197)
(183, 193, 197)
(183, 192, 197)
(183, 195, 200)
(182, 197, 202)
(179, 196, 200)
(178, 196, 200)
(183, 199, 204)
(181, 194, 200)
(182, 195, 201)
(181, 196, 200)
(180, 197, 199)
(180, 197, 201)
(181, 195, 201)
(184, 197, 202)
(186, 199, 205)
(184, 198, 206)
(181, 199, 203)
(188, 195, 198)
(160, 140, 138)
(172, 134, 123)
(191, 148, 133)
(201, 151, 140)
(210, 156, 145)
(211, 166, 150)
(211, 167, 154)
(224, 185, 171)
(224, 188, 171)
(232, 188, 174)
(236, 185, 174)
(232, 184, 170)
(226, 192, 179)
(223, 221, 215)
(238, 247, 252)
(238, 249, 254)
(239, 250, 254)
(239, 250, 254)
(240, 251, 255)
(239, 252, 255)
(238, 252, 255)
(240, 251, 254)
(238, 249, 252)
(238, 250, 253)
(236, 250, 253)
(240, 252, 255)
(236, 247, 253)
(236, 247, 254)
(232, 247, 250)
(234, 249, 254)
(234, 248, 255)
(239, 250, 255)
(239, 246, 254)
(238, 245, 253)
(238, 246, 255)
(242, 250, 255)
(237, 249, 255)
(232, 247, 252)
(233, 246, 251)
(237, 249, 255)
(238, 248, 255)
(236, 248, 254)
(237, 250, 255)
(234, 247, 253)
(237, 249, 255)
(235, 247, 253)
(237, 249, 255)
(237, 248, 254)
(236, 248, 254)
(234, 247, 253)
(233, 246, 253)
(232, 247, 254)
(231, 246, 253)
(232, 246, 254)
(233, 246, 254)
(232, 247, 253)
(227, 243, 249)
(231, 246, 252)
(230, 243, 250)
(231, 244, 251)
(231, 244, 251)
(229, 242, 249)
(230, 241, 251)
(232, 245, 254)
(228, 244, 252)
(225, 244, 251)
(226, 243, 251)
(227, 240, 249)
(228, 238, 248)
(227, 238, 248)
(221, 232, 241)
(220, 230, 239)
(184, 195, 203)
(178, 190, 198)
(184, 197, 205)
(190, 204, 212)
(188, 203, 212)
(189, 204, 213)
(192, 207, 217)
(192, 207, 218)
(164, 178, 187)
(164, 178, 188)
(165, 181, 191)
(158, 175, 182)
(163, 182, 185)
(163, 183, 184)
(164, 183, 188)
(167, 185, 188)
(169, 187, 189)
(171, 189, 191)
(164, 182, 185)
(170, 188, 193)
(168, 187, 192)
(167, 186, 191)
(166, 185, 189)
(173, 190, 194)
(176, 191, 195)
(173, 187, 191)
(170, 185, 188)
(173, 191, 193)
(170, 190, 190)
(173, 188, 191)
(175, 190, 194)
(177, 192, 197)
(177, 193, 198)
(169, 186, 190)
(172, 190, 194)
(171, 189, 192)
(172, 190, 192)
(180, 196, 199)
(179, 193, 196)
(181, 194, 198)
(177, 191, 194)
(178, 196, 200)
(177, 196, 200)
(175, 193, 197)
(177, 192, 197)
(183, 196, 202)
(179, 193, 196)
(178, 193, 196)
(178, 196, 198)
(176, 196, 197)
(181, 196, 199)
(181, 196, 199)
(184, 197, 201)
(185, 196, 201)
(178, 195, 196)
(189, 195, 198)
(169, 145, 146)
(174, 132, 123)
(191, 145, 130)
(202, 151, 139)
(211, 155, 146)
(210, 162, 147)
(213, 165, 153)
(217, 175, 160)
(225, 187, 168)
(234, 188, 172)
(239, 184, 172)
(238, 184, 170)
(229, 189, 177)
(225, 219, 213)
(238, 247, 252)
(236, 247, 253)
(236, 247, 251)
(236, 247, 251)
(238, 249, 253)
(238, 250, 254)
(236, 250, 253)
(238, 249, 254)
(235, 247, 252)
(234, 246, 251)
(236, 249, 254)
(236, 248, 255)
(234, 245, 254)
(232, 242, 250)
(232, 246, 248)
(232, 247, 252)
(232, 246, 254)
(234, 247, 254)
(234, 245, 250)
(237, 248, 252)
(234, 246, 250)
(232, 244, 251)
(230, 243, 248)
(235, 248, 252)
(234, 246, 250)
(235, 247, 252)
(234, 247, 255)
(234, 247, 255)
(234, 247, 254)
(232, 245, 251)
(237, 250, 255)
(234, 247, 253)
(234, 247, 253)
(232, 244, 250)
(231, 243, 249)
(232, 245, 252)
(229, 243, 251)
(229, 244, 251)
(228, 243, 250)
(229, 242, 250)
(230, 241, 250)
(227, 240, 246)
(227, 242, 246)
(226, 241, 245)
(228, 241, 246)
(226, 239, 244)
(228, 241, 246)
(227, 240, 245)
(229, 239, 247)
(229, 240, 248)
(224, 239, 246)
(223, 239, 246)
(223, 239, 247)
(223, 238, 246)
(222, 235, 242)
(221, 232, 240)
(217, 228, 237)
(209, 221, 228)
(172, 184, 190)
(183, 196, 204)
(188, 201, 209)
(190, 204, 212)
(186, 203, 211)
(188, 205, 214)
(191, 208, 218)
(193, 208, 220)
(153, 167, 176)
(153, 167, 176)
(152, 167, 176)
(156, 173, 178)
(154, 172, 175)
(154, 173, 175)
(151, 169, 172)
(152, 170, 173)
(153, 172, 174)
(155, 173, 175)
(155, 172, 175)
(152, 170, 173)
(153, 171, 175)
(154, 173, 176)
(153, 171, 175)
(156, 173, 177)
(160, 175, 178)
(157, 171, 174)
(156, 171, 173)
(153, 170, 170)
(156, 174, 174)
(163, 177, 180)
(162, 175, 181)
(159, 174, 179)
(158, 174, 180)
(156, 173, 177)
(157, 175, 178)
(161, 179, 181)
(162, 177, 178)
(165, 177, 180)
(166, 178, 180)
(166, 177, 181)
(169, 180, 184)
(165, 178, 183)
(167, 181, 187)
(165, 179, 184)
(169, 181, 187)
(164, 177, 181)
(168, 181, 184)
(167, 182, 185)
(163, 181, 182)
(162, 181, 181)
(166, 181, 182)
(168, 182, 183)
(170, 181, 184)
(170, 179, 182)
(167, 181, 183)
(172, 177, 180)
(167, 144, 146)
(172, 131, 123)
(190, 144, 129)
(201, 150, 137)
(215, 157, 148)
(214, 162, 149)
(214, 161, 150)
(215, 169, 155)
(223, 182, 163)
(234, 184, 168)
(240, 180, 168)
(239, 180, 166)
(226, 183, 172)
(216, 209, 203)
(220, 229, 234)
(219, 230, 236)
(221, 230, 235)
(223, 232, 237)
(219, 230, 234)
(217, 231, 234)
(215, 228, 232)
(217, 228, 234)
(218, 230, 235)
(215, 228, 233)
(218, 231, 237)
(217, 231, 238)
(218, 229, 237)
(219, 229, 236)
(219, 230, 233)
(216, 230, 234)
(213, 228, 234)
(215, 230, 234)
(215, 231, 232)
(215, 232, 233)
(212, 230, 230)
(211, 230, 232)
(214, 230, 232)
(220, 232, 235)
(215, 227, 231)
(216, 231, 235)
(214, 232, 238)
(213, 231, 238)
(218, 231, 239)
(217, 230, 236)
(218, 233, 237)
(215, 230, 233)
(216, 229, 235)
(217, 231, 236)
(217, 230, 237)
(216, 229, 237)
(215, 229, 237)
(216, 231, 238)
(214, 228, 236)
(216, 229, 237)
(216, 226, 235)
(215, 227, 233)
(213, 228, 231)
(212, 226, 229)
(214, 228, 231)
(213, 227, 230)
(213, 227, 230)
(213, 228, 231)
(211, 225, 230)
(213, 226, 232)
(214, 225, 233)
(217, 226, 235)
(213, 224, 232)
(207, 220, 227)
(207, 223, 228)
(206, 218, 226)
(196, 207, 215)
(171, 184, 190)
(170, 183, 189)
(186, 199, 207)
(190, 203, 212)
(191, 204, 213)
(187, 204, 212)
(190, 207, 215)
(191, 206, 217)
(194, 208, 221)
(120, 133, 140)
(124, 140, 145)
(127, 142, 148)
(119, 137, 139)
(127, 145, 146)
(126, 144, 145)
(121, 139, 142)
(125, 144, 146)
(127, 146, 148)
(134, 152, 154)
(130, 147, 149)
(130, 146, 149)
(131, 148, 150)
(137, 155, 157)
(133, 149, 153)
(133, 149, 152)
(138, 153, 156)
(138, 152, 154)
(137, 151, 151)
(135, 149, 149)
(139, 153, 155)
(141, 155, 159)
(146, 160, 163)
(141, 154, 160)
(141, 155, 160)
(143, 158, 162)
(138, 155, 156)
(144, 159, 161)
(146, 154, 158)
(151, 159, 162)
(152, 160, 163)
(149, 157, 161)
(156, 163, 169)
(151, 157, 164)
(158, 165, 173)
(155, 163, 170)
(156, 165, 171)
(155, 165, 170)
(157, 169, 172)
(157, 171, 173)
(151, 166, 168)
(153, 169, 170)
(153, 165, 167)
(155, 166, 168)
(157, 165, 169)
(159, 166, 169)
(154, 168, 169)
(162, 168, 172)
(161, 141, 143)
(166, 127, 119)
(183, 139, 122)
(199, 148, 136)
(211, 152, 145)
(213, 156, 146)
(214, 155, 146)
(216, 162, 152)
(225, 176, 161)
(234, 177, 163)
(242, 177, 166)
(238, 175, 163)
(225, 180, 169)
(204, 197, 193)
(199, 210, 213)
(199, 210, 216)
(200, 209, 214)
(203, 212, 217)
(200, 210, 214)
(199, 211, 215)
(194, 208, 211)
(197, 209, 214)
(197, 209, 214)
(198, 211, 216)
(200, 214, 218)
(197, 210, 215)
(200, 212, 218)
(199, 210, 216)
(199, 211, 214)
(194, 208, 212)
(197, 212, 217)
(194, 208, 213)
(197, 212, 214)
(196, 213, 215)
(190, 210, 211)
(190, 212, 212)
(195, 213, 214)
(200, 214, 217)
(195, 208, 212)
(197, 212, 217)
(197, 213, 220)
(194, 209, 217)
(201, 214, 223)
(197, 212, 217)
(198, 213, 217)
(194, 209, 212)
(193, 208, 213)
(196, 211, 216)
(196, 210, 218)
(197, 210, 217)
(193, 207, 215)
(196, 211, 218)
(192, 206, 214)
(197, 209, 217)
(194, 203, 212)
(196, 208, 214)
(190, 204, 207)
(192, 206, 209)
(195, 209, 212)
(188, 202, 205)
(191, 206, 209)
(186, 202, 205)
(185, 202, 204)
(187, 202, 206)
(193, 204, 211)
(193, 200, 210)
(193, 201, 210)
(191, 202, 209)
(184, 198, 203)
(173, 186, 193)
(158, 171, 178)
(126, 139, 145)
(174, 187, 195)
(188, 201, 209)
(190, 203, 212)
(192, 205, 214)
(190, 206, 213)
(191, 206, 214)
(194, 207, 217)
(195, 207, 220)
(137, 151, 152)
(128, 142, 144)
(134, 150, 152)
(126, 144, 144)
(128, 147, 145)
(129, 147, 148)
(127, 145, 149)
(133, 152, 155)
(129, 149, 150)
(136, 153, 155)
(139, 154, 156)
(138, 152, 154)
(137, 153, 154)
(138, 155, 157)
(141, 156, 160)
(143, 157, 160)
(144, 158, 161)
(139, 153, 154)
(143, 156, 157)
(146, 158, 160)
(145, 156, 158)
(140, 155, 157)
(143, 158, 161)
(141, 155, 158)
(146, 158, 162)
(147, 159, 162)
(145, 156, 157)
(145, 157, 156)
(145, 157, 159)
(148, 160, 162)
(145, 157, 159)
(150, 162, 164)
(150, 161, 165)
(147, 156, 161)
(154, 160, 167)
(157, 160, 167)
(156, 162, 168)
(153, 160, 166)
(155, 165, 168)
(153, 164, 166)
(155, 167, 169)
(154, 166, 168)
(155, 162, 166)
(154, 160, 166)
(156, 162, 168)
(161, 168, 171)
(155, 170, 172)
(161, 168, 174)
(159, 143, 146)
(160, 129, 119)
(173, 134, 115)
(196, 147, 133)
(210, 149, 143)
(211, 150, 142)
(218, 151, 145)
(217, 155, 149)
(221, 166, 155)
(233, 170, 161)
(240, 170, 162)
(237, 171, 161)
(222, 177, 168)
(198, 193, 190)
(196, 207, 211)
(193, 204, 210)
(192, 203, 207)
(197, 206, 211)
(191, 201, 205)
(192, 205, 209)
(188, 201, 205)
(190, 202, 206)
(191, 203, 207)
(194, 208, 211)
(190, 204, 206)
(186, 200, 202)
(193, 205, 208)
(191, 203, 207)
(195, 210, 212)
(189, 204, 207)
(192, 206, 209)
(194, 205, 209)
(194, 203, 208)
(195, 206, 212)
(186, 201, 207)
(190, 207, 209)
(188, 204, 207)
(192, 208, 212)
(189, 205, 209)
(190, 204, 209)
(197, 204, 212)
(196, 202, 211)
(198, 209, 219)
(188, 203, 208)
(195, 212, 214)
(185, 202, 205)
(195, 212, 216)
(192, 208, 213)
(191, 205, 213)
(193, 206, 214)
(187, 201, 209)
(190, 205, 212)
(189, 203, 211)
(195, 208, 216)
(193, 202, 211)
(197, 209, 215)
(188, 201, 206)
(190, 203, 208)
(191, 204, 209)
(183, 198, 202)
(188, 203, 207)
(186, 203, 206)
(191, 208, 210)
(182, 197, 201)
(187, 199, 205)
(190, 200, 207)
(190, 197, 205)
(188, 194, 202)
(172, 180, 185)
(173, 185, 192)
(138, 151, 159)
(114, 128, 135)
(166, 180, 188)
(188, 201, 210)
(192, 205, 214)
(193, 206, 215)
(192, 207, 212)
(191, 204, 211)
(197, 208, 217)
(198, 209, 220)
